Workbook

Sheet 座位表
B1: 讲台 | E1: 屏幕
A4: 第一排 | B4: 1 | C4: 2 | D4: 3 | E4: 4 | G4: 5 | H4: 6
C5: 金智宸 | D5: 陈一实 | E5: 何奇阳 | G5: 祁靖轩
A7: 第二排 | B7: 7 | C7: 8 | D7: 9 | E7: 10 | G7: 11 | H7: 12
B8: 张允泽 | C8: 张岳琳 | D8: 刘孟霖 | E8: 杜星澎 | G8: 熊子轩 | H8: 张梓涵
B10: 13 | C10: 14 | D10: 15 | E10: 16 | G10: 17 | H10: 18
B11: 邓宇然 | C11: 吴奕淳 | D11: 练皓文 | E11: 郭维皓 | G11: 张世昌 | H11: 余廷锴

Sheet 名单
A1: 姓名 | B1: ACGO名称 | C1: 备注
A2: 吴奕淳
A3: 刘孟霖 | B3: 13710027021
A4: 张岳琳 | B4: 13533822630
A5: 张允泽 | B5: 13922270909
A6: 邓宇然 | B6: 17328656876
A7: 杜星澎 | B7: 18818808705
A8: 何奇阳 | B8: 13543432703
A9: 郭维皓 | B9: 15920102120
A10: 练皓文 | B10: 13763344727
A11: 欧阳陈果 | B11: 13450361549
A12: 陈一实 | B12: 13760684651
A13: 金智宸 | B13: 13570963605
A14: 祁靖轩 | B14: 13928739882
A15: 张梓涵 | B15: 15820252602
A16: 熊子轩
A17: 张世昌
A18: 余廷锴
A19: 林君昊

Sheet day1
A1: 课程内容 | B1: 姓名 | C1: 课堂积极性 | D1: 代码能力 | E1: 理解能力 | F1: 综合评价 | G1: 总结 | H1: 反思 | I1: 计划 | J1: 反馈结果 | K1: 总评 | L1: 课堂积极性 | M1: 理解能力 | N1: 代码能力
A2: 今天主要复习提高组的算法模板，首先讲解了各种模板的基础功能，然后重点介绍了各种模板在实际问题中的使用技巧。 | B2: 陈一实 | C2: A- | D2: A | E2: A | F2: A | G2: 最优解问题、图上和树上相关问题、动态规划。 | H2: 数组开的太大没有发现，多写了一个0，结果导致这个题0分了。有个题审题不仔细，丢掉了十分。 | I2: 找状态压缩DP的题目训练,以及一些图论上的相关知识点的题目，还有一些烧脑的知识点。 | J2: 今天我们主要复习了提高组的算法模板，首先讲解了各种模板的基本功能，然后重点介绍了如何在实际问题中应用这些模板。 陈一实同学能够深入理解各类算法模板的功能，并且在课堂上能够灵活选择和组合，思路清晰，条理分明，能够根据不同题型提出合适的算法策略。在测试中，他能迅速将常用模板应用到具体题目中，编写代码时能根据问题的特点判断并调用最合适的算法，表现出对算法模板的扎实理解。在代码方面，陈一实同学在剩余题目中能够做对自己熟悉的题，并且对于一些不会的题，也能针对部分分数写出代码。不过在做一些思维题时，还需要更多的思考，深入理解题意后再开始编写代码。继续加油！ | K2: =IF(D2="A",1,0)*30+IF(D2="B",1,0)*20+IF(D2="C",1,0)*10+IF(E2="A",1,0)*30+IF(E2="B",1,0)*20+IF(E2="C",1,0)*10+IF(F2="A",1,0)*30+IF(F2="B",1,0)*20+IF(F2="C",1,0)*10 -> 90 | L2: 【xx】同学能够深入理解各类算法模板的基础功能，并在课堂中中灵活选用和组合，思路清晰，条理分明，能够针对不同题型提出不同的算法策略。 | M2: 在剩下的题目里，【xx】能把自己会做的题做对，并且对于一些不会做的题，【xx】也能针对部分分去写代码，不过在做一些思维题的时候，孩子需要多些思考，对于题目往深处想一想，再开始编写代码，继续加油。 | N2: 【xx】能将提高组常用模板迅速套用到具体题目中，编写代码时能够根据问题特点判断并调用最合适的算法，说明对于算法模板的理解非常到位。
B3: 何奇阳 | C3: A- | D3: B+ | E3: A | F3: A- | G3: 复习了dp,树的直径，以及一系列图论树论知识点。尤其是加深了dp算法的思考范式。关于字符串哈希，我原本几乎忘了，现在重新学习了一遍。并且深刻了解了其运用。另外我还了解到map是一个多么好用的数据结构。复习了状态压缩dp | H3: 考试时间安排不好。死磕线段树实在太伤，完事后也就没几分钟了，后面需要思维的题目因此没有机会完成。 | I3: 树状数组和st表,lca算法需要进行深化，避免线段树单一路径依赖。树上问题的一些模版需要继续熟练一下、 | J3: 今天我们主要复习了提高组的算法模板，首先讲解了各类模板的基本功能，然后重点介绍了它们在实际问题中的应用技巧。 何奇阳同学对各类算法模板的基础功能理解到位，并且在课堂上能灵活选用和组合，思路清晰，条理分明，能够根据不同题型提出相应的算法策略。在测试中，何奇阳大部分题目都能找到合适的算法，并能够运用常见模板解决问题。不过，在一些较为困难的题目中，仍有一些小问题需要注意。 在代码方面，何奇阳能顺利完成自己熟悉的题目，并且对于一些不会做的题，能够争取部分分数，通过编写代码去解决。不过，在做思维性较强的题目时，还需要更多的思考。建议在理解题意后，多从不同角度深入思考，再开始写代码。继续加油，相信会越来越好！ | L3: 【xx】同学对算法模板的基本功能掌握扎实，但在实际应用时偶有纰漏，后续会督促多加练习，强化模板选择与使用的小技巧。 | M3: 【xx】同学已经掌握了ST表的核心概念，能够独立完成稀疏表的构建和最小/最大值查询。但是在具体题目中的运用还存在一些模糊的地方，后续我们还会进行专项练习 | N3: 【xx】在大部分题目上都能找到相对应的算法，能够采用常见模板来解决问题。但是在一些比较困难的问题中有些纰漏。
B4: 祁靖轩 | C4: B+ | D4: A | E4: A- | F4: A- | G4: 以子问题的形式展开复习了提高组的算法及对应模板,并进行了模拟赛练习,初步学习了状压DP和哈希,并进一步学习了如何求子串的哈希值 | H4: 考试时因为一个小细节没写对而导致整题出错(T10存负数下标忘记使用map) | I4: 多学习一下状压DP，练习一下相关的题目。 | J4: 今天我们复习了提高组的算法模板，首先讲解了各种模板的基本功能，然后重点分享了它们在实际问题中的应用技巧。 祁靖轩同学对算法模板的基础功能掌握得比较扎实，但在实际应用时偶尔出现一些小失误。后续我会鼓励他多加练习，进一步巩固模板选择和使用的小技巧。 在测试中，祁靖轩能够迅速将常用模板应用到具体题目中，编写代码时也能根据问题的特点准确判断并调用最合适的算法，展现了对算法模板的较好理解。 在代码方面，祁靖轩能在剩下的题目中做对自己熟悉的部分，并且在一些不熟悉的题目上也能尽力争取部分分数，表现不错。对于一些思维性较强的题目，建议他多花点时间思考，深入理解题意后再动手写代码。继续保持，加油！ | L4: 在剩下的题目里，【xx】能针对部分分去写代码，不过在做一些思维题的时候，孩子需要多些思考，对于题目往深处想一想，再开始编写代码，继续加油。 | M4: 在剩下的题目里，【xx】能把自己会做的题做对，并且对于一些不会做的题，煜涵也能针对部分分去写代码，不过在做一些思维题的时候，孩子需要多些思考，对于题目往深处想一想，再开始编写代码，继续加油。 | N4: 【xx】对于题目类型的建模能力以及提高组基础模板的掌握程度还有所欠缺，经常会在题目的思路构建阶段卡住，后续将会通过不断地练习来提升建模能力。
B5: 张允泽 | C5: A- | D5: A- | E5: A | F5: A- | G5: 今天复习了x04学习的提高组算法，如dp，图论，数论等算法，学习了状态压缩DP，以及学习了一些在复赛中的解题技巧。 | H5: 今天在oi赛制的测试中，没有考虑2^1000超出了长整型的范围，使用了“前缀乘”，导致long long类型数据溢出，第8题数据范围超限只拿到了20分。 | I5: 继续了解状压dp,学习其原理以及运用，在以后的学习中灵活使用该算法 | J5: 今天我们复习了提高组的算法模板，首先讲解了各种模板的基本功能，然后重点介绍了它们在实际问题中的应用技巧。 张允泽同学对算法模板的基础功能掌握得很好，并且在课堂上能够灵活选用和组合，思路清晰，条理分明，能够根据不同题型提出有效的算法策略。 在测试中，张允泽能够快速将提高组常用的模板应用到具体题目中，编写代码时能根据问题特点选择并调用最合适的算法，表现出对算法模板的深入理解。 在代码方面，张允泽能够顺利解决自己擅长的题目，对于一些不熟悉的题目，也能争取部分分数，通过写代码尝试解决。对于一些较为复杂的思维题，建议他多思考，进一步挖掘题目的深层次含义，再着手编写代码。继续努力，相信会有更大进步！
B6: 张岳琳 | C6: A- | D6: B+ | E6: A | F6: A- | G6: 今天学到了状压dp，回忆起了树的重心、哈希、多组询问、最优解问题、图的问题、树的问题 | H6: 模拟题第1题忘写数组名导致没过样例，第3题没开long long导致没过样例 | I6: 多练习哈希、树的问题，多练习状压dp的题目 | J6: 今天我们主要复习了提高组的算法模板，首先介绍了各种模板的基本功能，并着重讲解了如何在实际问题中灵活运用这些模板的技巧。 张岳琳同学对各类算法模板的基本功能理解很好，能够在课堂上灵活运用并有效组合，思路清晰且条理性强，能够根据不同题型提出合适的算法策略。 在今天的测试中，张岳琳能在大部分题目中找到适用的算法，并顺利应用常见模板解决问题。然而，由于今天的测试采用了OI赛制，之前没有经过相关的训练，这导致在一些较难题目的处理上，张岳琳在代码细节上出现了一些问题，错失了不少分数。 在代码方面，张岳琳能准确完成自己熟悉的题目，对于不太擅长的题目，也会尽力尝试写出部分正确的代码，争取部分分数。对于思维类题目，建议张岳琳在今后的训练中多加练习，特别是细节处理和优化方面，增强应对赛制题目的能力。继续努力，相信随着更多的训练，成绩会越来越好！
B7: 刘孟霖 | C7: B+ | D7: A- | E7: A | F7: A- | G7: 今天复习了 前缀和，ST表，树状数组，逆序对(计数数组)，二分答案，贪心，dfs枚举，动态规划，最短路，并查集，最小生成树，树的直径，树的重心，树上差分等算法 | H7: 在做“快来数一数”的时候把2e5开成了1e5导致数组RE，导致没有完全通过；在做“数星星”的时候因为算法思路方向错误导致没有完全通过。 | I7: 后续计划：复习树的直径和树的重心算法，多默写几遍ST表模板，多做点树的直径和树的重心知识点相关的题目； | J7: 今天我们主要复习了提高组的算法模板，首先系统地讲解了各类模板的基本功能，并结合实际问题探讨了如何灵活使用这些模板来提高解题效率。 刘孟霖同学对算法模板的理解非常扎实，不仅能够清楚地掌握每个模板的功能，还能在课堂中自如地选择并组合使用，展现出了清晰的思路和条理性。他能够根据不同题型快速分析并提出相应的算法策略，解决问题的思路非常灵活。在测试中，刘孟霖能迅速识别并应用提高组常见的模板来解题，整体表现优秀。 不过，在面对一些较为复杂的题目时，刘孟霖有时处理得不够细致，可能是因为在问题的深入分析上还可以加强一些。他在思考过程中偶尔略显匆忙，建议他在今后的学习中，可以尝试在遇到难题时稍作停顿，仔细推敲每一个细节。 在代码方面，刘孟霖能顺利完成自己熟悉的题目，且在解决不会做的题时，能够有效地争取部分分数，这展现了他良好的思维能力和应变能力。对于一些较为抽象的思维题，建议他加强对题目的整体分析，不仅要关注题目的表面信息，更要深入挖掘题目的深层含义，找到最佳的解法。 总的来说，刘孟霖同学的解题思路和能力都表现得非常好，虽然有些细节还需要打磨，但他的努力和进步是显而易见的。继续加油，相信在未来的学习中，能够取得更加优异的成绩！
B8: 杜星澎 | C8: A- | D8: A- | E8: A | F8: A- | G8: 知识巩固：点权树上查分，状压DP； 新知学习：Floyd判负环，树形（换根）DP求树的重心。 | H8: LCS的DP板子忘记了，当时思路也十分混乱，导致T5 0pts； 倍增LCA的空间开得太大了（题目空间开的太小了，就开了128MB，CSP是256/512MB），同时函数内部lg取值错误，出现了RE+MLE的错误，可能自己当时对倍增的过程还是不够理解，导致T7 0pts； 贪心没有想对，字符串哈希没有想到，结果std是线性模拟，可能是考场上没有想到特殊性质，导致只骗了10pts； T10和T11赛时没有思路，看完题目就跑了，下次还是要先看一下特殊性质，再多骗一点，而不是追求AC。 | I8: 状压DPT1还是挺好想的，但是T2依然没有调出来，其实状压DP的状态设计是很显然的，但总是在位运算时出错，看来菜还是得多练。 | J8: 今天主要复习了提高组的算法模板，先讲解了各类模板的基本功能，再结合实例探讨了它们在不同题型中的应用技巧。杜星澎同学对模板的理解较为深入，在课堂上能够灵活选择与组合使用，思路清晰，条理分明，能针对不同题型提出合适的算法方案。在测试中，他大部分题目都能准确找到匹配的模板并加以应用，代码实现稳健，思路基本正确。 不过在两道较为基础的模板题上，由于 OI 赛制下未及时发现细节问题而出现了小失误，虽然不影响整体解题方向，但提示在赛制环境中还需对细节保持更高的敏感度。整体表现可圈可点，若能在细节检查和赛制适应上再加强，相信成绩会更加稳定。
B9: 熊子轩 | C9: A- | D9: A | E9: A- | F9: A- | G9: 复习提高组算法：如前缀和，st表，树状数组， 最优解问题：二分，贪心，枚举，最短路 找父母问题：树状数组，并查集，最小生成树 图上问题的算法：弗洛伊德；dij，spfa 树上问题：换根dp，树上前缀和与差分 | H9: lca题目中for循环边界值写错了，考试时时一些能通过暴力或特殊样例骗分的没拿到 | I9: 动态规划问题的状态转移方程，多做一些dp题目，练习更加熟练推导状态转移方程 | J9: 今天主要复习了提高组的算法模板，先讲解了各类模板的基础功能，再结合实例分析了它们在实际问题中的运用技巧。熊子轩同学对模板的理解比较到位，在课堂中能灵活选用与组合，思路清晰，条理分明，能够针对不同题型提出恰当的算法方案。在测试中，他能迅速将常用模板应用到具体题目中，代码编写稳健，整体表现积极。 不过在模板题部分，有一道题因细节处理不够严谨而失分较多；而在思维题部分，他采用了多道题的暴力解法，虽然没有完全解出最优解，但也凭借这种策略拿到了可观的分数。若能在细节检查上更加严谨，并在思维题中多尝试优化思路，成绩还有进一步提升的空间。
B10: 张梓涵 | C10: A | D10: B+ | E10: A | F10: A- | G10: 今天复习了几乎整个CSP-S常用的算法以及数据结构，同时打了场OI赛制比赛，学到了一些在OI赛制比赛中的技巧，晚上也学习了如何拿到题目的部分分，也学习了一下状压DP | H10: 在比赛中，我由于总是忘记读题并开合适的数组大小，导致失了200分，同时默模版时写错了一个字符，导致又失了100分，直接掉到了第8。 | I10: 我要在写题时重新认真读一遍题目，认真对待每道题，以后不犯数组开小了导致RE的这种低级错误 | J10: 今天主要复习了提高组的算法模板，先讲解了各类模板的基本功能，再结合实例探讨了它们在不同题型中的应用方法。张梓涵同学思维活跃，上课积极发言，听课认真，对算法模板的理解较为到位，能够在课堂中灵活选用和组合，思路清晰，条理分明，能针对不同题型提出合理的解题思路。在测试中，他在思维题部分表现突出，拿下了不少分数，展现了较强的分析与解决问题能力。 不过，由于对 OI 赛制还不够熟悉，前面多道模板题在实现中出现了错误且未能及时察觉，造成了一定的失分。建议在平时多进行赛制环境下的练习，培养对细节的敏感度和及时检查的习惯，这样在保持思维题优势和课堂积极性的同时，也能在模板题上稳住分数。
B11: 邓宇然 | C11: A- | D11: B | E11: A- | F11: A- | G11: 图上问题（迪杰斯特拉，弗洛伊德，spfa），区间动态规划，状态压缩动态规划，树上问题（树的直径） | H11: 代码数组范围开小了导致RE，拓展题没什么思路，只能写了一些部分分 | I11: 动态规划，要多练习，并且记忆模板 | J11: 今天我们复习了提高组的算法模板，首先讲解了各种模板的基础功能，并重点分享了它们在实际问题中的应用技巧。 邓宇然同学对各类算法模板的基础功能掌握扎实，能够灵活选用和组合，思路清晰、条理分明，能够根据不同题型提出有效的算法策略。在测试中，邓宇然能够在大部分题目中找到合适的算法，并成功运用常见模板解决问题。 然而，由于今天采用了OI赛制，邓宇然没有经过足够的相关训练，导致在一些细节上出现了疏漏，丢失了不少分数，最终排名不如预期。尤其在处理复杂题目时，一些小细节的错误影响了整体得分，值得在之后的训练中加以重视。 在代码方面，邓宇然能够准确完成自己擅长的题目，对于一些较难的题目，虽然没有完全解出，但也能争取部分分数，展现了很好的应变能力。对于思维性较强的题目，建议他在之后的训练中注重细节的练习，尤其要强化在赛制环境下的时间管理和细节检查，确保在面对复杂问题时不漏掉关键点。继续加油，相信通过更多的训练，能在未来取得更好的成绩！
B12: 吴奕淳 | C12: A- | D12: A- | E12: A | F12: A- | G12: 今天学习了区间dp，状压dp，树的直径，树的重心，拓扑，迪杰斯特拉，弗洛伊德，SPFA等知识点 | H12: 今天在树状数组2的题目中，由于因为没写负号，导致没有完全通过；最近树的直径中，由于没开long long，导致没有完全通过。 | I12: 要在空余时间中多默写树状数组，最长公共子序列，最近公共祖先等模板，增强记忆；多练习dp，树上问题，图上问题等知识点相关题目，提升代码能力。 | J12: 今天我们复习了提高组的算法模板，首先讲解了各种模板的基础功能，并重点介绍了它们在实际问题中的应用技巧。 吴奕淳同学对各类算法模板的基础功能理解非常扎实，能够灵活运用并进行有效组合，思路清晰且条理分明，能够根据不同题型提出切实可行的算法策略。在测试中，吴奕淳能够迅速将提高组常用模板套用到具体题目中，编写代码时能够根据问题的特点判断并调用最合适的算法，表现出对算法模板的深入理解。 不过，由于今天采用了OI赛制，吴奕淳在赛制的适应性上稍有欠缺，特别是在一些模板题上，由于不够熟练，导致细节处理不当，错失了一些分数。如果能够在模板题的应用上更加熟练，排名肯定会更高。 在思维性较强的题目上，吴奕淳展现出了很强的思维能力，能够快速深入分析题目并找到解决方案，做对了很多复杂的题目，体现了非常优秀的解题潜力。 建议吴奕淳继续加强对OI赛制下模板题目的练习，尤其是细节和时间管理方面，这样可以更好地提升整体得分和排名。继续加油，凭借他的思维能力和不断努力，成绩一定会越来越好！
B13: 练皓文 | C13: A- | D13: B | E13: A | F13: A- | G13: 学习了状态压缩DP及其代码的实现，回忆了树上差分、树的直径、LCA等知识点。 | H13: 在做后四题的时候，在代码细节处理上有失误，没有注意到题目中的提示等信息，也没有准确地分析样例以及题意，导致部分没有通过。 | I13: 多写几道关于状压DP的题目，加强理解；多写关于树上差分的代码，增强理解；多写LCA的模板，提升熟练度。 | J13: 今天主要复习了提高组的算法模板，先讲解了各种模板的基本功能，再重点介绍了它们在实际问题中的应用技巧。练皓文同学对大部分模板的基础原理能够理解透彻，在课堂中能灵活选用和组合，思路清晰，条理分明，能够针对不同题型提出相应的算法思路。在测试中，大部分题目他都能找到合适的解法，并能运用常见模板加以解决。 不过在一些难度较高、需要综合思考的题目中，练皓文有时在模板的细节使用上还略显生疏，导致思路切换和代码实现上存在一定波动。在代码方面，他能把自己掌握的题目正确完成，对于不太熟悉的题型，也会尽量争取部分分；但在思维性较强的问题上，还需要在理解题意和方案设计上多花一些时间，深入分析后再动手编写代码。整体表现良好，期待他在模板的熟练度和复杂问题的应对上进一步提升。
B14: 郭维皓 | C14: A- | D14: B+ | E14: A | F14: A- | G14: 状压DP，多组询问，最优解问题，和树的父节点相关问题，图上问题，树上问题等 | H14: 对OI赛制不熟悉，没有注意到左移会炸导致T1只过了两个点 | I14: 在二进制枚举和字符串哈希方面要多做一些相关题目，增进对知识点的理解与题目熟练度 | J14: 今天主要复习了提高组的算法模板，先系统梳理了各类模板的核心功能，随后结合实例探讨了它们在不同题型中的应用方法。郭维皓同学对常用模板的原理掌握较为扎实，在课堂练习中能够根据题目的特征进行选择和组合，整体思路清楚，步骤安排合理。在测试中，他在大部分题目中都能找到匹配的解法，并运用相应模板解决问题。 不过在应对一些结构更复杂、条件更隐蔽的题目时，模板的选用和细节处理上还稍显生涩，有时需要花费较长时间才能稳定切入正确方向。在代码实现上，他能准确完成自己熟悉的题型，对于陌生的题目也会积极争取部分分，但在思维跳跃较大的题目中，还需要进一步提高分析的深度与灵活性。整体表现积极，期待他在模板熟练度和复杂情境下的适应力上继续提升。
B15: 张世昌 | C15: A- | D15: A- | E15: A | F15: A- | G15: 今天我回忆起了多组查询类的问题，比如前缀和、ST表、树状数组，还回忆起了一些最优解问题的算法，想起了二分、贪心、最短路等算法，我们还学习了一些关于找父母问题的算法，比如并查集可以解决连通性问题，LCA可以找最近公共祖先，还回忆起了一些图论、树论算法，知道了各种算法的优缺点，考试时可以根据题目知道那些算法可以用，那些算法不能用，今天的重点就是动态规划了，针对最值问题、计数问题、可行性问题时，可以用不同的动态规划，今天学到最深刻的就是写动态规划的步骤了：1.设计状态，2.初始化，3.状态转移方程，4.枚举顺序，5.输出答案。 | H15: 在今日测试中，可以暴力拿到得分没有拿到，点击提交次数太多 RE了，数据范围开太大，MLE了 | I15: 多练习一些动态规划的题目，练习如何设计状态，初始化等步骤。 | J15: 今天主要复习了提高组的算法模板，先讲解了各类模板的核心功能，再结合实例分析了它们在实际问题中的运用技巧。张世昌同学对模板的理解非常深入，不仅能准确掌握各类算法模板的原理，还能在课堂中灵活组合运用，思路清晰、条理分明。在测试中，他能够快速判断并选择最合适的模板进行求解，且在 OI 赛制下表现稳定，几乎没有明显失误，代码实现细致而可靠，展现了扎实的编程功底。 不过在涉及思维跨度较大、需要发散或多角度切入的题目时，还可以在分析的广度和深度上进一步加强，以便在遇到新颖题型时也能迅速找到突破口。整体而言，他在模板应用和代码能力上优势明显，后续若能在思维能力上再提升一步，综合实力会更上一层楼。
B16: 余廷锴 | C16: A- | D16: A | E16: A- | F16: A- | G16: 回忆了有关于多组询问问题，最优解问题，图上问题的解题方法，如并查集，LCA等，学到了有关动态规划（dp)的部分知识。 | H16: 并查集模板记忆模糊，STL运用不熟练，部分步骤分没有拿全。 | I16: 有关状态压缩dp的题目与各个模板题目仍需多多练习 | J16: 今天主要复习了提高组的算法模板，先讲解了各类模板的核心功能，再结合实例分析了它们在不同题型中的应用技巧。余廷锴同学思维能力突出，在课堂中能够灵活选用和组合模板，思路清晰，条理分明，能够针对不同题型提出合理的算法策略。在测试中，他在思维题部分表现尤为亮眼，拿下了班级第二的高分，充分展现了出色的分析与解决问题能力。 在模板题方面，大部分掌握得很扎实，仅有极少部分模板还不够熟练，偶尔影响了得分。建议在保持思维优势的同时，针对这些薄弱模板进行专项巩固，这样可以在各类题型中都发挥稳定的水平。整体表现优秀，继续保持！
B17: 金智宸 | C17: A- | D17: A | E17: A- | F17: A- | G17: 多组询问/最优解/图上/树论问题，动态规划，状压dp，由多维用二进制压缩至2维的顶尖技术 | H17: 模版记得不清晰，数组开小导致越界，没审题仔细。 | I17: 多练习有关动归的题目，多背点模板，复习点旧知识，再扣点细节。 | J17: 今天主要复习了提高组的算法模板，先讲解了各类模板的核心功能，再结合实例分析了它们在不同题型中的应用方法。金智宸同学对模板的掌握非常扎实，课堂中能够灵活选用与组合，思路清晰，条理分明，能针对不同题型快速制定合适的解题方案。在测试中，他能够熟练地将常用模板应用到具体题目中，代码实现准确且稳定。 不过，在一题中因对 OI 赛制还不够熟悉，未能及时发现并修正错误，造成了少量失分。好在后续的模板题中，他把能争取的部分分全部拿到，展现了良好的赛中调整能力。整体表现优秀，如果在赛制细节上再多加熟悉，相信成绩会更加稳固。
B18: over | C18: B | D18: B | E18: B | F18: B | J18: =A$2&""&SUBSTITUTE(IF(OR(C18="A",C18="A-",C18="A+"),L$2,IF(OR(C18="B",C18="B-",C18="B+"),L$3,L$4)),"【xx】",B18)&"在测试中，"&SUBSTITUTE(IF(OR(D18="A",D18="A-",D18="A+"),N$2,IF(OR(D18="B",D18="B-",D18="B+"),N$3,N$4)),"【xx】",B18)&"在代码方面，"&SUBSTITUTE(IF(OR(E18="A",E18="A-",E18="A+"),M$2,IF(OR(E18="B",E18="B-",E18="B+"),M$3,M$4)),"【xx】",B18)&""&SUBSTITUTE(IF(OR(F18="A",F18="A-",F18="A+"),O$2,IF(OR(F18="B",F18="B-",F18="B+"),O$3,O$4)),"【xx】",B18) -> 今天主要复习提高组的算法模板，首先讲解了各种模板的基础功能，然后重点介绍了各种模板在实际问题中的使用技巧。over同学对算法模板的基本功能掌握扎实，但在实际应用时偶有纰漏，后续会督促多加练习，强化模板选择与使用的小技巧。在测试中，over在大部分题目上都能找到相对应的算法，能够采用常见模板来解决问题。但是在一些比较困难的问题中有些纰漏。在代码方面，over同学已经掌握了ST表的核心概念，能够独立完成稀疏表的构建和最小/最大值查询。但是在具体题目中的运用还存在一些模糊的地方，后续我们还会进行专项练习
B19: over | C19: A+ | D19: A+ | E19: A+ | F19: A+ | G19: LCA,并查集,树状数组,DFS,DP(01，状压，完全，树上......),单源最短路,贪心,前缀和,智商的重要性,数论,图论,ST表,STL,暴力出奇迹,exgcd,数学,拓扑排序,判断负环...... | H19: 模板错了一道，不看完题就写导致测完样例还得再写1,2遍，时间没把握好，没检查......长得太帅了 | I19: 灵感的获取 | J19: 今天主要复习提高组的算法模板，首先讲解了各种模板的基础功能，然后重点介绍了各种模板在实际问题中的使用技巧。煜涵同学能够深入理解各类算法模板的基础功能，并在课堂中中灵活选用和组合，思路清晰，条理分明，能够针对不同题型提出不同的算法策略。在测试中，煜涵能将提高组常用模板迅速套用到具体题目中，编写代码时能够根据问题特点判断并调用最合适的算法，说明对于算法模板的理解非常到位。在剩下的题目里，煜涵能把自己会做的题做对，并且对于每一道题都能自己写一份暴力程序，这个习惯非常好，继续保持。
B20: 康煜琦 | C20: B | D20: A- | E20: B+ | F20: A- | G20: 树状数组 线性dp 状压dp 资源分配dp 并查集 dfs枚举 树的直径 两个不同数组的dp（忘记叫什么了 最短路 LCA 数论 树上差分 树上差分 差分 前缀和 ST表 bfs 最小生成树 记忆化 组合数学 二分 逆序对 负环 单调队列 单调栈 SPFA Dijkstra FLoyd Kruskal Prim STL | H20: 树状数组 线性dp 状压dp 资源分配dp 并查集 dfs枚举 树的直径 两个不同数组的dp（忘记叫什么了 最短路 LCA 数论 树上差分 树上差分 差分 前缀和 ST表 bfs 最小生成树 记忆化 组合数学 二分 逆序对 负环 单调队列 单调栈 SPFA Dijkstra FLoyd Kruskal Prim STL | I20: 来自洛谷 P3390 【模板】矩阵快速幂 | J20: 今天主要复习提高组的算法模板，首先讲解了各种模板的基础功能，然后重点介绍了各种模板在实际问题中的使用技巧。煜琦同学能够深入理解各类算法模板的基础功能，并在课堂中中灵活选用和组合。在测试中，煜琦在大部分题目上都能找到相对应的算法，能够采用常见模板来解决问题。但是在一些比较困难的问题中有些纰漏例如树的直径，最长公共子序列这块有些不熟练，在课上也讲解了树的直径的相关知识点，煜琦可以再去练习下。在剩下的题目里，煜涵能把自己会做的题做对，并且对于一些不会做的题，煜涵也能针对部分分去写代码，不过在做一些思维题的时候，孩子需要多些思考，对于题目往深处想一想，再开始编写代码，继续加油。
B21: 仲钧维 | C21: B | D21: A+ | E21: A | F21: A | G21: 孩子总结写的不认真，明天会监督孩子完成总结 | H21: 不会用Map | I21: 无 | J21: 今天主要复习提高组的算法模板，首先讲解了各种模板的基础功能，然后重点介绍了各种模板在实际问题中的使用技巧。钧维同学能够深入理解各类算法模板的基础功能，并在课堂中中灵活选用和组合，思路清晰，条理分明，能够针对不同题型提出不同的算法策略。在测试中，钧维在大部分题目上都能找到相对应的算法，能够采用常见模板来解决问题。但是在一些比较困难的问题中有些纰漏。在剩下的题目中，钧维能够确保将自己会做的题目都正确解答，同时对于每道题目会针对部分分去实现代码。这种严谨的解题态度和良好的编程习惯值得继续保持。
B22: 韩谨泽 | C22: B | D22: B | E22: B | F22: B | G22: 复习了动态规划（线性动态规划、树形动态规划）、拓扑排序、枚举、多种模版（并查集、树状数组 、树的直径、最长公共子序列、单源最短路径、最近公共祖先）的写法。 了解到自己对于模版生疏的问题。 | H22: 面对难题缺少思路与技巧，对于模版的生疏 | I22: 模板的记忆背诵，对错误题目的分析总结 | J22: 今天主要复习提高组的算法模板，首先讲解了各种模板的基础功能，然后重点介绍了各种模板在实际问题中的使用技巧。谨泽同学对算法模板的基本功能掌握扎实，但在实际应用时偶有纰漏，后续会督促多加练习，强化模板选择与使用的小技巧。在测试中，谨泽在大部分题目上都能找到相对应的算法，能够采用常见模板来解决问题。但是在一些比较困难的问题中有些纰漏。在剩下的题目里，谨泽能针对部分分去写代码，不过在做一些思维题的时候，孩子需要多些思考，对于题目往深处想一想，再开始编写代码，继续加油。
B23: 徐恺睿 | C23: B | D23: B+ | E23: B+ | F23: B+ | G23: 树状数组1、并查集、差分数组、树的直径、最长公共子序列、单源最短路径、树状数组2、前缀和、STL容器、树上差分、状压DP、记忆化、树上DP、背包DP、区间DP、最小生成树、组合数学、二分答案、暴力、边权、邻接表、双指针、逆序对、负环、图论、ST表、堆、LCA、Dijkstra、SPFA、FLoyd、Kruskal、Prim、BFS、DFS、LCS、MST | H23: 提高组算法模板LCS没默出来 | I23: LCS、记忆化、树上DP、MST | J23: 今天主要复习提高组的算法模板，首先讲解了各种模板的基础功能，然后重点介绍了各种模板在实际问题中的使用技巧。恺睿同学能够深入理解各类算法模板的基础功能，并在课堂中中灵活选用和组合，思路清晰，条理分明，能够针对不同题型提出不同的算法策略。在测试中，恺睿在大部分题目上都能找到相对应的算法，能够采用常见模板来解决问题。但是在一些比较困难的问题中有些纰漏。在剩下的题目中，恺睿能够确保将自己会做的题目都正确解答，同时对于每道题目会针对部分分去实现代码。这种严谨的解题态度和良好的编程习惯值得继续保持。
B24: 周天翊 | C24: A+ | D24: B | E24: B | F24: B+ | G24: 多默写了亿点模板 | H24: 没有（吧） 没背模板被模板虐杀了（逃） 算法提高测试7-求和中的题目没有写出来这是一个重大的失误（虽然根本没记住awa） 最后一题时间不够没做出来（逃，当时在写树の直径） 很多细节的模板/没有记住，编码技巧/思维有待提高 | I24: 算法模板 模板组合技巧 题目分析 | J24: 今天主要复习提高组的算法模板，首先讲解了各种模板的基础功能，然后重点介绍了各种模板在实际问题中的使用技巧。天翊同学对算法模板的基本功能掌握扎实，天翊上课的时候非常积极，老师的每一个问题孩子都会回答，但在实际应用模版时偶有纰漏，后续会督促多加练习，强化模板选择与使用的小技巧。在测试中，天翊在大部分题目上都能找到相对应的算法，能够采用常见模板来解决问题。但是在一些比较困难的问题中有些纰漏，后续可以结合《书本》来复习下相关内容。在剩下的题目中，天翊能够确保将自己会做的题目都正确解答，同时对于每道题目会针对部分分去实现代码。这种和良好的编程习惯值得继续保持。
B25: 李震轩 | C25: B | D25: B | E25: A | F25: B+ | G25: 没写总结，明天会监督孩子写完 | J25: 今天主要复习提高组的算法模板，首先讲解了各种模板的基础功能，然后重点介绍了各种模板在实际问题中的使用技巧。震轩同学对算法模板的基本功能掌握扎实，但在实际应用时偶有纰漏，后续会督促多加练习，算法模版也是学习中非常重要的一部分，需要重视。在剩下的题目中，震轩的思维能力非常不错，获取了两道题的首 A，但是对于一些较难的题目，孩子没有很好的根据部分分去编写代码，这块需要注意。
B26: 张嘉润 | C26: B | D26: B | E26: B+ | F26: B | G26: 孩子总结写的不认真，明天会监督孩子完成总结 | H26: 忘了 | I26: dp、最短路 | J26: 今天主要复习提高组的算法模板，首先讲解了各种模板的基础功能，然后重点介绍了各种模板在实际问题中的使用技巧。，嘉润对算法模板的基本功能掌握扎实，但在实际应用时偶有纰漏，后续会督促多加练习，强化模板选择与使用的小技巧。在测试中，嘉润在大部分题目上都能找到相对应的算法，能够采用常见模板来解决问题。但是在一些比较困难的问题中有些纰漏，后续可以结合《书本》在对模版进行练习。在剩下的题目中，嘉润的思维能力非常不错，获取了两道题的满分，对于一些较难的题目，孩子会根据部分分去编写代码，这个良好的编程习惯值得继续保持。
B27: 李宇轩 | C27: A+ | D27: B | E27: B | F27: B+ | G27: 双序列问题： 1、双指针 2、树状数组 数据结构： 1、树状数组 2、STL容器 3、并查集 枚举： 1、for/while 2、DFS/BFS 3、二分答案（但是会比较少） 连通块问题 动态规划： 1、线性DP 2、状压DP 3*、记忆化搜索 4、区间DP | H27: 模板如树状数组、并查集等未掌握熟练 对输出的观察不够仔细 出现不注意数据背后大小的问题 树的直径掌握一半 | I27: 迪杰斯特拉和哈希以及最小生成树（克鲁斯卡尔、prim） | J27: 今天主要复习提高组的算法模板，首先讲解了各种模板的基础功能，然后重点介绍了各种模板在实际问题中的使用技巧。宇轩同学能够理解各类算法模板的基础功能，上课的时候非常积极，老师的每一个问题孩子都会回答。在测试中，宇轩在大部分题目上都能找到相对应的算法，能够采用常见模板来解决问题。但是在实现代码时有些纰漏，后续可以结合《书本》在对模版进行练习。在剩下的题目里，宇轩能针对部分分去写代码，不过在做一些思维题的时候，孩子需要多些思考，对于题目往深处想一想，再开始编写代码，继续加油。
B28: 杨涵语 | C28: B | D28: B | E28: B | F28: B | G28: 上午：提高组初赛大部分知识 举例如下： 动态规划：可用于求方案数、可行性、最值 线性动态规划（普通dp） 区间动态规划（在一段区间中进行操作，求出区间最值和……的方案数） 状态压缩动态规划：将二进制数当中，从右往左的每一位，对应集合中的每一个元素，可以用于求解01枚举方案数==> 可以拓展为多重枚举 双序列型动态规划：用于解决两个序列的问题，如最长公共子序列，最长公共子串 记忆化搜索：搜索优化 示例： if(dp[n][m]!=-1) return dp[n][m]; return dp[n][m]=f(…) 原理：通过提前记录曾经的搜索结果，省去不必要的时间浪费 最短路算法： 单源最短路：dijkstra,spfa（寄了） 多源最短路：Floyd 连通块问题： 1搜索2并查集（找爹） | H28: 忘记了树上直径模版应该如何书写，导致在今天的比赛中失去了两道题的分数， | I28: 离散化，krustal+prim | J28: 今天主要复习提高组的算法模板，首先讲解了各种模板的基础功能，然后重点介绍了各种模板在实际问题中的使用技巧。涵语同学对算法模板的基本功能掌握扎实，但在实际应用时偶有纰漏，后续会督促多加练习，强化模板选择与使用的小技巧。在测试中，涵语在大部分题目上都能找到相对应的算法，能够采用常见模板来解决问题。但是在实现代码时有些纰漏，后续可以结合《书本》在对模版进行练习。在剩下的题目里，涵语能针对部分分去写代码，不过在做一些思维题的时候，孩子需要多些思考，对于题目往深处想一想，再开始编写代码，继续加油。
B29: 赵可馨 | C29: B | D29: B+ | E29: B | F29: B | G29: 最短路 树状数组 最长公共子序列 并查集 lca 树的直径 组合数学 鸽巢原理 拓扑排序 背包dp 区间dp floyd dijkstra st表 | H29: 并查集没有压缩路径 导致超时 忘记了最长公共子序列 lca的数组爆了 导致MLE 没有估计好数据范围 然后就是不熟练 | I29: 板子不熟练 图论比较的难 那种要想结论的题还是比较的难想出来 | J29: 今天主要复习提高组的算法模板，首先讲解了各种模板的基础功能，然后重点介绍了各种模板在实际问题中的使用技巧。可馨同学对算法模板的基本功能掌握扎实，但在实际应用时偶有纰漏，后续会督促多加练习，强化模板选择与使用的小技巧。在测试中，可馨在大部分题目上都能找到相对应的算法，能够采用常见模板来解决问题。但是在一些比较困难的问题中有些纰漏。在剩下的题目里，可馨能针对部分分去写代码，不过在做一些思维题的时候，孩子需要多些思考，对于题目往深处想一想，再开始编写代码，继续加油。
B30: 葛义 | C30: B | D30: B | E30: B | F30: B | G30: 并查集、求积运算符、动态规划（01、完全、多重、树上、拓扑、换根）、鸽巢原理...... | H30: 并查集、动态规划以及图论内容没有多练习、实践 | I30: 并查集、动态规划以及图论内容 | J30: 今天主要复习提高组的算法模板，首先讲解了各种模板的基础功能，然后重点介绍了各种模板在实际问题中的使用技巧。葛义对于题目类型的建模能力以及提高组基础模板的掌握程度还有所欠缺，经常会在题目的思路构建阶段卡住，后续将会通过不断地练习来提升建模能力，可以结合发的书籍进行练习。
A31: 代码能力(当天最难的知识点 或 所有基础都理解就是A 或 班级表现前70%) A / B 理解能力(当天最难的知识点 或 所有基础都理解就是A 或 班级表现前70%) A / B 摸底测或代码模板默写(统称为小检测，4-5-1 对应A-B-C) A:30 B:20 C:10 最终表现 A类 >= 80分 B类 >= 60分 C类 < 60分

Sheet Day1反馈表
A1: 暑假集训学习反馈卡 | N1: 张陈曦暑假集训学习反馈卡
B4: 姓名 | D4: 熊子轩
B6: 课堂积极性 | D6: 理解能力 | F6: 代码能力 | H6: 综合评价
P7: 测试内容: CSP2022初赛真题
B8: =VLOOKUP(D4,day1!$B$1:$G$85,2,FALSE) -> A- | D8: =VLOOKUP(D4,day1!$B$1:$G$85,3,FALSE) -> A | F8: =VLOOKUP(D4,day1!$B$1:$G$85,4,FALSE) -> A- | H8: =VLOOKUP(D4,day1!$B$1:$G$85,5,FALSE) -> A- | P8: 基础选择得分 (满分30) | R8: 程序阅读得分 (满分40) | U8: 完善代码得分 (满分30) | W8: 总分 (浙江晋级线78.5)
P10: 30 | R10: 28.5 | U10: 30 | W10: =SUM(P10:V12) -> 88.5
B12: 学生总结 | C12: 收获 (今天学到了/回忆起了什么知识) | E12: =VLOOKUP(D4,day1!$B$1:$G$85,6,FALSE) -> 复习提高组算法：如前缀和，st表，树状数组， 最优解问题：二分，贪心，枚举，最短路 找父母问题：树状数组，并查集，最小生成树 图上问题的算法：弗洛伊德；dij，spfa 树上问题：换根dp，树上前缀和与差分
C14: 学生自我反思 (在测试/学习中出现了什么失误/错误) | E14: =VLOOKUP(D4,day1!$B$1:$J$85,7,FALSE) -> lca题目中for循环边界值写错了，考试时时一些能通过暴力或特殊样例骗分的没拿到 | P14: 学生总结 | Q14: 收获 (今天学到了/回忆起了什么知识) | T14: 二分查找、哈夫曼编码
C16: 计划 (在什么知识点上还需要更多练习/讲解) | E16: =VLOOKUP(D4,day1!$B$1:$J$85,8,FALSE) -> 动态规划问题的状态转移方程，多做一些dp题目，练习更加熟练推导状态转移方程 | Q16: 学生自我反思 (在测试/学习中出现了什么失误/错误) | T16: 阅读程序： （2）、1（不会）、2（我赌它两行输出相同）、5（因为第一题赌它俩函数输出相同，所以直接拿dp表算的，然后就错了） （3）、3（没算对）、4（没算对）
B18: 教师寄语 | C18: =VLOOKUP(D4,day1!$B$1:$Z$85,9,FALSE) -> 今天主要复习了提高组的算法模板，先讲解了各类模板的基础功能，再结合实例分析了它们在实际问题中的运用技巧。熊子轩同学对模板的理解比较到位，在课堂中能灵活选用与组合，思路清晰，条理分明，能够针对不同题型提出恰当的算法方案。在测试中，他能迅速将常用模板应用到具体题目中，代码编写稳健，整体表现积极。 不过在模板题部分，有一道题因细节处理不够严谨而失分较多；而在思维题部分，他采用了多道题的暴力解法，虽然没有完全解出最优解，但也凭借这种策略拿到了可观的分数。若能在细节检查上更加严谨，并在思维题中多尝试优化思路，成绩还有进一步提升的空间。
Q20: 计划 (在什么知识点上还需要更多练习/讲解) | T20: 树、图、动态规划
P22: 教师寄语 | Q22: 今天的课程内容是一次初赛模拟赛和讲解，以及2022年真题的测试与讲解。今天陈曦的表现很不错，超过了浙江晋级分数线整整10分，在基础选择和完善代码部分都是满分，这个成绩已经非常不错了。明天我们会把所有J组的知识点再过一遍，做最后一遍查漏补缺，最后做一下2023的真题卷，作为我们集训营内容的收尾，希望陈曦可以在明天也可以获得一个好成绩。
A25: 王成峰寒假集训学习反馈卡
C29: 今日知识点 | E29: =$G$6 -> 0
C30: 课堂积极性 | E30: 代码完成速度 | G30: 每日测试成绩 | I30: 综合评价
C32: A | E32: A | G32: A+ | I32: A
C36: 学生总结 | D36: 收获 (今天学到了/回忆起了什么知识) | F36: 今天增强巩固了二分答案，增强了对二分答案的应用，进行了模拟来解决问题，比如区间二分答案的模拟。 还有一些二分答案的小技巧，比如在模拟二分答案时，要认真审题，理解题目想让我们做的事是什么，然后可以对于一些复杂的代码进行一些简化和优化，这样反而可以增强代码的准确性。
D38: 反思 (在测试/学习中出现了什么失误/错误) | F38: 在考试时，对于解题过程复杂繁琐的题，解题过程的分析还需更加仔细，不然会发生一些不仔细的小错误。
C40: 教师寄语 | D40: 今天是成峰在二分算法的最后一课，今天的题目会更加地综合，更考验成峰的代码实现能力。现在二分算法的问题思想成峰已经理解地非常深刻了，能够在对应的问题中使用这个算法。代码实现的基本功还是有待提高，在实现时，会在一些地方会出些小错误。在寒假后的春季课程中，建议加强中等难度的模拟类问题的训练，可以获得更好的效果。

Sheet day2
B1: 姓名 | C1: 课堂表现 | D1: 代码能力 | E1: 理解能力 | F1: 综合评价 | G1: 总结 | H1: 反思 | I1: 计划 | J1: 反馈结果 | K1: 总评 | L1: 课堂表现 | M1: 理解能力 | N1: 代码能力 | O1: 后续建议
A2: 今天重点讲解了种常见的数据结构在动态规划状态转移中的加速技巧，以及讲解了昨天的 atcoder 的比赛。 | B2: 葛义 | C2: B | D2: C+ | E2: C | F2: A- | J2: =A$2&""&SUBSTITUTE(IF(OR(C2="A",C2="A-",C2="A+"),L$2,IF(OR(C2="B",C2="B-",C2="B+"),L$3,L$4)),"【xx】",B2)&"在测试中，"&SUBSTITUTE(IF(OR(D2="A",D2="A-",D2="A+"),N$2,IF(OR(D2="B",D2="B-",D2="B+"),N$3,N$4)),"【xx】",B2)&"在代码方面，"&SUBSTITUTE(IF(OR(E2="A",E2="A-",E2="A+"),M$2,IF(OR(E2="B",E2="B-",E2="B+"),M$3,M$4)),"【xx】",B2)&""&SUBSTITUTE(IF(OR(F2="A",F2="A-",F2="A+"),O$2,IF(OR(F2="B",F2="B-",F2="B+"),O$3,O$4)),"【xx】",B2) -> 今天重点讲解了种常见的数据结构在动态规划状态转移中的加速技巧，以及讲解了昨天的 atcoder 的比赛。葛义同学在昨天的Atcoder 中表现不错，能够做出基础的题目，并且在老师讲解后能够及时进行补题，对于较难的题目也有很好的探究精神，对于早上讲解的动态规划问题，孩子也能及时想到朴素的转移方程，在老师讲解后能够理解优化转移的技巧。在测试中，在代码方面，在代码方面，葛义在 dp 测试中可以结合 dfs 枚举的方式来获取部分分，但是在设计 dp 状态方面还不够熟悉，在做题目时还是需要多考虑一些特殊的情况，去设计状态，我们会在后续加强孩子对于基础动态规划的练习，在实战中真正运用动态规划的思想。 | K2: =IF(D2="A",1,0)*30+IF(D2="B",1,0)*20+IF(D2="C",1,0)*10+IF(E2="A",1,0)*30+IF(E2="B",1,0)*20+IF(E2="C",1,0)*10+IF(F2="A",1,0)*30+IF(F2="B",1,0)*20+IF(F2="C",1,0)*10 -> 10 | L2: 【xx】同学在昨天的Atcoder 中表现非常不错，并且在老师讲解后能够及时进行补题，对于较难的题目也有很好的探究精神，对于早上讲解的动态规划问题，孩子也能及时想到朴素的转移方程，并且在老师的引导下能够想到优化转移的办法。 | M2: 【xx】在 dp 测试中能够在题目中写出最基本的动态规划式子，同时可以结合 dfs 枚举的方式来获取部分分，但是在优化方面还不够熟悉，在做题目时还是需要多考虑一些特殊的情况，去优化状态或者转移的时间。 | N2: 【xx】在今天的模版练习中，基本上把考试的模版都写出来了，非常不错。
L3: 【xx】同学在昨天的Atcoder 中表现不错，能够做出基础的题目，并且在老师讲解后能够及时进行补题，对于较难的题目也有很好的探究精神，对于早上讲解的动态规划问题，孩子也能及时想到朴素的转移方程，在老师讲解后能够理解优化转移的技巧。 | M3: 【xx】在 dp 测试中能够在题目中写出最基本的动态规划式子，但是在优化方面还不够熟悉，在做题目时还是需要多考虑一些特殊的情况，去优化状态或者转移的时间，我们会在后续督促孩子多做练习，加强对于知识点的实际运用能力。 | N3: 【xx】在今天的模版练习中，【xx】对于 dp 的模版掌握的不错，基本都能写对，但是对于其他的一些模版【xx】 掌握的还是有些欠缺。【xx】非常好学，在吃好晚饭后，孩子主动回到教室练习模版，非常不错。 | O3: 我们会在后续督促孩子多做练习，加强对于知识点的实际运用能力。
M4: 在代码方面，【xx】在 dp 测试中可以结合 dfs 枚举的方式来获取部分分，但是在设计 dp 状态方面还不够熟悉，在做题目时还是需要多考虑一些特殊的情况，去设计状态，我们会在后续加强孩子对于基础动态规划的练习，在实战中真正运用动态规划的思想。 | O4: 我们会在后续加强孩子对于基础动态规划以及数据结构的练习，在实战中真正运用动态规划的思想。
B7: 祁靖轩 | C7: A- | D7: A | E7: A | F7: A+ | G7: 今天的任务就是深入学习了dp,上午主要研究dp状态设计(数组的意义)及状态转移的方法,回顾了不同种类的dp,简单了解了dp优化的概念(主要为数据结构的优化).而下午针对dp进行了专项测试,晚上讲解了测试题,题目难度很高但老师讲的很细致,让我受益匪浅. | H7: 在考试时,一些高难题没有骗到分,虽然部分题是真的完成不了其子任务,但还是有些遗憾. | I7: dp数组的状态设计,以及怎么识别一些dp题应该要用dp. | J7: 今天重点讲解了种常见的数据结构在动态规划状态转移中的加速技巧。对于早上讲解的动态规划问题，靖轩也能及时想到朴素的转移方程，在老师讲解后能够理解优化转移的技巧。靖轩在今天的模版练习中，基本上把考试的模版都写出来了，非常不错。在代码方面，靖轩在 dp 测试中能够在题目中写出最基本的动态规划式子，并且成功通过了两道题，不过在其他题目时，在设计 dp 状态上会出现问题，不过这也是正常现象，我们会在后续有相关的练习，加强对于知识点的实际运用能力。 | L7: 今天重点讲解了种常见的数据结构在动态规划状态转移中的加速技巧，以及讲解了昨天的 atcoder 的比赛。沈奕同学在昨天的Atcoder 中表现不错，能够做出基础的题目，并且在老师讲解后能够及时进行补题，对于较难的题目也有很好的探究精神，对于早上讲解的动态规划问题，孩子也能及时想到朴素的转移方程，在老师讲解后能够理解优化转移的技巧。沈奕在今天的模版练习中，基本上把考试的模版都写出来了，非常不错。在代码方面，沈奕在 dp 测试中能够在题目中写出最基本的动态规划式子，但是在优化方面还不够熟悉，在做题目时还是需要多考虑一些特殊的情况，去优化状态或者转移的时间，我们会在后续督促孩子多做练习，加强对于知识点的实际运用能力。
B8: 吴奕淳 | C8: A+ | D8: A+ | E8: A | F8: A+ | G8: 今天学习了状态压缩dp，线性dp，还有区间dp | H8: 在复赛模拟赛中，想不出DP解法，只使用了暴力解法，导致没有完全通过。同时，由于拓展欧几里得算法不熟练，在比赛中没有写出来，导致没有通过。 | I8: 应多默写几遍拓展欧几里得算法，增强记忆；同时多练习dp相关题目，提高代码熟练度。 | J8: 今天重点讲解了种常见的数据结构在动态规划状态转移中的加速技巧。对于早上讲解的动态规划问题，奕淳也能及时想到朴素的转移方程，在老师的引导下能够想到优化转移的办法。奕淳在今天的比赛中发挥不错，基本上把考试的模版都写出来了，非常不错。在代码方面，奕淳在 dp 测试中能够在题目中写出最基本的动态规划式子，并且能过通过一道较难的题目，同时可以结合 dfs 枚举的方式来获取部分分，但是在优化方面还不够熟悉，在做题目时还是需要多考虑一些特殊的情况，去优化状态或者转移的时间。 | L8: 今天重点讲解了种常见的数据结构在动态规划状态转移中的加速技巧，以及讲解了昨天的 atcoder 的比赛。煜涵同学在昨天的Atcoder 中表现非常不错，能自己独立做出一道非常困难的题目，并且在老师讲解后能够及时进行补题，对于较难的题目也有很好的探究精神，对于早上讲解的动态规划问题，孩子也能及时想到朴素的转移方程，并且在老师的引导下能够想到优化转移的办法。煜涵在今天的模版练习中，基本上把考试的模版都写出来了，非常不错。在代码方面，煜涵在 dp 测试中能够在题目中写出最基本的动态规划式子，同时可以结合 dfs 枚举的方式来获取部分分，但是在优化方面还不够熟悉，在做题目时还是需要多考虑一些特殊的情况，去优化状态或者转移的时间。
B9: 张允泽 | C9: A | D9: A | E9: A | F9: A | G9: 今天复习了传统的线性，二维，多维dp，继续深入地学习了状态压缩dp，单调栈优化dp，树状数组优化dp，以及其他有关于动态规划的知识。 | H9: 测试时T10一开始没读完题就开始写，写完发现方向错了，对着题目条件死磕了40多分钟，最后还没有解决问题，浪费了许多时间。 | I9: 还是要继续深入学习动态规划问题，在做题时能够快速捕捉到题目的要点以设计状态，转移状态，快速求解问题等 ， 测试时合理分配时间，不要再一些题目上浪费过多时间。 | J9: 今天重点讲解了种常见的数据结构在动态规划状态转移中的加速技巧。对于早上讲解的动态规划问题，允泽也能及时想到朴素的转移方程，并且在老师的引导下能够想到优化转移的办法。允泽在今天的比赛中发挥不错，基本上把考试的模版都写出来了，非常不错。在代码方面，允泽在 dp 测试中能够在题目中写出最基本的动态规划式子，并且能想到通过背包来解决问题，允泽在状态设计上做的非常不错，但是在发现正解不会做的时候，可以通过去做部分分来获取一定的分数，这块下次可以注意下。 | L9: 今天重点讲解了种常见的数据结构在动态规划状态转移中的加速技巧，以及讲解了昨天的 atcoder 的比赛。煜琦同学在昨天的Atcoder 中表现非常不错，并且在老师讲解后能够及时进行补题，对于较难的题目也有很好的探究精神，对于早上讲解的动态规划问题，孩子也能及时想到朴素的转移方程，并且在老师的引导下能够想到优化转移的办法。煜琦在今天的模版练习中，基本上把考试的模版都写出来了，非常不错。在代码方面，煜琦在 dp 测试中能够在题目中写出最基本的动态规划式子，但是在优化方面还不够熟悉，在做题目时还是需要多考虑一些特殊的情况，去优化状态或者转移的时间，我们会在后续督促孩子多做练习，加强对于知识点的实际运用能力。
B10: 陈一实 | C10: A | D10: A+ | E10: A- | F10: A | G10: 介绍动态规划（Dynamic Programming, DP）及其解决的问题、根据其设计的算法及优化。 动态规划是一种通过把原问题分解为相对简单的子问题的方式求解复杂问题的方法。 | H10: 对于一个能用动态规划解决的问题，一般采用如下思路解决： 1将原问题划分为若干 阶段，每个阶段对应若干个子问题，提取这些子问题的特征（称之为 状态）； 2寻找每一个状态的可能 决策，或者说是各状态间的相互转移方式（用数学的语言描述就是 状态转移方程）。 3按顺序求解每一个阶段的问题 | I10: DP 优化， 所谓 DP 优化，是指许多动态规划问题虽然容易列出朴素的状态转移方程，但直接计算往往效率低下，因此需要借助一些技巧来降低时间复杂度。 | J10: 今天重点讲解了种常见的数据结构在动态规划状态转移中的加速技巧。对于早上讲解的动态规划问题，一实也能及时想到朴素的转移方程，并且在老师的引导下能够想到优化转移的办法。一实在今天的比赛中发挥不错，基本上把考试的模版都写出来了，非常不错。在代码方面，一实可以结合 dfs 枚举的方式来获取部分分，但是在优化方面还不够熟悉，在做题目时还是需要多考虑一些特殊的情况，去优化状态或者转移的时间，我们会在后续有相关的练习，加强对于知识点的实际运用能力。 | L10: 今天重点讲解了种常见的数据结构在动态规划状态转移中的加速技巧，以及讲解了昨天的 atcoder 的比赛。钧维同学在昨天的Atcoder 中是班里考的最好的，非常厉害，对于早上讲解的动态规划问题，孩子也能及时想到朴素的转移方程，并且在老师的引导下能够想到优化转移的办法。钧维在今天的模版练习中，基本上把考试的模版都写出来了。在代码方面，钧维在 dp 测试中能够在题目中写出朴素的动态规划式子，同时可以在代码的基础上进行优化，非常不错，继续保持。
B11: 余廷锴 | C11: A- | D11: A- | E11: A- | F11: A | G11: 学习了有关于dp的知识，学习了多种dp类型，如背包dp；状态压缩DP；区间DP等，练习了dp题目，复习了部分代码模板。 | H11: 在做动态规划的题目中，设计不出状态与状态转移方程，只能通过暴力获得部分分。 | I11: 练习DP题目，设计状态与状态转移方程，练习观察力，数学变换能力，找到设计状态的灵感。 | J11: 今天重点讲解了种常见的数据结构在动态规划状态转移中的加速技巧。对于早上讲解的动态规划问题，廷锴也能及时想到朴素的转移方程，并且在老师的引导下能够想到优化转移的办法。廷锴在今天的比赛中发挥不错，基本上把考试的模版都写出来了，非常不错。在代码方面，廷锴可以结合 dfs 枚举的方式来获取部分分，但是在优化方面还不够熟悉，在做题目时还是需要多考虑一些特殊的情况，去优化状态或者转移的时间，我们会在后续有相关的练习，加强对于知识点的实际运用能力。 | L11: 今天重点讲解了种常见的数据结构在动态规划状态转移中的加速技巧，以及讲解了昨天的 atcoder 的比赛。谨泽同学在昨天的Atcoder 中表现不错，能够做出基础的题目，并且在老师讲解后能够及时进行补题，对于较难的题目也有很好的探究精神，对于早上讲解的动态规划问题，孩子也能及时想到朴素的转移方程，在老师讲解后能够理解优化转移的技巧。谨泽在今天的模版练习中，基本上把考试的模版都写出来了，非常不错。在代码方面，谨泽在 dp 测试中能够在题目中写出最基本的动态规划式子，但是在优化方面还不够熟悉，在做题目时还是需要多考虑一些特殊的情况，去优化状态或者转移的时间，我们会在后续督促孩子多做练习，加强对于知识点的实际运用能力。我们会在后续督促孩子多做练习，加强对于知识点的实际运用能力。
B12: 邓宇然 | C12: A- | D12: A- | E12: A- | F12: A- | G12: 今天学习了状态压缩动态规划，线性动态规划，区间动态规划 ；CSP复赛不可使用#define int long long | H12: 在复赛模拟赛中，出现了动态规划无法正确定义数组状态，同时导致找不到动态转移方程的情况。也有因想不出动态规划解法而导致的Time Limit enough；忘记了拓展欧几里得的算法 | I12: 多练习练习动态规划题目，找到定义数组状态的逻辑；记背拓展欧几里得代码模板 | J12: 今天重点讲解了种常见的数据结构在动态规划状态转移中的加速技巧。对于早上讲解的动态规划问题，宇然也能及时想到朴素的转移方程，并且在老师的引导下能够想到优化转移的办法。宇然在今天的比赛中发挥非常不错，基本上把考试的模版都写出来了，非常不错。在代码方面，宇然可以结合 dfs 枚举的方式来获取部分分，但是在优化方面还不够熟悉，在做题目时还是需要多考虑一些特殊的情况，去优化状态或者转移的时间，我们会在后续有相关的练习，加强对于知识点的实际运用能力，继续加油。 | L12: 今天重点讲解了种常见的数据结构在动态规划状态转移中的加速技巧，以及讲解了昨天的 atcoder 的比赛。恺睿同学在昨天的Atcoder 中表现不错，能够做出基础的题目，并且在老师讲解后能够及时进行补题，对于较难的题目也有很好的探究精神，对于早上讲解的动态规划问题，孩子也能及时想到朴素的转移方程，在老师讲解后能够理解优化转移的技巧。恺睿在今天的模版练习中，基本上把考试的模版都写出来了，非常不错。在代码方面，恺睿在 dp 测试中能够在题目中成功做出一道很难的题目，非常不错，但是因为时间原因，没有去做剩下的题目，考试的时候需要注意控制时间。
B13: 张世昌 | C13: A- | D13: A- | E13: A- | F13: A- | G13: 在刘老师的坚定带领下，在张老师的辛勤辅助下，今天我们深度学习了有关DP的知识，知道了更多类型的DP，比如：背包 DP、区间 DP、DAG 上的 DP、树形 DP、换根DP、状压 DP、数位 DP、计数 DP、动态 DP、概率 DP、记忆化搜索等，还接触到了一些申必优化DP的方法，比如：单调队列/单调栈优化、斜率优化、四边形不等式优化、Slope Trick 优化、WQS二分、状态设计优化，今天收获最多的就是下午考试时的题，经过刘老师的耐心教导下，又学习到了写DP题目的方法，收获很多。 | H13: 在下午的考试中，有DP的题没有推出来DP状态转移方程，没有设计好DP，导致只能拿部分分（骗分）。 | I13: 我还要多深度练习DP题目，找到设计DP和设计状态转移方程的灵感。 | J13: 今天重点讲解了种常见的数据结构在动态规划状态转移中的加速技巧。对于早上讲解的动态规划问题，世昌也能及时想到朴素的转移方程，在老师讲解后能够理解优化转移的技巧。世昌在今天的比赛中发挥非常不错，基本上把考试的模版都写出来了。在代码方面，世昌在 dp 测试中能够在题目中写出最基本的动态规划式子，但是在优化方面还不够熟悉，在做题目时还是需要多考虑一些特殊的情况，去优化状态或者转移的时间，我们会在后续督促孩子多做练习，加强对于知识点的实际运用能力。 | L13: 今天重点讲解了种常见的数据结构在动态规划状态转移中的加速技巧，以及讲解了昨天的 atcoder 的比赛。天翊同学在昨天的Atcoder 中表现非常不错，能自己做出一道较为困难的题，并且在老师讲解后能够及时进行补题，对于较难的题目也有很好的探究精神，对于早上讲解的动态规划问题，孩子也能及时想到朴素的转移方程，并且在老师的引导下能够想到优化转移的办法。在测试中，天翊在今天的模版练习中，天翊对于 dp 的模版掌握的不错，基本都能写对，但是对于其他的一些模版天翊 掌握的还是有些欠缺。天翊非常好学，在吃好晚饭后，孩子主动回到教室练习模版，非常不错。在代码方面，天翊在 dp 测试中能够在题目中成功做出一道很难的题目，同时可以结合 dfs 枚举的方式来获取部分分，但是在优化方面还不够熟悉，在做题目时还是需要多考虑一些特殊的情况，去优化状态或者转移的时间。
B14: 张梓涵 | C14: A- | D14: A- | E14: A- | F14: A- | G14: 今天我们上午整个的学习了一下DP的大体内容并理了一下优化DP的思路，下午我们考了三个多小时，后面四题DP题一道都没做出来，晚上讲了后面三题的思路及代码怎么写 | H14: 在考试中因为太想拿满倒数第二题，导致没什么时间拿全部分分，但整体来说是尽力了，只是在设计状态时，没有想到多开几个状态的方案，对于一些与数学有关的题意没有理解太透彻 | I14: 在讲解DP状态设计时没有太理解透如何想出的状态设计，如括号序列 | J14: 今天的课程围绕动态规划的转移优化展开，重点讲解了单调数据结构优化转移、优先队列优化转移以及利用多种数据结构提升转移效率的技巧。梓涵能够较好地跟随授课思路，积极参与课堂交流，对核心概念的理解基本到位。在代码能力方面，梓涵能完成基础 DP 的实现，但在将数据结构与动态规划相结合的细节处理、边界条件判断及效率优化上仍有提升空间。梓涵在今天的比赛中发挥非常不错，基本上把考试的模版都写出来了，说明对主要知识点掌握较好，但在应对困难的 dp 问题时的思路拓展与实现熟练度还有待加强。我们会在后续督促孩子多做练习，加强对于知识点的实际运用能力。 | L14: 今天重点讲解了种常见的数据结构在动态规划状态转移中的加速技巧，以及讲解了昨天的 atcoder 的比赛。震轩同学在昨天的Atcoder 中表现不错，能够做出基础的题目，并且在老师讲解后能够及时进行补题，对于较难的题目也有很好的探究精神，对于早上讲解的动态规划问题，孩子也能及时想到朴素的转移方程，在老师讲解后能够理解优化转移的技巧。在模版测试中，震轩在今天的模版练习中，震轩对于 dp 的模版掌握的不错，基本都能写对，但是对于其他的一些模版震轩 掌握的还是有些欠缺。震轩非常好学，在吃好晚饭后，孩子主动回到教室练习模版，非常不错。在代码方面，震轩在 dp 测试中能够在题目中写出最基本的动态规划式子，但是在优化方面还不够熟悉，在做题目时还是需要多考虑一些特殊的情况，去优化状态或者转移的时间，我们会在后续督促孩子多做练习，加强对于知识点的实际运用能力。我们会在后续督促孩子多做练习，加强对于知识点的实际运用能力。
B15: 杜星澎 | C15: A- | D15: A- | E15: A- | F15: A- | G15: 知识巩固：无； 新知学习：二维DP、多维DP、状压DP、背包DP、数据结构优化DP。 | H15: T1exgcd板子学了忘忘了学，以前总是学不会，今天终于理解了； T7一开始考虑正难则反，状态设计少了一维，导致转移方程有误，只能骗分35pts； T8、T9、T11DP都只有一个一个大概的思路，转移方程没有想到，只能去暴力了（T8和T11甚至都没骗到分）； T10有一个大概的思路，但是考虑的是将整个矩阵分为上下两个三角形，做一遍数字金字塔，再把两部分的最大值加起来，得到答案，但是主对角线有可能被两部分重叠计算，与题意不符。 | I15: 背包 DP、区间 DP、DAG 上的 DP、树形 DP、状压 DP、数位 DP、插头 DP、计数 DP、动态 DP、概率 DP、DP 套 DP、DP 优化（好吧，其实我每一种DP都挺菜的）。 | J15: 今天的课程围绕动态规划的转移优化展开，重点介绍了单调数据结构优化转移、优先队列优化转移以及利用多种数据结构提升转移效率的技巧。星澎能够认真跟随授课内容，在关键知识点处积极思考并适时参与讨论，理解较为到位。星澎编程基础扎实，能够熟练将所学算法思想实现为高效、准确的程序，并能在实现过程中兼顾边界处理与性能优化。星澎在今天的比赛中发挥非常不错，基本上把考试的模版都写出来了，说明对主要知识点掌握较好，但在应对困难的 dp 问题时的思路拓展与实现熟练度还有待加强。我们会在后续督促孩子多做练习，加强对于知识点的实际运用能力。 | L15: 今天重点讲解了种常见的数据结构在动态规划状态转移中的加速技巧，以及讲解了昨天的 atcoder 的比赛。嘉润同学在昨天的Atcoder 中表现不错，能够做出基础的题目，并且在老师讲解后能够及时进行补题，对于较难的题目也有很好的探究精神，对于早上讲解的动态规划问题，孩子也能及时想到朴素的转移方程，在老师讲解后能够理解优化转移的技巧。嘉润在今天的模版练习中，嘉润对于 dp 的模版掌握的不错，基本都能写对，但是对于其他的一些模版嘉润 掌握的还是有些欠缺。嘉润非常好学，在吃好晚饭后，孩子主动回到教室练习模版，非常不错。在代码方面，在代码方面，嘉润在 dp 测试中可以结合 dfs 枚举的方式来获取部分分，但是在设计 dp 状态方面还不够熟悉，在做题目时还是需要多考虑一些特殊的情况，去设计状态，我们会在后续加强孩子对于基础动态规划的练习，在实战中真正运用动态规划的思想。
B16: 熊子轩 | C16: A- | D16: B+ | E16: B+ | F16: A- | G16: 学习了dp知识，上午讲解到了一道dp例题，下午进行测试后对几道题目进行了讲解，学习了如何对dp进行优化 讲解了如何得到dp思路及推出递推方程 | H16: 测试中在一道题上面耗费了较多时间，导致后面的题目部分分没有得到 | I16: 我要对dp题目进行跟多练习 | J16: 今天的课程围绕动态规划的转移优化展开，重点讲解了单调数据结构优化转移、优先队列优化转移以及利用多种数据结构提升转移效率的技巧。子轩能够较好地跟随授课内容，认真听讲并在讨论环节中适时表达自己的思路，对核心知识点理解较为扎实。子轩能够完成基础 DP 的实现，但在数据结构与 DP 结合的优化细节、边界条件处理以及代码效率上仍有提升空间。子轩在今天的比赛中发挥非常不错，基本上把考试的模版都写出来了，说明对主要知识点掌握较好，但在应对困难的 dp 问题时的思路拓展与实现熟练度还有待加强。我们会在后续督促孩子多做练习，加强对于知识点的实际运用能力。 | L16: 今天重点讲解了种常见的数据结构在动态规划状态转移中的加速技巧，以及讲解了昨天的 atcoder 的比赛。宇轩同学在昨天的Atcoder 中表现不错，能够做出基础的题目，并且在老师讲解后能够及时进行补题，对于较难的题目也有很好的探究精神，对于早上讲解的动态规划问题，孩子也能及时想到朴素的转移方程，在老师讲解后能够理解优化转移的技巧。在模版测试中，宇轩在今天的模版练习中，宇轩对于 dp 的模版掌握的不错，基本都能写对，但是对于其他的一些模版宇轩 掌握的还是有些欠缺。宇轩非常好学，在吃好晚饭后，孩子主动回到教室练习模版，有问题也会及时询问老师。在代码方面，在代码方面，宇轩在 dp 测试中可以结合 dfs 枚举的方式来获取部分分，但是在设计 dp 状态方面还不够熟悉，在做题目时还是需要多考虑一些特殊的情况，去设计状态，我们会在后续加强孩子对于基础动态规划的练习，在实战中真正运用动态规划的思想。我们会在后续督促孩子多做练习，加强对于知识点的实际运用能力。
B17: 金智宸 | C17: A- | D17: B+ | E17: B+ | F17: B+ | G17: 很多很多关于dp的知识 | H17: 没有想出如何设计dp的状态和方程；盯一道题盯了太久，没有合理分配时间去做其他题，没有注意一些细节。 | I17: 多了解 dp的状态(转移方程)是怎么设计出来的，多注意点细节。 | J17: 今天的课程围绕动态规划的转移优化展开，重点讲解了单调数据结构优化转移、优先队列优化转移以及利用数据结构提升转移效率的方法。智宸能够较好地跟随讲解思路，认真听讲并适时参与讨论，对课程核心概念理解较为扎实。智宸能够完成基础 DP 的实现，但在将数据结构与动态规划结合进行优化、处理复杂边界条件以及提升代码效率方面仍有提升空间。智宸在今天的比赛中发挥非常不错，基本上把考试的模版都写出来了，说明对主要知识点掌握较好，但在应对困难的 dp 问题时的思路拓展与实现熟练度还有待加强。我们会在后续督促孩子多做练习，加强对于知识点的实际运用能力。 | L17: 今天重点讲解了种常见的数据结构在动态规划状态转移中的加速技巧，以及讲解了昨天的 atcoder 的比赛。涵语同学在昨天的Atcoder 中表现不错，能够做出基础的题目，并且在老师讲解后能够及时进行补题，对于较难的题目也有很好的探究精神，对于早上讲解的动态规划问题，孩子也能及时想到朴素的转移方程，在老师讲解后能够理解优化转移的技巧。在模版测试中，涵语在今天的模版练习中，涵语对于 dp 的模版掌握的不错，基本都能写对，但是对于其他的一些模版涵语 掌握的还是有些欠缺。涵语非常好学，在吃好晚饭后，孩子主动回到教室练习模版，非常不错。在代码方面，在代码方面，涵语在 dp 测试中可以结合 dfs 枚举的方式来获取部分分，但是在设计 dp 状态方面还不够熟悉，在做题目时还是需要多考虑一些特殊的情况，去设计状态，我们会在后续加强孩子对于基础动态规划的练习，在实战中真正运用动态规划的思想。
B18: 刘孟霖 | C18: A- | D18: B+ | E18: B+ | F18: B+ | G18: 学习了动态规划的各种相关知识，比如：状态压缩动态规划，单调栈/单调队列优化动态规划 | H18: 在做“货币系统”时因为没看懂题目的意思导致没有通过；在做“Bill的跳转”时因为没有读懂题目意思导致没有通过；在做“最长公共子序列”的时候因为忘记怎么做了导致没有通过。 | I18: 后续计划：多做一些动态规划相关的题目加深对算法的理解；多默写几次一元二次不定式模板；复习动态规划的优化和动态规划的设计 | J18: 今天的课程围绕动态规划的转移优化展开，重点讲解了单调数据结构优化转移、优先队列优化转移以及利用多种数据结构提升转移效率的方法。孟霖能够认真跟随授课内容，适时参与讨论，对核心概念理解较为清晰。同时孟霖能够完成基础 DP 的实现，但在将数据结构与动态规划结合进行优化、处理复杂边界条件以及提升代码效率上仍有一定提升空间。孟霖在今天的比赛中发挥非常不错，基本上把考试的模版都写出来了，说明对主要知识点掌握较好，但在应对困难的 dp 问题时的思路拓展与实现熟练度还有待加强。我们会在后续督促孩子多做练习，加强对于知识点的实际运用能力。 | L18: 今天重点讲解了种常见的数据结构在动态规划状态转移中的加速技巧，以及讲解了昨天的 atcoder 的比赛。可馨同学在昨天的Atcoder 中表现非常不错，能自己做出一道代码实现非常困难的题，并且在老师讲解后能够及时进行补题，对于较难的题目也有很好的探究精神，对于早上讲解的动态规划问题，孩子也能及时想到朴素的转移方程，并且在老师的引导下能够想到优化转移的办法。在模版测试中，可馨在今天的模版练习中，基本上把考试的模版都写出来了，非常不错。在代码方面，可馨在 dp 测试中能够在题目中写出最基本的动态规划式子，但是在优化方面还不够熟悉，在做题目时还是需要多考虑一些特殊的情况，去优化状态或者转移的时间，我们会在后续督促孩子多做练习，加强对于知识点的实际运用能力。
B19: 何奇阳 | C19: A- | D19: A- | E19: A | F19: A | G19: 学了各种各样的dp以及其优化(晕) 学会很多类特定问题的解法 | H19: 手动放弃全部模板题目，去死磕dp，然后前面没得几分，后面也没得几分 写暴力没有决心，总是试图想出dp法然后不幸失败 | I19: 暴力算法需要熟悉，exgcd等模板需要熟练，至于dp……这方面只能说路漫漫其修远兮…… | J19: 今天重点讲解了种常见的数据结构在动态规划状态转移中的加速技巧。对于较难的题目也有很好的探究精神，对于早上讲解的动态规划问题，奇阳也能及时想到朴素的转移方程，并且在老师的引导下能够想到优化转移的办法。在测试中，奇阳今天的模版练习中，奇阳对于 dp 的模版掌握的不错，基本都能写对，但是对于其他的一些模版奇阳 掌握的还是有些欠缺。在代码方面，奇阳在 dp 测试中能够在题目中成功做出两道道很难的题目，非常厉害，同时可以结合 dfs 枚举的方式来获取部分分，但是在优化方面还不够熟悉，在做题目时还是需要多考虑一些特殊的情况，去优化状态或者转移的时间。 | L19: 今天重点讲解了种常见的数据结构在动态规划状态转移中的加速技巧，以及讲解了昨天的 atcoder 的比赛。葛义同学在昨天的Atcoder 中表现不错，能够做出基础的题目，并且在老师讲解后能够及时进行补题，对于较难的题目也有很好的探究精神。在代码方面，葛义对设计 dp 状态方面还不够熟悉，在做题目时还是需要多考虑一些特殊的情况，去设计状态，我们会在后续加强孩子对于基础动态规划的练习，在实战中真正运用动态规划的思想。
B20: 练皓文 | C20: A- | D20: B+ | E20: B+ | F20: B | G20: 学到了各种不同的DP，并做了复赛的题目，回忆了单调队列、最小生成树、状压DP等代码，练习了DP的各种题目。 | H20: 在测试中，对于exgcd等代码不够熟悉，导致没有写出来。同时，对于DP的状态设计能力不够，注意力以及观察力欠佳，导致后面几道DP的练习都没有通过。 | I20: 要多做有关各种DP的题目，锻炼自己的状态设计能力，提升观察力，增加写代码的熟练度；多默写exgcd等代码的模板，增加代码理解，提升熟练度。 | J20: 今天的课程重点讲解了动态规划的转移优化方法，包括单调数据结构优化转移、优先队列优化转移以及数据结构在动态规划中的应用。皓文能够积极跟随讲解并参与讨论，显示出较好的学习主动性。同时皓文能够完成动态规划及基础优化转移算法的实现，但在处理复杂边界条件和提升代码效率方面仍有提升空间。在今天的测试中，皓文对于 dp 的模版掌握的不错，基本都能写对，但是对于其他的一些模版皓文掌握的还是有些欠缺，在面对高难度或综合性问题时思路拓展和细节优化仍需加强。我们会在后续督促孩子多做练习，加强对于知识点的实际运用能力。
B21: 张岳琳 | C21: A- | D21: B+ | E21: B+ | F21: B | G21: 今天回忆起了dp（区间、状压、背包、多维等）、dp优化（单调栈等） | H21: 第8题理解错题意导致做错；多道题没把握好时间导致没时间思考后面的题 | I21: 多练习动态规划问题，以后考试按时间合理分配时间，不在一题上浪费太多时间 | J21: 今天的课程重点讲解了动态规划的转移优化方法，包括单调数据结构优化转移、优先队列优化转移以及数据结构在动态规划中的应用。岳琳能够积极跟随讲解并参与讨论，显示出较好的学习主动性。同时岳琳能够完成动态规划及基础优化转移算法的实现，但在处理复杂边界条件和提升代码效率方面仍有提升空间。在今天的测试中，岳琳对于 dp 的模版掌握的不错，基本都能写对，但是对于其他的一些模版皓文掌握的还是有些欠缺，在面对高难度或综合性问题时思路拓展和细节优化仍需加强。同时在时间分配上也需要注意，不要在同一道题上卡死，继续加油。
B22: 郭维皓 | C22: A- | D22: B+ | E22: B+ | F22: B+ | G22: 记忆化搜索，背包 DP，区间 DP，树形 DP，状压 DP，单调队列/单调栈优化DP | H22: 关于DP设计与exgcd算法掌握的现状反思 最近在算法练习中遇到了明显的瓶颈。动态规划(DP)部分始终难以突破设计关，面对新问题时常常陷入状态定义的迷茫。具体表现为： 无法准确识别子问题结构 状态转移方程推导耗时过长 边界条件处理经常遗漏 而在数论算法的exgcd（扩展欧几里得算法）实现中 对递归终止条件的理解不够直观 | I22: 多练习一些DP题目，多写几次exgcd | J22: 今天重点讲解了种常见的数据结构在动态规划状态转移中的加速技巧。对于较难的题目也有很好的探究精神，对于早上讲解的动态规划问题，维皓也能及时想到朴素的转移方程，在老师讲解后能够理解优化转移的技巧。在模版测试中，维皓在今天的模版练习中，涵语对于 dp 的模版掌握的不错，基本都能写对，但是对于其他的一些模版维皓 掌握的还是有些欠缺。在代码方面，维皓在在面对高难度或综合性问题时思路拓展和细节优化仍需加强，在做题目时还是需要多考虑一些特殊的情况，去设计状态，我们会在后续加强孩子对于基础动态规划的练习，在实战中真正运用动态规划的思想，继续加油。
A31: 代码能力(当天最难的知识点 或 所有基础都理解就是A 或 班级表现前70%) A / B 理解能力(当天最难的知识点 或 所有基础都理解就是A 或 班级表现前70%) A / B 摸底测或代码模板默写(统称为小检测，4-5-1 对应A-B-C) A:30 B:20 C:10 最终表现 A类 >= 80分 B类 >= 60分 C类 < 60分
A38: 代码能力：取决于今天的模版练习情况和昨天atcdoer C题是否做出的
A39: 理解能力：取决于 atcoder 的 D 是否通过，以及最后 5 题的解题情况

Sheet Day2反馈表
A1: 暑假集训学习反馈卡 | N1: 张陈曦暑假集训学习反馈卡
B4: 姓名 | D4: 郭维皓
P5: 测试内容: CSP2022初赛真题
B6: 课堂积极性 | D6: 理解能力 | F6: 代码能力 | H6: 综合评价 | P6: 基础选择得分 (满分30) | R6: 程序阅读得分 (满分40) | U6: 完善代码得分 (满分30) | W6: 总分 (浙江晋级线78.5)
B8: =VLOOKUP(D4,day2!$B$7:$G$100,2,FALSE) -> A- | D8: =VLOOKUP(D4,day2!$B$7:$G$100,3,FALSE) -> B+ | F8: =VLOOKUP(D4,day2!$B$7:$G$100,4,FALSE) -> B+ | H8: =VLOOKUP(D4,day2!$B$7:$G$100,5,FALSE) -> B+ | P8: 30 | R8: 28.5 | U8: 30 | W8: =SUM(P8:V10) -> 88.5
B12: 学生总结 | C12: 收获 (今天学到了/回忆起了什么知识) | E12: =VLOOKUP(D4,day2!$B$7:$G$100,6,FALSE) -> 记忆化搜索，背包 DP，区间 DP，树形 DP，状压 DP，单调队列/单调栈优化DP | P12: 学生总结 | Q12: 收获 (今天学到了/回忆起了什么知识) | T12: 二分查找、哈夫曼编码
C14: 学生自我反思 (在测试/学习中出现了什么失误/错误) | E14: =VLOOKUP(D4,day2!$B$7:$Z$100,7,FALSE) -> 关于DP设计与exgcd算法掌握的现状反思 最近在算法练习中遇到了明显的瓶颈。动态规划(DP)部分始终难以突破设计关，面对新问题时常常陷入状态定义的迷茫。具体表现为： 无法准确识别子问题结构 状态转移方程推导耗时过长 边界条件处理经常遗漏 而在数论算法的exgcd（扩展欧几里得算法）实现中 对递归终止条件的理解不够直观 | Q14: 学生自我反思 (在测试/学习中出现了什么失误/错误) | T14: 阅读程序： （2）、1（不会）、2（我赌它两行输出相同）、5（因为第一题赌它俩函数输出相同，所以直接拿dp表算的，然后就错了） （3）、3（没算对）、4（没算对）
C16: 计划 (在什么知识点上还需要更多练习/讲解) | E16: =VLOOKUP(D4,day2!$B$7:$Z$100,8,FALSE) -> 多练习一些DP题目，多写几次exgcd | Q16: 计划 (在什么知识点上还需要更多练习/讲解) | T16: 树、图、动态规划
B18: 教师寄语 | C18: =VLOOKUP(D4,day2!$B$7:$Z$100,9,FALSE) -> 今天重点讲解了种常见的数据结构在动态规划状态转移中的加速技巧。对于较难的题目也有很好的探究精神，对于早上讲解的动态规划问题，维皓也能及时想到朴素的转移方程，在老师讲解后能够理解优化转移的技巧。在模版测试中，维皓在今天的模版练习中，涵语对于 dp 的模版掌握的不错，基本都能写对，但是对于其他的一些模版维皓 掌握的还是有些欠缺。在代码方面，维皓在在面对高难度或综合性问题时思路拓展和细节优化仍需加强，在做题目时还是需要多考虑一些特殊的情况，去设计状态，我们会在后续加强孩子对于基础动态规划的练习，在实战中真正运用动态规划的思想，继续加油。 | P18: 教师寄语 | Q18: 今天的课程内容是一次初赛模拟赛和讲解，以及2022年真题的测试与讲解。今天陈曦的表现很不错，超过了浙江晋级分数线整整10分，在基础选择和完善代码部分都是满分，这个成绩已经非常不错了。明天我们会把所有J组的知识点再过一遍，做最后一遍查漏补缺，最后做一下2023的真题卷，作为我们集训营内容的收尾，希望陈曦可以在明天也可以获得一个好成绩。

Sheet day3
A1: 3 | B1: 姓名 | C1: 课堂积极性 | D1: 代码能力 | E1: 理解能力 | F1: 综合评价 | G1: 总结 | H1: 反思 | I1: 计划 | J1: 反馈结果 | K1: 总评 | L1: 课堂积极性 | M1: 理解能力 | N1: 代码能力 | O1: 后续建议
A2: 今天主要选讲了提高组的真题，聚焦在如何从题目中捕捉特殊性质与关键特点，并结合一些“小技巧”来将原本 O(n²) 或更高复杂度的算法调优到 O(n log n) 或 O(n) 级别。 | B2: 葛义 | C2: B- | D2: C+ | E2: C+ | F2: C+ | J2: =A$2&""&SUBSTITUTE(IF(OR(C2="A",C2="A-",C2="A+"),L$2,IF(OR(C2="B",C2="B-",C2="B+"),L$3,L$4)),"【xx】",B2)&"在代码方面，"&SUBSTITUTE(IF(OR(D2="A",D2="A-",D2="A+"),M$2,IF(OR(D2="B",D2="B-",D2="B+"),M$3,M$4)),"【xx】",B2)&"在测试中，"&SUBSTITUTE(IF(OR(E2="A",E2="A-",E2="A+"),N$27,IF(OR(E2="B",E2="B-",E2="B+"),N$28,N$29)),"【xx】",B2)&""&SUBSTITUTE(IF(OR(F2="A",F2="A-",F2="A+"),O$2,IF(OR(F2="B",F2="B-",F2="B+"),O$3,O$4)),"【xx】",B2) -> 今天主要选讲了提高组的真题，聚焦在如何从题目中捕捉特殊性质与关键特点，并结合一些“小技巧”来将原本 O(n²) 或更高复杂度的算法调优到 O(n log n) 或 O(n) 级别。葛义同学能够在老师或同学发起讨论时给予回应，课堂上既认真倾听也适时参与。在代码方面，葛义同学已能意识到从题目中提取关键信息对于算法的重要性，并尝试使用基础的小技巧来缩减常数或降低复杂度。在测试中，葛义通过今天的学习，能够在题目中抓住关键性质，并且在部分代码中使用技巧来提升代码效率，成功写出了压轴题的部分分代码，还是不错的。但是在一道用二分优化的题目中，孩子没想到优化方法，后续需要通过不断练习来提高算法优化技巧的熟练度。后续会通过不断练习来提高算法优化技巧的熟练度。 | K2: =IF(D2="A",1,0)*30+IF(D2="B",1,0)*20+IF(D2="C",1,0)*10+IF(E2="A",1,0)*30+IF(E2="B",1,0)*20+IF(E2="C",1,0)*10+IF(F2="A",1,0)*30+IF(F2="B",1,0)*20+IF(F2="C",1,0)*10 -> 0 | L2: 【xx】同学积极参与课堂互动，对于一些常见的算法优化能够很快的反应出来。 | M2: 【xx】同学表现优异，能够迅速捕捉真题中的关键信息，并灵活运用小技巧将原本较慢的解法优化至更高效的算法，思路清晰。 | N2: 【xx】能够迅速的从题目中抓住关键性质，然后灵活运用技巧将代码的时间复杂度优化到一个可以完全通过题目的程度，成功使用二分做出了一道较难的题目。
L3: 【xx】同学能够在老师或同学发起讨论时给予回应，课堂上既认真倾听也适时参与。 | M3: 【xx】同学基础扎实，对题目特殊性质和优化思路有较好把握，能够在指导下想出核心步骤，但在整体思路与细节实现上还需进一步锻炼。 | N3: 【xx】能够迅速的从题目中抓住关键性质，然后灵活运用技巧将代码的时间复杂度优化到一个可以完全通过题目的程度，成功优化代码通过了一道题目。但是在一道用二分优化的题目中，孩子没想到优化方法，后续需要通过不断练习来提高算法优化技巧的熟练度。 | O3: 后续会通过反思加上总结的方法来锻炼建模能力。
L4: 【xx】同学在课堂上能够专心听讲并在必要时做出回应。 | M4: 【xx】同学已能意识到从题目中提取关键信息对于算法的重要性，并尝试使用基础的小技巧来缩减常数或降低复杂度。 | N4: 【xx】通过今天的学习，能够在简单的题目中抓住关键性质，并且在部分代码中使用技巧来提升代码效率，成功写出了压轴题的部分分代码，还是不错的。但是在一道用二分优化的题目中，孩子没想到优化方法，后续需要通过不断练习来提高算法优化技巧的熟练度。 | O4: 后续会通过不断练习来提高算法优化技巧的熟练度。
N8: 【xx】通过今天的学习，能够在简单的题目中抓住关键性质，并且在部分代码中使用技巧来提升代码效率。但是在比较复杂的题目中往往难以准确判断切入点，只能做出部分优化，导致最终时间复杂度仍然较高。
A9: 1 | B9: 何奇阳 | C9: A | D9: A | E9: A | F9: A+ | G9: 某CSP-S真题里的折半搜索(双向广搜,小时候玩迷宫题就用过，但是第一次用在图论里)以及某道情况非常丰富的博弈论题。了解了如何正确的处理博弈论的决策，即考虑多种角度和情况分类讨论 下午小考试的题目，T2复习了圆锥曲线和二次方程(误)。 T5，图论的妙用这一块,不过无法否认序列跳跃产生了同构于图的topo结构，自然可以把它转为图论解决，可视作嵌入的逆元吧 T6还告诉了我模拟的妙用，实在太妙用了 | H9: T4一眼觉得区间查询可以上线段树花了一个半小时搓出可持久化……然后，TLE了！直接去世,T5,6已经没空做了 | I9: ***的哈希！这是真欠缺……还是要舍弃"滑板火箭"的数据结构思维，"遇事不决先种树"，数据结构只是工具，无法真正解决根本性问题。 | J9: 今天主要选讲了提高组的真题，聚焦在如何从题目中捕捉特殊性质与关键特点，并结合一些“小技巧”来将原本 O(n²) 或更高复杂度的算法调优到 O(n log n) 或 O(n) 级别。奇阳能够在老师或同学发起讨论时给予回应，课堂上既认真倾听也适时参与。在代码方面，奇阳表现优异，能够迅速捕捉真题中的关键信息，并灵活运用小技巧将原本较慢的解法优化至更高效的算法，思路清晰。在测试中，奇阳通过今天的学习，能够迅速的从题目中抓住关键性质，能够快速的完成前三题，但是在第四题中花费了大量时间，有些时候在做题时太依赖高级的数据结构，需要从题目中多挖掘些性质在考试思考，同时需要注意题目中的部分分，继续加油。 | N9: 【xx】通过今天的学习，能够在简单的题目中抓住关键性质，并且在部分代码中使用技巧来提升代码效率。但是在比较复杂的题目中往往难以准确判断切入点，只能做出部分优化，导致最终时间复杂度仍然较高。
A10: 2 | B10: 祁靖轩 | C10: A+ | D10: A+ | E10: A | F10: A+ | G10: 今天上午主要练习了csp-s2的真题,下午也进行了比赛.做题的收获并非是如何写题目的代码,而是解题的技巧.如假期计划一题需要使用折半搜索以降低代码时间复杂度,跳题中原本看起来是一道非图论的题目,但是如果转变为图上的题目,就知道原来是一个最短(长)路算法思想题.所以,有时候,换个角度看同一个问题,会有不一样的发现. | H10: 测试时的难题没能做出来,没有发现题中的关键点而只是一味地跟着题面走,把难题看的太简单了. | I10: dp数组的状态设计,哈希的应用 | J10: 今天主要选讲了提高组的真题，聚焦在如何从题目中捕捉特殊性质与关键特点，并结合一些“小技巧”来将原本 O(n²) 或更高复杂度的算法调优到 O(n log n) 或 O(n) 级别。靖轩积极参与课堂互动，对于一些常见的算法优化能够很快的反应出来。在代码方面，靖轩表现优异，能够迅速捕捉真题中的关键信息，并灵活运用小技巧将原本较慢的解法优化至更高效的算法，思路清晰。在测试中，靖轩通过今天的学习，能够迅速的从题目中抓住关键性质，能够快速的完成前三题，但是在第四题中花费了大量时间，导致后面的题目没有时间去看，从而没有获取对应的部分分，这块下次可以注意下，需要合理的分配时间，继续加油。
A11: 3 | B11: 陈一实 | C11: A | D11: A | E11: A | F11: A | G11: 第一·二题考的是我们的观察能力（第二题还考了一些基础知识） 假期计划：折半搜索 策略游戏：遇到情况少的博弈，可以进行分类讨论 总结一下：今天学习了一些编程思路，不仅巩固了从前松懈的知识，对于难题的理解也加深了， 这，就是惊天的主题！！！ | H11: 一 道 题 想 了 一 天 ，想 不 到 正 解 | I11: .不用. | J11: 今天主要选讲了提高组的真题，聚焦在如何从题目中捕捉特殊性质与关键特点，并结合一些“小技巧”来将原本 O(n²) 或更高复杂度的算法调优到 O(n log n) 或 O(n) 级别。一实能够在老师或同学发起讨论时给予回应，课堂上既认真倾听也适时参与。在代码方面，一实表现优异，能够迅速捕捉真题中的关键信息，并灵活运用小技巧将原本较慢的解法优化至更高效的算法，思路清晰。在测试中，一实能够迅速的从题目中抓住关键性质，获取了两道题的首 A，其中还有道难度很大的题。总体来说，一实今天表现的很好，几乎能把自己能拿的分都拿了，继续保持。
A12: 4 | B12: 余廷锴 | C12: A | D12: A | E12: A- | F12: A | G12: 在“假期计划”中学习了折半搜索，可以更方便地查询路径，在“策略游戏”中学习了分类讨论的做题方法，使用了少量的博弈；下午进行了复赛模拟，练习了有关hash优化的题目。收获了在做题中要透过现象看本质的道理，如“跳题”本质上是图论题，涉及了许多从一个地方跳到另一个地方的操作，可通过迪杰斯特拉这一最短路径算法解决。 | H12: 在“跳题”中没有想到这是一道图论题；忘记了部分有关抛物线的知识；部分题目没有发现模拟的做法。 | I12: 关于哈希的知识需要更多练习，关于数学的知识有部分遗忘，需要练习（写暑假作业），要练习读题能力。 | J12: 今天主要选讲了提高组的真题，聚焦在如何从题目中捕捉特殊性质与关键特点，并结合一些“小技巧”来将原本 O(n²) 或更高复杂度的算法调优到 O(n log n) 或 O(n) 级别。廷锴积极参与课堂互动，对于一些常见的算法优化能够很快的反应出来。在代码方面，廷锴表现优异，能够迅速捕捉真题中的关键信息，并灵活运用小技巧将原本较慢的解法优化至更高效的算法，思路清晰。在测试中，廷锴能够迅速的从题目中抓住关键性质，做出了两道题难度较大的题。不过在剩下的题目中，廷锴没有获取部分分，希望在后续的考试中，廷锴可以更好的分配考试时间，获取更多的分数，继续加油。
A13: 5 | B13: 郭维皓 | C13: A- | D13: A- | E13: A- | F13: A | G13: 通过折半搜索思想减少所需枚举点数量，运用分类讨论研究简单博弈，容斥原理，问题类型转换,以数据范围倒推最大支持复杂度等 | H13: dfs写炸了，注意力不够惊人，T3错误的维护了单个时间点上的温度而不是温度区间，没有给后续转移留下空间 | I13: 提升注意力 | J13: 今天主要选讲了提高组的真题，聚焦在如何从题目中捕捉特殊性质与关键特点，并结合一些“小技巧”来将原本 O(n²) 或更高复杂度的算法调优到 O(n log n) 或 O(n) 级别。维皓能够在老师或同学发起讨论时给予回应，课堂上既认真倾听也适时参与。在代码方面，维皓基础扎实，对题目特殊性质和优化思路有较好把握，能够在指导下想出核心步骤，但在整体思路与细节实现上还需进一步锻炼。在测试中，维皓能够迅速的从题目中抓住关键性质，然后灵活运用技巧将代码的时间复杂度优化到一个可以完全通过题目的程度，成功使用二分做出了一道较难的题目。在剩下的时间内，维皓也能把所有题目的暴力分实现一遍，还是不错的，继续加油。
A14: 6 | B14: 练皓文 | C14: A- | D14: A- | E14: A- | F14: A- | G14: 早上讲了假期计划和策略游戏两道题目，学到了折半搜索和分类讨论；下午进行了复赛的模拟练习，学到了许多复赛实用知识，如将不显然的图论题目经过分析变成图论题（一个点可以往前或往后跳，由此联想到图论，建立类似边的联系）、将函数图像联立方程（有几个解代表有几个交点）等。 收获：让我认识到了许多题目的本质考点与表面是有不同点的，也让我学会了通过数据大小反推出代码做多能开到多少的时间复杂度。 | H14: 对于题目的理解能力不够，很难看清题目的本质，只能通过特殊测试点或样例分析题意，所以总是与题意有出入，导致题目无法通过或只能通过部分特殊测试点。 | I14: 要多练习复赛题目，提升对题目的理解能力，锻炼思维能力，提升观察力和注意力。 | J14: 今天主要选讲了提高组的真题，聚焦在如何从题目中捕捉特殊性质与关键特点，并结合一些“小技巧”来将原本 O(n²) 或更高复杂度的算法调优到 O(n log n) 或 O(n) 级别。皓文能够在老师或同学发起讨论时给予回应，课堂上既认真倾听也适时参与。在代码方面，皓文基础扎实，对题目特殊性质和优化思路有较好把握，能够在指导下想出核心步骤，但在整体思路与细节实现上还需进一步锻炼。在测试中，皓文能够迅速的从题目中抓住关键性质，然后灵活运用技巧将代码的时间复杂度优化到一个可以完全通过题目的程度，成功优化代码通过了一道题目。但是在一道用二分优化 解“一元二次方程”的题目中，孩子没想到优化方法，非常可惜，后续需要通过不断练习来提高算法优化技巧的熟练度。后续会通过反思加上总结的方法来锻炼建模能力。
A15: 7 | B15: 吴奕淳 | C15: A- | D15: A- | E15: A- | F15: A- | G15: 今天学习了折半搜索（BFS广搜时，可以从一头一尾开始搜索，等两边搜索到同一个点的时候，就可以连成一条路线了）以及策略游戏（在遇到博弈情况的策略游戏时，可以先进行分类讨论，然后对其进行总结），以后要将一些想不到什么算法的与其他算法多进行练习，同时可以通过数据范围倒推出正解的时间复杂度。 | H15: 在复赛模拟赛的题目“最佳拍照地点”中，由于对抛物线不熟悉，导致没有写出来；在题目“射箭”中，对题目分析不够，只写出了暴力写法，没有通过特殊样例点倒推出思路和获得一定分数，更没有写出正解。 | I15: 多学习数学相关问题，防止遇到数学类问题时想不出来。多挖掘题目深层含义，增加题目理解能力。 | J15: 今天主要选讲了提高组的真题，聚焦在如何从题目中捕捉特殊性质与关键特点，并结合一些“小技巧”来将原本 O(n²) 或更高复杂度的算法调优到 O(n log n) 或 O(n) 级别。奕淳能够在老师或同学发起讨论时给予回应，课堂上既认真倾听也适时参与。在代码方面，奕淳基础扎实，对题目特殊性质和优化思路有较好把握，能够在指导下想出核心步骤，但在整体思路与细节实现上还需进一步锻炼。在测试中，奕淳能够迅速的从题目中抓住关键性质，然后灵活运用技巧将代码的时间复杂度优化到一个可以完全通过题目的程度，成功实现出了一道较难的题目，也能很好的观察题目性质，非常好。但是在一道用二分优化 解“一元二次方程”的题目中，孩子没想到优化方法，非常可惜，后续需要通过不断练习来提高算法优化技巧的熟练度。后续会通过反思加上总结的方法来锻炼建模能力。
A16: 8 | B16: 张允泽 | C16: A- | D16: A- | E16: A- | F16: A- | G16: 今天练习了复赛的题目，学习了双端广搜（折半搜索）（假期计划：从起点、终点同时搜索减少时间），简单博弈类型题目拆分成子问题，对子问题进行求解后再求出正确答案（题目策略游戏：将二维矩阵上的问题拆分成一维上的区间问题），可以将一些题目转化为图上的解题。学会了通过观察特殊性质以获取部分分数或者从中找出正解解法等（射箭：测试点1,2只会有两个值，统计值的数量加以判断即可得分），加强了对于题目内涵，解法等内容的剖析。 | H16: 在测试时第二题有关二次函数的题目，已经推导出了有关于根的判别式的内容，距离正解只差一步之遥时放弃该题去做其他题目，并没有继续深入探讨解法，后续再回到该题时思路断了没有解决问题。 | I16: 多加练习复赛题目，培养对于题干的剖析，观察能力（观察到题目需要的解法/简化操作等），学会从题目数据范围/特殊数据发现题目的性质或者解题方法（获取一部分的分数或者从中找出正解），更快，更准确的求解题目。 | J16: 今天主要选讲了提高组的真题，聚焦在如何从题目中捕捉特殊性质与关键特点，并结合一些“小技巧”来将原本 O(n²) 或更高复杂度的算法调优到 O(n log n) 或 O(n) 级别。允泽能够在老师或同学发起讨论时给予回应，课堂上既认真倾听也适时参与。在代码方面，允泽基础扎实，对题目特殊性质和优化思路有较好把握，能够在指导下想出核心步骤，但在整体思路与细节实现上还需进一步锻炼。在测试中，允泽能够迅速的从题目中抓住关键性质，然后灵活运用技巧将代码的时间复杂度优化到一个可以完全通过题目的程度，成功优化代码通过了一道题目。但是在一道用二分优化的题目中，孩子想到优化方法，但是在实现的过程中遇到了问题，需要注意二分要在一个有序数组中进行，继续加油。
A17: 9 | B17: 张岳琳 | C17: A- | D17: A- | E17: A- | F17: A- | G17: 今天学到博弈问题如果比较少可以先分类讨论再总结、可经分析后把非图论问题变成图上问题（如果有的题明确的某个点可到另一个点）、方案数量问题的新思路：合法方案=总方案-不合法方案、看数据范围（根据范围反推算法时间复杂度）、样例性质（合理骗分依据）、根据子任务的特殊性质反推正解思路（策略游戏） | H17: 第2题求根公式记错导致写不出来；第3题数组开小导致样例没过；最后一题没结合样例审题导致思路堵塞 | I17: 多练习动态规划、方案问题，下次做题“骗分”前看一眼数据范围依特殊性质做题 | J17: 今天主要选讲了提高组的真题，聚焦在如何从题目中捕捉特殊性质与关键特点，并结合一些“小技巧”来将原本 O(n²) 或更高复杂度的算法调优到 O(n log n) 或 O(n) 级别。岳琳能够在老师或同学发起讨论时给予回应，课堂上既认真倾听也适时参与。在代码方面，岳琳基础扎实，对题目特殊性质和优化思路有较好把握，能够在指导下想出核心步骤，但在整体思路与细节实现上还需进一步锻炼。在测试中，岳琳能够迅速的从题目中抓住关键性质，然后灵活运用技巧将代码的时间复杂度优化到一个可以完全通过题目的程度，成功优化代码通过了一道题目。但是在一道用二分优化“一元二次方程”的题目中，岳琳想到了解法程的暴力代码，但是没想到优化方法，在后续给孩子讲解后，想到了正确做法，后续需要通过不断练习来提高算法优化技巧的熟练度，继续加油。
A18: 10 | B18: 张梓涵 | C18: A- | D18: B+ | E18: B+ | F18: A- | G18: 在今天上午我们主要是写题，写了之前csp-s的真题,如2022年真题假期计划、策略游戏，学习了折半搜索，就是可以从问题的中间开始思考，把一整个问题分成两个子问题，同时也初步接触了博弈论，同时也在灵活利用图论知识，将Dijkstra的思想运用到类似非图论题目上，多想一些解题方法，学会多方位思考问题，有时可以看这道题目的背后的真正目的，有时也可以从答案出发，将总方案-非法方案得出合法方案 | H18: 在下午测试时依旧太过沉迷于做出前两道题目，而导致在写后面题目的部分分时没时间，部分分依旧没拿全，同时也对一些题目想的太过复杂，应适当发散一下思维，避免太死磕在一种思路上，多想一些解题方法，学会多方位思考问题，有时可以看这道题目的背后的真正目的，有时也可以从答案出发，将总方案-非法方案得出合法方案，我就没想到。 | I18: 对于类似于数学类的题目上应进行更深入的思考，将一道题目进行更彻底的思考，对题目的本质进行更加深刻的分析，在写有关数学类的题时可以灵活运用学过的数据结构 | J18: 今天主要选讲了提高组的真题，聚焦在如何从题目中捕捉特殊性质与关键特点，并结合一些“小技巧”来将原本 O(n²) 或更高复杂度的算法调优到 O(n log n) 或 O(n) 级别。梓涵积极参与课堂互动，对于一些常见的算法优化能够很快的反应出来。在代码方面，梓涵基础扎实，对题目特殊性质和优化思路有较好把握，能够在指导下想出核心步骤，但在整体思路与细节实现上还需进一步锻炼。在测试中，梓涵通过今天的学习，能够在简单的题目中抓住关键性质，能够想到题目的暴力解法，但是在没有成功的把题目优化，非常可惜，在做题的时候需要多想一想题目是否和之前学过的某个算法类似，通过之前学过的算法来优化时间复杂度，继续加油。
A19: 11 | B19: 刘孟霖 | C19: A- | D19: B+ | E19: B+ | F19: B+ | G19: 学会看数据范围，数据范围可能在提醒你一些事情，比如 2025-xp0-03-T1 中的数据范围就已经在提醒这道题要注意数据的奇偶性； 对于某些题目，运用数学方法可以加快程序运行速度，比如 2025-xp05-03-T2 中可以利用Δ(根的判别式)来判断函数图像之间是否有交点； 在做题时可以联想一下，比如 2025-xp05-03-T5 中可以把题干中的“跳题”和从当前题目往前做的做法和图论知识点联系在一起，用图论可以让题目更简单(打破出题者给你的假象,拆穿出题者的谎言)； 当做难题时不一定要往高级的算法上去想，比如 2025-xp05-03-T6 中看起来很难解，但如果转换一下思路，看透某些联系，做题就变简单了(这一道题是测试最难的题，但用的是模拟算法)； 做题时可以针对数据特性分类讨论，逐渐推出正解。 | H19: 在做“擦黑板”时没有注意到数据范围中的数据特性，导致没有完全通过；在做“最佳拍照地点”时忘记了根的判别式是什么导致没有通过；在做“跳题”时没有看透题目的本质是道图论题目导致没有完全通过；在做“修复二进制串”的时候因为没有合理分配时间导致时间不足只写了个暴力导致没有完全通过； | I19: 后续计划：复习线段树的写法，加深手搓线段树代码的熟练度(在做题的时候想用线段树但是忘了怎么写了)；多默写几次ST表的模板，并加深对该模板的印象；多做一些利用数学知识减少代码复杂度的题目，增加刷题经验。 | J19: 今天主要选讲了提高组的真题，聚焦在如何从题目中捕捉特殊性质与关键特点，并结合一些“小技巧”来将原本 O(n²) 或更高复杂度的算法调优到 O(n log n) 或 O(n) 级别。孟霖能够在老师或同学发起讨论时给予回应，课堂上既认真倾听也适时参与。在代码方面，孟霖基础扎实，对题目特殊性质和优化思路有较好把握，能够在指导下想出核心步骤，但在整体思路与细节实现上还需进一步锻炼。在测试中，孟霖能够在简单的题目中抓住关键性质，并且在部分代码中使用技巧来提升代码效率，成功写出了压轴题的部分分代码，还是不错的。但是在一道用二分优化的题目中，孩子没想到优化方法，后续需要通过不断练习来提高算法优化技巧的熟练度，继续加油。
A20: 12 | B20: 张世昌 | C20: A- | D20: B+ | E20: B+ | F20: B+ | G20: 我们今天学习了几道比较难的题，一是假期计划，这道题需要用到Meet In The Middle，也就是折半搜索，我们把本来搜一遍东西拆成两半去搜，需要用到迪杰斯特拉最短路算法；第二道题是策略游戏，我学到了在遇到这种情况比较小的博弈时，可以进行分类讨论，然后进行总结；第三道题是最佳拍摄地点，这道题就是考验大家数学怎么样，把数学和代码结合，通过联立方程查看是否有解；跳题这道题更有趣，我们需要跟具题里面一些和图毫不相关的意思，推理出要把这道题转化成一个图上的题目，进行迪杰斯特拉最短路计算。 | H20: 在下午写题时对着第一题想了将近两个小时，导致后面连暴力的时间都不太够了，有些题没挖掘到隐含信息。 | I20: 对于一些要转换成其他方法去解的题目要多加练习，以后要多观察题目，找到题目里的隐含信息； | J20: 今天主要选讲了提高组的真题，聚焦在如何从题目中捕捉特殊性质与关键特点，并结合一些“小技巧”来将原本 O(n²) 或更高复杂度的算法调优到 O(n log n) 或 O(n) 级别。世昌能够在老师或同学发起讨论时给予回应，课堂上既认真倾听也适时参与。在代码方面，世昌基础扎实，对题目特殊性质和优化思路有较好把握，能够在指导下想出核心步骤，但在整体思路与细节实现上还需进一步锻炼。在测试中，世昌能够在简单的题目中抓住关键性质，并且在部分代码中使用技巧来提升代码效率，成功写出了一道难题的部分分代码，还是不错的。但是在一道用二分优化的题目中，孩子没想到优化方法，后续需要通过不断练习来提高算法优化技巧的熟练度，继续加油。
A21: 13 | B21: 熊子轩 | C21: A- | D21: B | E21: B | F21: B | G21: 在题目假期计划，学习了折半搜索的思想，通过确定其余点再结合确定之间的点来优化算法 题目策略游戏：博弈题目中若博弈情况比较小可以通过分类讨论 跳题：一些看起来并不是图论的题目可能通过分析后与图论题目做法相识从而转换成图论题目做 | H21: 在测试时的T2中耗费了过多时间，时间分配不合理，导致后面一些题目部分分代码没有写完，考试时候心态不够好容易红温 | I21: 要多加练习思维类的题目，练习分析题目能力 | J21: 今天主要选讲了提高组的真题，聚焦在如何从题目中捕捉特殊性质与关键特点，并结合一些“小技巧”来将原本 O(n²) 或更高复杂度的算法调优到 O(n log n) 或 O(n) 级别。子轩能够在老师或同学发起讨论时给予回应，课堂上既认真倾听也适时参与。在代码方面，子轩基础扎实，对题目特殊性质和优化思路有较好把握，能够在指导下想出核心步骤，但在整体思路与细节实现上还需进一步锻炼。在测试中，子轩能够在简单的题目中抓住关键性质，并且在部分代码中使用技巧来提升代码效率，成功写出了一道难题的部分分代码，还是不错的。但是在一道用二分优化的题目中，孩子没想到优化方法，后续需要通过不断练习来提高算法优化技巧的熟练度，继续加油。
... A24: 16 | B24: 金智宸 | C24: A- | D24: B | E24: B | F24: B- | G24: 折半搜索；遇到情况较少的博弈类题目，先分类讨论，在总结；数学中判断两个函数是否有交点，联立方程通过德尔塔(小三角 = b^2+4ac)看是否有解；把一些不是图论的题目经过(神秘)分析转换后变成图上的题目；在求符合某种特殊的方案数时，如果直接计算能不太行，就可以用：合法方案数 = 总数-不合法数，用于解决一些求方案数(计数)问题。把之前没有学好的东西，巩固的更好，对于难题就有更多的手段去解决。 | H24: 没有把控好时间，只顾着做一道题；没有仔细的观察题目导致扣分，数组开小导致越界。 | I24: 如何把一些不是图论的题目经过(神秘)分析转换后变成图上的题目的(神秘)方法；博弈类题目的分类讨论；折半搜索；练习dp的题目来多加练习设计状态（转移方程）的能力 | J24: 今天主要选讲了提高组的真题，聚焦在如何从题目中捕捉特殊性质与关键特点，并结合一些“小技巧”来将原本 O(n²) 或更高复杂度的算法调优到 O(n log n) 或 O(n) 级别。智宸在课堂上能够专心听讲并在必要时做出回应。在代码方面，智宸已能意识到从题目中提取关键信息对于算法的重要性，并尝试使用基础的小技巧来缩减常数或降低复杂度。在测试中，智宸能够在题目中抓住关键性质，成功写出了一些题目的部分分代码，还是不错的。但是在一道用二分优化的题目中，孩子没想到优化方法，后续需要通过不断练习来提高算法优化技巧的熟练度。后续会通过不断练习来提高算法优化技巧的熟练度。
N27: 【xx】能够迅速的从题目中抓住关键性质，然后灵活运用技巧将代码的时间复杂度优化到一个可以完全通过题目的程度，成功使用二分做出了一道较难的题目。不过在做一道哈希问题时，【xx】对于哈希有些忘记了，在老师讲解后，会想起哈希的原理及作用，后续可以再去练习下哈希。
N28: 【xx】能够迅速的从题目中抓住关键性质，然后灵活运用技巧将代码的时间复杂度优化到一个可以完全通过题目的程度，成功优化代码通过了一道题目。但是在一道用二分优化的题目中，孩子没想到优化方法，后续需要通过不断练习来提高算法优化技巧的熟练度。
N29: 【xx】通过今天的学习，能够在题目中抓住关键性质，并且在部分代码中使用技巧来提升代码效率，成功写出了压轴题的部分分代码，还是不错的。但是在一道用二分优化的题目中，孩子没想到优化方法，后续需要通过不断练习来提高算法优化技巧的熟练度。
A31: 代码能力(当天最难的知识点 或 所有基础都理解就是A 或 班级表现前70%) A / B 理解能力(当天最难的知识点 或 所有基础都理解就是A 或 班级表现前70%) A / B 摸底测或代码模板默写(统称为小检测，4-5-1 对应A-B-C) A:30 B:20 C:10 最终表现 A类 >= 80分 B类 >= 60分 C类 < 60分
A38: 代码能力取决于总分数
A39: 理解能力取决于考试第二题是否 ac

Sheet Day3反馈表
A1: 暑假集训学习反馈卡 | N1: 张陈曦暑假集训学习反馈卡
B4: 姓名 | D4: 金智宸
P5: 测试内容: CSP2022初赛真题
B6: 课堂积极性 | D6: 理解能力 | F6: 代码能力 | H6: 综合评价 | P6: 基础选择得分 (满分30) | R6: 程序阅读得分 (满分40) | U6: 完善代码得分 (满分30) | W6: 总分 (浙江晋级线78.5)
B8: =VLOOKUP(D4,day3!$B$7:$G$100,2,FALSE) -> A- | D8: =VLOOKUP(D4,day3!$B$7:$G$100,3,FALSE) -> B | F8: =VLOOKUP(D4,day3!$B$7:$G$100,4,FALSE) -> B | H8: =VLOOKUP(D4,day3!$B$7:$G$100,5,FALSE) -> B- | P8: 30 | R8: 28.5 | U8: 30 | W8: =SUM(P8:V10) -> 88.5
B12: 学生总结 | C12: 收获 (今天学到了/回忆起了什么知识) | E12: =VLOOKUP(D4,day3!$B$7:$G$100,6,FALSE) -> 折半搜索；遇到情况较少的博弈类题目，先分类讨论，在总结；数学中判断两个函数是否有交点，联立方程通过德尔塔(小三角 = b^2+4ac)看是否有解；把一些不是图论的题目经过(神秘)分析转换后变成图上的题目；在求符合某种特殊的方案数时，如果直接计算能不太行，就可以用：合法方案数 = 总数-不合法数，用于解决一些求方案数(计数)问题。把之前没有学好的东西，巩固的更好，对于难题就有更多的手段去解决。 | P12: 学生总结 | Q12: 收获 (今天学到了/回忆起了什么知识) | T12: 二分查找、哈夫曼编码
C14: 学生自我反思 (在测试/学习中出现了什么失误/错误) | E14: =VLOOKUP(D4,day3!$B$7:$Z$100,7,FALSE) -> 没有把控好时间，只顾着做一道题；没有仔细的观察题目导致扣分，数组开小导致越界。 | Q14: 学生自我反思 (在测试/学习中出现了什么失误/错误) | T14: 阅读程序： （2）、1（不会）、2（我赌它两行输出相同）、5（因为第一题赌它俩函数输出相同，所以直接拿dp表算的，然后就错了） （3）、3（没算对）、4（没算对）
C16: 计划 (在什么知识点上还需要更多练习/讲解) | E16: =VLOOKUP(D4,day3!$B$7:$Z$100,8,FALSE) -> 如何把一些不是图论的题目经过(神秘)分析转换后变成图上的题目的(神秘)方法；博弈类题目的分类讨论；折半搜索；练习dp的题目来多加练习设计状态（转移方程）的能力 | Q16: 计划 (在什么知识点上还需要更多练习/讲解) | T16: 树、图、动态规划
B18: 教师寄语 | C18: =VLOOKUP(D4,day3!$B$7:$Z$100,9,FALSE) -> 今天主要选讲了提高组的真题，聚焦在如何从题目中捕捉特殊性质与关键特点，并结合一些“小技巧”来将原本 O(n²) 或更高复杂度的算法调优到 O(n log n) 或 O(n) 级别。智宸在课堂上能够专心听讲并在必要时做出回应。在代码方面，智宸已能意识到从题目中提取关键信息对于算法的重要性，并尝试使用基础的小技巧来缩减常数或降低复杂度。在测试中，智宸能够在题目中抓住关键性质，成功写出了一些题目的部分分代码，还是不错的。但是在一道用二分优化的题目中，孩子没想到优化方法，后续需要通过不断练习来提高算法优化技巧的熟练度。后续会通过不断练习来提高算法优化技巧的熟练度。 | P18: 教师寄语 | Q18: 今天的课程内容是一次初赛模拟赛和讲解，以及2022年真题的测试与讲解。今天陈曦的表现很不错，超过了浙江晋级分数线整整10分，在基础选择和完善代码部分都是满分，这个成绩已经非常不错了。明天我们会把所有J组的知识点再过一遍，做最后一遍查漏补缺，最后做一下2023的真题卷，作为我们集训营内容的收尾，希望陈曦可以在明天也可以获得一个好成绩。
A42: 王成峰寒假集训学习反馈卡
C46: 今日知识点 | E46: =$G$4 -> 0
C47: 课堂积极性 | E47: 代码完成速度 | G47: 每日测试成绩 | I47: 综合评价
C49: A | E49: A | G49: A+ | I49: A
C53: 学生总结 | D53: 收获 (今天学到了/回忆起了什么知识) | F53: 今天增强巩固了二分答案，增强了对二分答案的应用，进行了模拟来解决问题，比如区间二分答案的模拟。 还有一些二分答案的小技巧，比如在模拟二分答案时，要认真审题，理解题目想让我们做的事是什么，然后可以对于一些复杂的代码进行一些简化和优化，这样反而可以增强代码的准确性。
D55: 反思 (在测试/学习中出现了什么失误/错误) | F55: 在考试时，对于解题过程复杂繁琐的题，解题过程的分析还需更加仔细，不然会发生一些不仔细的小错误。
C57: 教师寄语 | D57: 今天是成峰在二分算法的最后一课，今天的题目会更加地综合，更考验成峰的代码实现能力。现在二分算法的问题思想成峰已经理解地非常深刻了，能够在对应的问题中使用这个算法。代码实现的基本功还是有待提高，在实现时，会在一些地方会出些小错误。在寒假后的春季课程中，建议加强中等难度的模拟类问题的训练，可以获得更好的效果。

Sheet day4
A1: 课程内容 | B1: 姓名 | C1: 课堂积极性 | D1: 代码能力（考试情况） | E1: 理解能力 | F1: 综合评价 | G1: 总结 | H1: 反思 | I1: 计划 | J1: 反馈结果 | K1: 总评 | L1: 课堂积极性 | M1: 代码能力（考试情况） | N1: 理解能力 | O1: 后续建议
A2: 今天选讲了提高组的真题，重点讲解了在面对冗长代码时如何通过模块化拆分、封装函数来保持逻辑清晰，并介绍了哈希这一高效优化技巧，帮助同学们在解决字符串及模拟问题时更加得心应手。 | B2: 葛义 | C2: B- | D2: C+ | E2: C+ | F2: C+ | J2: =A$2&""&SUBSTITUTE(IF(OR(C2="A",C2="A-",C2="A+"),L$2,IF(OR(C2="B",C2="B-",C2="B+"),L$3,L$4)),"【xx】",B2)&""&SUBSTITUTE(IF(OR(D2="A",D2="A-",D2="A+"),N$2,IF(OR(D2="B",D2="B-",D2="B+"),N$3,N$4)),"【xx】",B2)&""&SUBSTITUTE(IF(OR(E2="A",E2="A-",E2="A+"),M$2,IF(OR(E2="B",E2="B-",E2="B+"),M$3,M$4)),"【xx】",B2)&""&SUBSTITUTE(IF(OR(F2="A",F2="A-",F2="A+"),O$2,IF(OR(F2="B",F2="B-",F2="B+"),O$3,O$4)),"【xx】",B2) -> 今天选讲了提高组的真题，重点讲解了在面对冗长代码时如何通过模块化拆分、封装函数来保持逻辑清晰，并介绍了哈希这一高效优化技巧，帮助同学们在解决字符串及模拟问题时更加得心应手。葛义同学课堂积极度良好。能够参与互动，跟上课堂节奏，表现出学习热情。葛义在本次测试中表现不错，葛义能够解决基础的问题，在做其他题目时能够去获取部分分数，在面对中等题的时候，也能能够分析出问题的类型，但是孩子对于普及组二分 or 双指针的使用不是很熟练，实现代码的时候遇到了困难，需要加强基础算法的熟练度，继续加油。后续会通过不断练习来提高算法优化技巧的熟练度。 | K2: =IF(D2="A",1,0)*30+IF(D2="B",1,0)*20+IF(D2="C",1,0)*10+IF(E2="A",1,0)*30+IF(E2="B",1,0)*20+IF(E2="C",1,0)*10+IF(F2="A",1,0)*30+IF(F2="B",1,0)*20+IF(F2="C",1,0)*10 -> 0 | L2: 【xx】同学课堂积极度高。能主动参与讨论，积极回答问题，带动了课堂氛围。 | M2: 【xx】在本次测试中表现非常出色，考了班里前三名，【xx】能够迅速的解决基础的问题，在面对中等题的时候，也能能够很好的分析出问题的类型，非常迅速的使用对应的算法解决问题。在面对一些困难题时，孩子能够拿到一定的部分分。不过在分析正解时还是缺少点经验，比如说在做 dp 问题时，还是较难分析出题目的dp属性，后续需要加强对于难题的练习，继续加油。 | N2: 【xx】同学对于模块化拆分、函数封装及哈希优化的原理理解深入，能够在思考问题时迅速抓住核心，利用到今天所学到的知识点，【xx】在写代码时能够通过封装函数将冗长的代码拆解成多个模块，然后独立调用，使得代码读起来简洁。并且能够巧妙的通过哈希来解决查找问题。
L3: 【xx】同学课堂积极度良好。能够参与互动，跟上课堂节奏，表现出学习热情。 | M3: 【xx】在本次测试中表现不错，【xx】能够迅速的解决基础的问题，在面对中等题的时候，也能能够分析出问题的类型，能够使用对应的算法解决问题，但是实现代码的速度还是有些慢，还是需要加强基础算法的熟练度。在面对一些困难题时，孩子能够拿到一定的部分分。不过在分析正解时还是缺少点经验，比如说在做 dp 问题时，还是较难分析出题目的dp属性，后续需要加强对于难题的练习，继续加油。 | N3: 【xx】同学对核心思路掌握较好，能够在部分题目中运用模块化和哈希技巧。【xx】在写代码时能够通过封装函数将冗长的代码拆解成多个模块，然后独立调用，使得代码读起来简洁。 | O3: 后续会通过反思加上总结的方法来锻炼优化建模能力。
L4: 【xx】同学能认真听讲，但互动较少。后续会加强与孩子的互动，让孩子在较轻松的氛围中练习发言，逐步提升参与热情。 | M4: 【xx】在本次测试中表现不错，【xx】能够解决基础的问题，在做其他题目时能够去获取部分分数，在面对中等题的时候，也能能够分析出问题的类型，但是孩子对于普及组二分 or 双指针的使用不是很熟练，实现代码的时候遇到了困难，需要加强基础算法的熟练度，继续加油。 | O4: 后续会通过不断练习来提高算法优化技巧的熟练度。
B9: 吴奕淳 | C9: A | D9: A | E9: A | F9: A+ | G9: 今天在课上学习了异或前缀和(相当于普通前缀和的改版，每一位数字都与前一位相异或，当要查询[l~r]这个区间时，设使用a数组保存异或的结果，只需返回a[r]^a[l-1]即可)还学习了异或哈希（用于维护出现字数是否为偶数）以及和哈希（维护每个对象是否只出现了一次）。 | H9: 在比赛中想到了思路，但不知道如何快速计算数字在二进制下的最高位，导致只写了暴力代码；同时，在第一、二题中一开始没有开long long，导致浪费了一些时间去找bug。最后，在题目“异异或或异异或”中，写暴力写法时，没有注意到异或和小于号的优先级，导致耗了一段时间去测试哪里出了问题 | I9: 在做题时，多注意题目的数据范围，防止因开错数据类型导致错误。统计，谨记各种符号的优先级，防止因优先级导致错误。多学一些C++自带函数，减少因不知道用什么函数而出现的错误。 | J9: 今天选讲了提高组的真题，重点讲解了在面对冗长代码时如何通过模块化拆分、封装函数来保持逻辑清晰，并介绍了哈希这一高效优化技巧，帮助同学们在解决字符串及模拟问题时更加得心应手。奕淳课堂积极度良好。能够参与互动，跟上课堂节奏，表现出学习热情。奕淳对于模块化拆分、函数封装及哈希优化的原理理解深入，能够在思考问题时迅速抓住核心，利用到今天所学到的知识点，奕淳 在写代码时能够通过封装函数将冗长的代码拆解成多个模块，然后独立调用，使得代码读起来简洁。并且能够巧妙的通过哈希来解决查找问题。奕淳在本次测试中表现非常出色，考了班里前三名，奕淳能够迅速的解决基础的问题，在面对中等题的时候，也能能够很好的分析出问题的类型，非常迅速的使用对应的算法解决问题。在面对一些困难题时，孩子能够拿到一定的部分分。不过在分析正解时还是缺少点经验，比如说在做 dp 问题时，还是较难分析出题目的dp属性，后续需要加强对于难题的练习，继续加油。
B10: 余廷锴 | C10: A+ | D10: A+ | E10: A | F10: A+ | G10: 今天我学到了有关哈希的知识，如射箭比赛中的异或哈希（可以维护元素出现次数是否为偶数次）与星战中的和哈希（可以维护每样东西是否只出现过一次），可以用来优化许多代码（不止可以运用于字符串，还可以与图论等相结合），虽然因为运用了随机数，可能出现错误，但概率可以几乎忽略不计，视为一种正解，学习了位运算中有关按位异或（满足交换律与结合律）的知识，比如前缀异或和，下午进行了复赛模拟，训练了思维能力。了解了csp-s复赛中的一些真题，它们需要一定的数学基础。 | H10: 在复赛模拟中有部分暴力分没有拿全，一些正解的性质没有在比赛中发现。 | I10: 一些有关思维练习的内容还需训练，位运算的一些性质还要多多了解，练习观察题解关键思路的能力。 | J10: 今天选讲了提高组的真题，重点讲解了在面对冗长代码时如何通过模块化拆分、封装函数来保持逻辑清晰，并介绍了哈希这一高效优化技巧，帮助同学们在解决字符串及模拟问题时更加得心应手。廷锴课堂积极度高。能主动参与讨论，积极回答问题，带动了课堂氛围。廷锴对于模块化拆分、函数封装及哈希优化的原理理解深入，能够在思考问题时迅速抓住核心，利用到今天所学到的知识点，廷锴在写代码时能够通过封装函数将冗长的代码拆解成多个模块，然后独立调用，使得代码读起来简洁。并且能够巧妙的通过哈希来解决查找问题。廷锴在本次测试中表现非常出色，考了班里前三名，廷锴能够迅速的解决基础的问题，在面对中等题的时候，也能能够很好的分析出问题的类型，非常迅速的使用对应的算法解决问题。在面对一些困难题时，孩子能够拿到一定的部分分。不过在分析正解时还是缺少点经验，比如说在做 dp 问题时，还是较难分析出题目的dp属性，后续需要加强对于难题的练习，继续加油。
B11: 陈一实 | C11: A | D11: A | E11: A | F11: A | G11: 主要学习了一些有关哈希的内容，和前缀异或和 | H11: 遇到了不知名但是致命的错误 | I11: 有关哈希中随机数int 的内容 | J11: 今天选讲了提高组的真题，重点讲解了在面对冗长代码时如何通过模块化拆分、封装函数来保持逻辑清晰，并介绍了哈希这一高效优化技巧，帮助同学们在解决字符串及模拟问题时更加得心应手。一实课堂积极度高。能主动参与讨论，积极回答问题，带动了课堂氛围。一实对于模块化拆分、函数封装及哈希优化的原理理解深入，能够在思考问题时迅速抓住核心，利用到今天所学到的知识点，一实在写代码时能够通过封装函数将冗长的代码拆解成多个模块，然后独立调用，使得代码读起来简洁。并且能够巧妙的通过哈希来解决查找问题。一实在本次测试中表现非常出色，考了班里前三名，一实能够迅速的解决基础的问题，在面对中等题的时候，也能能够很好的分析出问题的类型，非常迅速的使用对应的算法解决问题。在面对一些困难题时，孩子能够拿到一定的部分分。不过在分析正解时还是缺少点经验，比如说在做 dp 问题时，还是较难分析出题目的dp属性，后续需要加强对于难题的练习，继续加油。
B12: 张允泽 | C12: A | D12: A | E12: A- | F12: A | G12: 今天分析了前几年的几道csp-s真题，如24年的超速检测（由暴力方法联想到记录超速区间贪心，再由超速区间贪心转变到测速仪区间贪心的正解），22年的星战（由分析题目操作推断出与基环树都的相同点，想到维护出度的暴力方法，再依据时间复杂度的瓶颈对症下药，反向站在入度的角度考虑，将遍历点修改出度转变成常数级的维护入度0/最大值的方法，但仍然会出现冲突，便可联想到哈希，给予每一个点随机权值计算贡献的正解）。学习了一些复赛的做题技巧： 1.异或前缀和（T6异异或或异异或）:如加法前缀和的思路一样，O(n)线性维护异或和数组之后用O（1）的复杂度求得区间内的异或和，再通过仔细分析题面得出判断最高位是否是1的正解； 2.随机化哈希： 射箭游戏 、 星战：当数据处理容易出现冲突时，赋予每个点一个随机权值，利用随机数的方式规避冲突风险（并不是100%正确，但错误的概率已经小的可以忽略不计） | H12: 1.测试中T1第三条边，没有开长整型long long ，导致int类型溢出部分测试点WA，各种方法尝试了半个小时才发现是数据类型的问题，耽误了很多时间 2.T2添加零：做题时已经将每一个点的需求值由条件转化出来，到这步为止都与正解相符，但没有观察到数据的特性，选择了一条会超时的路线，最终只取得了50分 | I12: 复习异或前缀和以及随机化思想，抽出空闲时间分析往年真题，摸清做题线路，并学会由暴力作法，题目数据，特性等一步一步分析得出正解，做题时要能通过数据范围/数据特殊性质捕捉到有关解法的思路，再加以分析，尝试最终推测出正确解法。 | J12: 今天选讲了提高组的真题，重点讲解了在面对冗长代码时如何通过模块化拆分、封装函数来保持逻辑清晰，并介绍了哈希这一高效优化技巧，帮助同学们在解决字符串及模拟问题时更加得心应手。允泽课堂积极度良好。能够参与互动，跟上课堂节奏，表现出学习热情。允泽对于模块化拆分、函数封装及哈希优化的原理理解深入，能够在思考问题时迅速抓住核心，利用到今天所学到的知识点，允泽在写代码时能够通过封装函数将冗长的代码拆解成多个模块，然后独立调用，使得代码读起来简洁。并且能够巧妙的通过哈希来解决查找问题。允泽在本次测试中表现不错，允泽能够迅速的解决基础的问题，在面对中等题的时候，也能能够分析出问题的类型，能够使用对应的算法解决问题，但是实现代码的速度还是有些慢，还是需要加强基础算法的熟练度。在面对一些困难题时，孩子能够拿到一定的部分分。不过在分析正解时还是缺少点经验，比如说在做 dp 问题时，还是较难分析出题目的dp属性，后续需要加强对于难题的练习，继续加油。
B13: 郭维皓 | C13: A- | D13: A- | E13: A- | F13: A | G13: string 申必算法哈希[2]={“异或哈希”，“和哈希”};sting &a[]=*申必算法哈希;a[0]=运用异或和为零，该数字的出现次数大概率为偶数的必要条件，用哈希随机大数字将其转化为充分条件（大概率），a[1]=出度总和为N是N个点出度均为1的必要条件， 同样用哈希随机大数字将其转化为充分条件； ！！十年OI一场空，不开____ ____见祖宗 不可以，总司令*T ________________ ________________ | H13: 注意力不够 | I13: 提升注意力 | J13: 今天选讲了提高组的真题，重点讲解了在面对冗长代码时如何通过模块化拆分、封装函数来保持逻辑清晰，并介绍了哈希这一高效优化技巧，帮助同学们在解决字符串及模拟问题时更加得心应手。维皓课堂积极度良好。能够参与互动，跟上课堂节奏，表现出学习热情。维皓对核心思路掌握较好，能够在部分题目中运用模块化和哈希技巧。维皓在写代码时能够通过封装函数将冗长的代码拆解成多个模块，然后独立调用，使得代码读起来简洁。维皓在本次测试中表现不错，维皓能够迅速的解决基础的问题，在面对中等题的时候，也能能够分析出问题的类型，能够使用对应的算法解决问题，但是实现代码的速度还是有些慢，还是需要加强基础算法的熟练度。在面对一些困难题时，孩子能够拿到一定的部分分。不过在分析正解时还是缺少点经验，比如说在做 dp 问题时，还是较难分析出题目的dp属性，后续需要加强对于难题的练习，继续加油。后续会通过反思加上总结的方法来锻炼优化建模能力。
B14: 祁靖轩 | C14: A- | D14: A- | E14: A- | F14: A- | G14: 今天上午继续练习了CSP-S2真题,下午依旧进行测试.一天一天的不断练习能让我们增加对题目的熟练度,增强对知识的理解,从而让我们应对赛时难题时更加游刃有余.今天学到最有价值的知识就是使用哈希并用随机数映射数据以减小时间复杂度,以前没有想过这种解决方法,感觉很新奇 | H14: 测试的时候对于难题花费的时间有点长了,虽然做出了最难题,但如果是真正的比赛,反而不如拿了暴力分后去完成简单题,但对于平常的练习,努力功课难题还是很有意义的. | I14: 哈希->字符串哈希,了解哈希冲突及题目数据会怎样卡哈希及其应对方法,还有使用随机数时利用哈希的思想进行解题. | J14: 今天选讲了提高组的真题，重点讲解了在面对冗长代码时如何通过模块化拆分、封装函数来保持逻辑清晰，并介绍了哈希这一高效优化技巧，帮助同学们在解决字符串及模拟问题时更加得心应手。靖轩课堂积极度良好。能够参与互动，跟上课堂节奏，表现出学习热情。靖轩对核心思路掌握较好，能够在部分题目中运用模块化和哈希技巧。靖轩在写代码时能够通过封装函数将冗长的代码拆解成多个模块，然后独立调用，使得代码读起来简洁。靖轩在本次测试中表现不错，靖轩能够迅速的解决基础的问题，并且靖轩是整个 Xp05 唯一一个做出最后一题的同学，非常厉害，不过由于时间关系，没有时间去实现前面的中等题，是比较可惜的，需要加强对时间的把控，继续加油。
B15: 熊子轩 | C15: A- | D15: A- | E15: A- | F15: A- | G15: 超速检测：通过观察题目特性发现车辆超速的特点从而抽象成区间选点的贪心题目求解 射箭比赛：依旧通过观察题目特性加上分析发现警长只能在偶数时且数字出现次数为偶数次时能获胜，从而得到将数字异或判断是否为0，但是偶数->异或和为0，但和为0不一定偶数，所以使用异或哈希将数值变为大随机数从而大大减少出错可能性（出错概率忽略不计） 星战：还是观察发现题目要求一个时刻图是否为内向の基环数，通过维护当前出边个数与权值乘积与单个数累加是否相等，再通过和哈希将数值变大降低出错概率 | H15: 测试时T6没有考虑到异或与小于号间优先级的问题，导致浪费了约50分钟时间 | I15: 需要提升对思维类题目抽象分析的过程，提升自己的注意力（分析题目性质），做题先打暴力分再看结合样例特殊性质分析 | J15: 今天选讲了提高组的真题，重点讲解了在面对冗长代码时如何通过模块化拆分、封装函数来保持逻辑清晰，并介绍了哈希这一高效优化技巧，帮助同学们在解决字符串及模拟问题时更加得心应手。子轩课堂积极度良好。能够参与互动，跟上课堂节奏，表现出学习热情。子轩对核心思路掌握较好，能够在部分题目中运用模块化和哈希技巧。子轩在写代码时能够通过封装函数将冗长的代码拆解成多个模块，然后独立调用，使得代码读起来简洁。子轩在本次测试中表现不错，子轩能够迅速的解决基础的问题，在面对中等题的时候，也能能够分析出问题的类型，能够使用对应的算法解决问题，但是实现代码的速度还是有些慢，还是需要加强基础算法的熟练度。在面对一些困难题时，孩子能够拿到一定的部分分。同时需要注意当在被一道题目卡的时候，不妨看看其他题目，同时可以通过调试等手段来判断出代码是哪写错了，继续加油。
B16: 何奇阳 | C16: A- | D16: A- | E16: A- | F16: A- | G16: 学了异或前缀和，哈希依赖随机性的妙用（虽然但是会不会用另说），学名”和哈希“和”异或哈希“，分别用于维护奇偶统计和”唯一性“之类的统计等问题，以及某些图论和dp的小思想 T4的dp表明可以考虑对情况的分类来设计状态（对于情况可以分类为较为有限的数量时。可以考虑使用， T5中，需要注意LCA和距离并不是必然联系的，LCA的关键在“祖先“性质，是在有根树中，但T5的树是无根的，故处理T5时候应该正确的想找到两点间路径中点（或者说路径这个子树的重心，这个表述比较形式化和复杂化，但是准确的能够表述T5中这条链中点可以选到两个点的事实），另外积累一下，欧拉环游长度不需要枚举，可以直接由2*(n-1)计算，最后关于舍弃最长链的问题也积累一下，最后注意一下向上下取整的问题，是在一系列问题中值得讨论的，实在不行搓一下分类。 最后T6中的，积累一下二进制中，最高位对其大小有决定性影响，故处理问题时可以考虑针对最高位处理（其实个人感觉T6有点数位dp的意思，但是不知道能不能算） | H16: 不会骗分，没决心骗分，别的方面……有的思路比较玄学吧，能想出来正解都是奇迹。 | I16: dp还得练，二进制位运算的一些性质值得再去研究一下，另外考虑领一领部分分，课程中每道题目都会讲清楚暴力解法就是在告诉我这个，但是我似乎总是下不去某种决心，非要想出正解来……这个得把心态调整好，牢记考试“以大局为重以得分为主”的原则 | J16: 今天选讲了提高组的真题，重点讲解了在面对冗长代码时如何通过模块化拆分、封装函数来保持逻辑清晰，并介绍了哈希这一高效优化技巧，帮助同学们在解决字符串及模拟问题时更加得心应手。奇阳课堂积极度良好。能够参与互动，跟上课堂节奏，表现出学习热情。奇阳对核心思路掌握较好，能够在部分题目中运用模块化和哈希技巧。奇阳在写代码时能够通过封装函数将冗长的代码拆解成多个模块，然后独立调用，使得代码读起来简洁。奇阳在本次测试中表现不错，比赛前期表现非常出色，曾一度到达前二，奇阳能够迅速的解决基础的问题，在面对中等题的时候，也能能够分析出问题的类型，能够使用对应的算法解决问题，但是实现代码的速度还是有些慢，还是需要加强基础算法的熟练度。在面对一些困难题时，孩子能够拿到一定的部分分。不过在分析正解时还是缺少点经验，比如说在做 dp 问题时，还是较难分析出题目的dp属性，后续需要加强对于难题的练习，继续加油。后续会通过反思加上总结的方法来锻炼优化建模能力。
B17: 杜星澎 | C17: A- | D17: A- | E17: A- | F17: A- | G17: 知识巩固：“不可以，总司令”（“No,Commander”）； 新知学习：随机化哈希（异或哈希判断区间出现次数奇偶性，和哈希判断区间值是否都是1）减小逆定理错误概率。 | H17: T2写完暴力30pts后死磕贪心，但其实没有必然正确的贪心策略，正解是考虑不带DP的状态转移，由于多操作一次一定更优，所以直接判断能不能操作一次，能的话就操作，并把当前状态扔到set里，从而状态转移。（然而宿舍大佬GWH记忆化搜索卡过了，果然还是要先写个最暴力的暴力试试）； T3一眼想出正解，代码调了好久，最后手写二分还写炸了，而且赛时调到最后居然忘了只考虑数对，不考虑位置，还在改O(n log n)的插入排序，只能暴力30pts； T4没有什么思路，看了特殊性质后只骗了10pts，赶紧跑了； T5特殊性质卡了好久，链的情况一眼就看出来了，可惜dfs写炸了，后来改为数学归纳求通解又想错了，只能0pts去看最后一题了； T6看完后扔掉大脑写了一个50pts的暴力（然而最暴力的20pts暴力居然不开前缀异或和优化，看来还是带着脑子写暴力的），后面特殊性质想到了核心观察的不等式，甚至都想到了可以从高位开始按位枚举这一位二进制是0/1，如果两个函数的异或和是0，y的是1，就会有贡献，但没有考虑到这一位有贡献，更高位可能抵消了后面所有的贡献，其实考虑等比数列求和易得正解，只考虑最高位即可，然而赛时最后时间不够了，只能回去调T3的三个二分+插入排序了。 | I17: 对于一些题目对特殊性质太执着，总是认为肯定还有什么我没有发现，然而事实是一般的特殊性质题（显然T2不一般）基本上特殊性质都能很快想到（T1每一次都一眼秒了），但在如何运用这些性质解题上还需要手玩更多样例。 | J17: 今天选讲了提高组的真题，重点讲解了在面对冗长代码时如何通过模块化拆分、封装函数来保持逻辑清晰，并介绍了哈希这一高效优化技巧，帮助同学们在解决字符串及模拟问题时更加得心应手。星澎课堂积极度高。能主动参与讨论，积极回答问题，带动了课堂氛围。星澎对核心思路掌握较好，能够在部分题目中运用模块化和哈希技巧。星澎在写代码时能够通过封装函数将冗长的代码拆解成多个模块，然后独立调用，使得代码读起来简洁。星澎在本次测试中表现不错，星澎能够解决基础的问题，在做其他题目时能够去获取部分分数，在面对中等题的时候，也能能够分析出问题的类型，但是孩子对于普及组二分 or 双指针的使用不是很熟练，实现代码的时候遇到了困难，需要加强基础算法的熟练度，继续加油。后续会通过反思加上总结的方法来锻炼优化建模能力。
B18: 张世昌 | C18: A- | D18: B+ | E18: B+ | F18: A- | G18: 今天学习了非常多在算法竞赛中有很大帮助的解题经验，比如射箭比赛这道题中，我学到了一种优化问题的好方法，也就是借助哈希的思想，使用随机数，让数字之间的异或和为0的概率大大减小，使用异或哈希，用于快速判断组合出现次数或序列元素重复性，原理就是异或运算相同为零、不同为一，并且是有交换率的，还学到了星战这道题中的一种树，叫做基环树，基环树又分为基环外向树和基环内向树，这道题也是可以用我们刚才射箭比赛这道题中的哈希思想去解的，并且这是一个和哈希，可以维护每一个东西只出现一次，因为随机化的概率虽然不是百分之百，但我们可以忽略不计，出题人也没办法卡你的随机数，所以之后的题目中，我可以多去想一想这种随机化的方法能不能解题，下午这场比赛也让我收获到了许多知识，首先就是解题时先看数据范围，能写暴力的先写上暴力这几分，在考虑正解，我还学习到了在做某些DP题时，DP数组的状态是什么这个问题是很重要的，比如fangz的分数这道题，正解的思路就是DP数组的第一维表示第几场比赛，第二维0/1/2表示的就是第i场比赛是在删除区间的前面、里面还是后面，这就启示我们，DP数组的维度可以表示某个状态，来维护我们的某种最值，今天印象最深的就是异异或或异异或这道题，我明白了做题时要学会转化，把题目里的公式进行转化，没准就能得到解题思路，还学会了一种方法，就是在计算异或的大小时，只需要看最高位做出的贡献就可以了，这样我们的时间复杂度就会降低，从而通过题目。我还明白了，竞赛时要合理规划时间，暴力、正解都要留时间去思考。 | H18: 在测试中的第三题，明明知道是二分，以为需要看每个数字的下标，结果想复杂了，没有写对，其他题也只是拿了暴力的分数，没有想出正解。所以以后要多试一些样例，找到规律。 | I18: 以后还是要多观察题目，挖掘隐含信息，多想一些能够降低时间复杂度的方法，巧妙的运用出题人给你的一些提示和自己的思考去挖掘正解，而不是停留在暴力分。 | J18: 今天选讲了提高组的真题，重点讲解了在面对冗长代码时如何通过模块化拆分、封装函数来保持逻辑清晰，并介绍了哈希这一高效优化技巧，帮助同学们在解决字符串及模拟问题时更加得心应手。世昌课堂积极度良好。能够参与互动，跟上课堂节奏，表现出学习热情。世昌对核心思路掌握较好，能够在部分题目中运用模块化和哈希技巧。世昌在写代码时能够通过封装函数将冗长的代码拆解成多个模块，然后独立调用，使得代码读起来简洁。世昌在本次测试中表现不错，世昌能够解决基础的问题，在做其他题目时能够去获取部分分数，在面对中等题的时候，也能能够分析出问题的类型，但是孩子对于普及组二分 or 双指针的使用不是很熟练，实现代码的时候遇到了困难，需要加强基础算法的熟练度，继续加油。后续会通过反思加上总结的方法来锻炼优化建模能力。
B19: 张岳琳 | C19: A- | D19: B+ | E19: B+ | F19: B+ | G19: 今天学到了： ·异或前缀和（[i~j]=pre[j]^pre[i-1]，可用于解决区间异或问题) ·特殊性质：2^k>2^0+2^1+...+2^k-1(n^m意为n的m次方） ·基环树（入度均为1——内向基环树，出度均为1——外向基环树，从任意一点出发都可走到环上、任意点可达，可用于与星战类似的题的思路） ·随机化哈希优化（将每个值对应一个随机数存储，可用于与射箭问题类似的题的维护）： 和哈希，维护唯一对应 异或哈希，根据异或性质，将区间对应并异或，如果为0，则区间内不同数的个数可能都为偶数 ·可以把公式拆解来思考问题（例如模拟题第2题将ai=|a|+1-i转换成ai+i-1=|a|，以ai+i-1和|a|排序贪心求最值；模拟题第6题可将 f(x^y)^f(y^z)>f(x^z)转换成f(x^z)^y>f(x^z),将思路变为思考一个数字异或上另一个数字是否会变大） | H19: ·做第2题时忘开sort排序导致过不了样例 ·做第6题时没考虑异或的优先级，没加括号导致输出错误 ·做第1、2题时没开long long导致差点没过样例 | I19: 多练习动态规划、哈希题 以后考试的流程belike： 1、读题 2、看数据范围（知复杂度、特殊性质） 3、不开long long见祖宗 4、依据特殊性质“骗分” 5、丢掉脑子，直接暴力 6、无视TLE继续前进 7、全暴力完后有公式的拆公式，没公式的依据暴力找特殊性质思考 （8、全WA） | J19: 今天选讲了提高组的真题，重点讲解了在面对冗长代码时如何通过模块化拆分、封装函数来保持逻辑清晰，并介绍了哈希这一高效优化技巧，帮助同学们在解决字符串及模拟问题时更加得心应手。岳琳课堂积极度良好。能够参与互动，跟上课堂节奏，表现出学习热情。岳琳对核心思路掌握较好，能够在部分题目中运用模块化和哈希技巧。岳琳在写代码时能够通过封装函数将冗长的代码拆解成多个模块，然后独立调用，使得代码读起来简洁。岳琳在本次测试中表现不错，岳琳能够解决基础的问题，在做其他题目时能够去获取部分分数，在面对中等题的时候，也能能够分析出问题的类型，但是孩子对于普及组二分 or 双指针的使用不是很熟练，实现代码的时候遇到了困难，并且准备写一道题目的正解时，需要多加思考其性质，以及实现方式，继续加油。
B20: 张梓涵 | C20: A- | D20: B+ | E20: B+ | F20: B+ | G20: 今天我们上午讲解了例题超速检测、射箭以及星战，学习了如何应用哈希来将每个特定数值映射成特定的数，以及异或哈希以及和哈希：异或哈希是根据异或运算满足交换律和结合率以及两个相同的数字异或等于零这个性质，可以快速检查是否两两相等；而和哈希维护每一样东西是否只出现了一样。还学了异或前缀和，同时也学习了异或许多美妙的性质。也学习了如何随机化以及在随机化上加上哈希的思想。在做一些包含还未学习的知识时，我们要稳住心态，认真读题，将尽可能能拿到的分数都拿到。在我们想不到正解时，一定要回归题目信息，看看还能不能发现一些题目中的特殊小性质。 | H20: 在今天下午测试时，在第三问直接疯狂套数据结构，导致debug时间太久，最后依旧没有把所有题目的部分分拿到手，在最后一题打暴力时，我也没有注意到异或的优先级竟然低于大于小于号，导致没有骗到该有的分数。在思考第三题时也过于被题目的条件所限制，导致虽然思路与正解类似，但代码与实现难度与实现时间都提升了一个档次，浪费了接近一个小时的时间在这一题上。第二题也是只停留在了分析其给的公式之中，没有更深入的思考这个程序的实现过程，导致一点分都没有骗到 | I20: 在对于一些注重于考察数学以及逻辑思维的题目上，我应当更注重于思考代码如何实现，如何灵活利用题目中所给的信息。对于题意简单明了的题目，在花更多的时间在思考题目的性质 | J20: 今天选讲了提高组的真题，重点讲解了在面对冗长代码时如何通过模块化拆分、封装函数来保持逻辑清晰，并介绍了哈希这一高效优化技巧，帮助同学们在解决字符串及模拟问题时更加得心应手。梓涵课堂积极度良好。能够参与互动，跟上课堂节奏，表现出学习热情。梓涵对核心思路掌握较好，能够在部分题目中运用模块化和哈希技巧。梓涵在写代码时能够通过封装函数将冗长的代码拆解成多个模块，然后独立调用，使得代码读起来简洁。梓涵在本次测试中表现不错，梓涵能够解决基础的问题，在做其他题目时能够去获取部分分数，在面对中等题的时候，也能能够分析出问题的类型，梓涵能使用Xp04刚学习的树状数组去实现题目，这点做的非常不错，但是在使用一些高级数据结构时，可以先思考下有没有更加简单的方式，在对于一些数据结构不熟悉的时候去使用，调试成本非常大，下次注意。
... B22: 金智宸 | C22: A- | D22: B+ | E22: B+ | F22: B | G22: 异或哈希&&和哈希，两者通过随机数&&哈希来实现，前者可以运算维护物品出现次数是不是偶数次，后者维护每样物品是不是只出现几次；在做一些给予数学/其他公式时，实在不会可以把公式进行转换再去尝试。异或运算的前缀和异或。 | H22: 没有合理分配时间，在一道题上花费了太多时间；没有仔细审题导致数据范围开小。 | I22: 哈希使用方法，多联系dp题目来帮助更好的设计状态(转移方程)，考试时先从我擅长的题目做起，再去做难的题目，不要被卡太久，太久就换题：）；多做题来锻炼思维能力，可以在做题时更快想出方法 | J22: 今天选讲了提高组的真题，重点讲解了在面对冗长代码时如何通过模块化拆分、封装函数来保持逻辑清晰，并介绍了哈希这一高效优化技巧，帮助同学们在解决字符串及模拟问题时更加得心应手。智宸同学课堂积极度良好。能够参与互动，跟上课堂节奏，表现出学习热情。智宸在本次测试中表现不错，智宸能够解决基础的问题，在做其他题目时能够去获取部分分数，在面对中等题的时候，也能能够分析出问题的类型，但是孩子对于普及组二分 or 双指针的使用不是很熟练，实现代码的时候遇到了困难，需要加强基础算法的熟练度，继续加油。后续会通过不断练习来提高算法优化技巧的熟练度。
B23: 刘孟霖 | C23: A- | D23: B | E23: B | F23: B | G23: 学习了哈希的相关知识 -> 随机性的题解，不是百分百正确，但不正确的概率小到可以忽略不记 -> 当然如果真这么倒霉那也没辙了。今天学习的哈希知识：异或哈希、和哈希； 做题时不要觉得这个算法过不去就不往这个方向想，例如 2025-xp05-04-T2 中，可以尝试用DFS来解题，逐渐找出正确思路(想到了DFS但感觉过不了就没往这个方向想，做法不可取)； 学会注意题目的某些数学性质，例如2025-xp05-04-T3 中，a[i] + a[j] 需满足 L ≤ a[i] + a[j] ≤ R 且 1 ≤ i ＜ j ≤ n ，但其数学性质是 a[i] 和 a[j] 的位置可以交换，当 a[i] 和 a[j] 满足条件一但不满足条件二时运用加法交换律交互i，j就可以满足两个条件，运用这个数学特性就可以轻松解题； 当暴力、搜索等算法都无法解开题目时可以尝试使用动态规划，例如2025-xp05-04-T4 中，题目的正解使用的时动态规划，通过一些区间的规定以及转移方程就可以AC整道题目； 做题时如果有了思路就不要放弃，想方设法实现它，例如 2025-xp05-04-T5 中，在考试时和正解思路基本一致 (赛时思考过程如下) /** 第一个测试样例的n<=100，这个数据大小应该可以暴力一下 观察： 测试点1中，所以有的边(u_i,v_i)都满足u_i = i,v_i = i + 1,也就是说测试点一中的树绝对是以链的形式存在的 烧烤： 如果我要把整颗树都涂成蓝色的，那就需要先把整颗树涂成红色或蓝色，想要把整颗树都涂成红色的就是要让fa走遍整颗树的最短路。 再烧烤： 现在，整颗树都是红色或蓝色的了(在fa走遍整颗树时fb可能会走到fa已经走过的位置)，那么fb就可以先走到fa的起点，再顺着fa走过的路走一遍 -> fb走的轮数 = fa走的轮数 + fb走到fa需要的额外轮数，所以可以推出一个可能不对但我感觉对的结论：最少走的轮数等于两倍的fa走遍整颗树的最小轮数 那么，又可以想到fa走遍整颗树的轮数最小的情况因该是先走短路再回头走长路，也就是说可以把fa作为一个根，判断其子树 的深度，只有最深的那颗字数不需要乘2，其他都要，最后累加 **/ 对于这个思路似乎很难实现，但如果再仔细思考一下或许就能写出题解； 在做一些与位运算等二进制知识有关的时候可以联系二进制的部分性质来降低算法时间复杂度，例如 2025-xp05-04-T6 中， (后续收获的内容需参考以下赛时思路) /** 既然f(l,r) = a_l ^ a_l+1 ^ a_l+2 ^ ··· ^ a_r-1 ^ a_r ，那么f(x,y) ^ f(y,z) 不就是↓ a_x ^ a_x + 1 ^ ··· ^ a_y ^ a_y ^ a_y+1 ^ ··· ^ a_z 那不就是f(x,z)^x_y吗？ 所以实际上要求的f(x,y) ^ f(y,z) > f(x,z) 就是f(x,z) ^ x_y > f(x,z) 而f(x,z) = f(x,z) , 所以关键是在于这个y **/ 通过以上赛时思路可以联系二进制的位运算中的异或运算的一些性质，如果想要 a ⨁ b 的值比 a 大，那就看 a 和 b 的最高位。如果运算结果的二进制的最高位比 a 的二进制的最高位大。通过这个性质就能得出这道题的正解。 | H23: 在做“添加零”的时候因为根本每往DFS上想导致没有通过； 在做“对数”时因为没有观察到题目中的数学性质导致没有完全通过； 在做“fangz 的分数”时因为没有想到动态规划算法导致没有完全通过； 在做“涂树”时因为有思路但不是很会实现而选择跳过该题导致没有通过； 在做“异异或或异异或”时因为没有联系到其二进制原理导致没有完全通过 | I23: 计划：多复习一些动态规划相关的知识，加深对算法的理解以及增加状态设计和状态转移方程的设计的熟练度；多做一些与动态规划或二进制相关的题目； | J23: 今天选讲了提高组的真题，重点讲解了在面对冗长代码时如何通过模块化拆分、封装函数来保持逻辑清晰，并介绍了哈希这一高效优化技巧，帮助同学们在解决字符串及模拟问题时更加得心应手。孟霖课堂积极度良好。能够参与互动，跟上课堂节奏，表现出学习热情。孟霖对核心思路掌握较好，能够在部分题目中运用模块化和哈希技巧。孟霖在写代码时能够通过封装函数将冗长的代码拆解成多个模块，然后独立调用，使得代码读起来简洁。孟霖在本次测试中表现不错，孟霖能够解决基础的问题，在做其他题目时能够去获取部分分数，在面对中等题的时候，也能能够分析出问题的类型，但是孩子对于普及组二分 or 双指针的使用不是很熟练，实现代码的时候遇到了困难，并且准备写一道题目的正解时，需要多加思考其性质，以及实现方式，继续加油。 | M23: 【xx】同学对于模块化拆分、函数封装及哈希优化的原理理解深入，能够在思考问题时迅速抓住核心，利用到今天所学到的知识点。 | N23: 【xx】通过今天的学习，能够通过封装函数将冗长的代码拆解成多个模块，然后独立调用，使得代码读起来简洁。并且能够巧妙的通过哈希来解决查找问题。
B24: 邓宇然 | C24: A- | D24: B | E24: B | F24: B- | G24: 今天学习了前缀异或和的查询与计算，哈希（异或哈希[因为异或符合结合律与交换律，如果一个区间里每一个数字出现次数都是偶数，那么他们的异或和为0。异或和是0就是偶数；异或和是0不一定是偶数。]，和哈希[维护每个元素只出现一次的数组]）,随机化（正确性不是百分之百，但错误的概率减小到可以忽略不计），基环树（如果所有点的出度都是1，那么是一个内向的基环树。如果所有点的入度都是1，那么就是一个外向的基环树。对于内向的基环树而言，从任意一个点出发，一定能走到环上。对于外向的基环树而言，环上的点出发，可以到达任意点。） | H24: 对题目理解不透彻，基本上写的都是暴力代码，且对运算符（^）的运算优先级不熟悉导致错误 | I24: 多练习思维提升题目，尝试解开自己不会的题，谨记运算符的优先级，防止同样失误的出现 | J24: 今天选讲了提高组的真题，重点讲解了在面对冗长代码时如何通过模块化拆分、封装函数来保持逻辑清晰，并介绍了哈希这一高效优化技巧，帮助同学们在解决字符串及模拟问题时更加得心应手。宇然课堂积极度良好。能够参与互动，跟上课堂节奏，表现出学习热情。宇然对核心思路掌握较好，能够在部分题目中运用模块化和哈希技巧。宇然在写代码时能够通过封装函数将冗长的代码拆解成多个模块，然后独立调用，使得代码读起来简洁。宇然在本次测试中表现不错，能很好的执行自己的比赛策略，能够解决基础的问题，在做其他题目时能够去获取部分分数，在面对中等题的时候，也能能够分析出问题的类型，但是孩子对于普及组二分 or 双指针的使用不是很熟练，实现代码的时候遇到了困难，并且准备写一道题目的正解时，需要多加思考其性质，以及实现方式，继续加油。 | M24: 【xx】同学对核心思路掌握较好，能够在部分题目中运用模块化和哈希技巧。 | N24: 【xx】通过今天的学习，可以将核心代码封装到函数中，但是对于具体的使用还是不太熟悉。虽然了解了哈希有什么用处，但是在具体题目中还是难以运用。
M25: 【xx】同学能够将部分代码封装成函数，但是在具体的使用中还不是特别熟练。 | N25: 【xx】的代码仍然倾向于写一大段，缺少合理的模块化和封装，导致编写速度偏慢。对于哈希的技巧了解的不多，没能够在具体题目中运用。
A31: 代码能力(当天最难的知识点 或 所有基础都理解就是A 或 班级表现前70%) A / B 理解能力(当天最难的知识点 或 所有基础都理解就是A 或 班级表现前70%) A / B 摸底测或代码模板默写(统称为小检测，4-5-1 对应A-B-C) A:30 B:20 C:10 最终表现 A类 >= 80分 B类 >= 60分 C类 < 60分

Sheet Day4反馈表
A1: 暑假集训学习反馈卡 | N1: 张陈曦暑假集训学习反馈卡
B4: 姓名 | D4: 金智宸 | O4: 课堂积极性 | Q4: 理解能力 | S4: 代码能力 | U4: 综合评价
B6: 课堂积极性 | D6: 理解能力 | F6: 代码能力 | H6: 综合评价
B8: =VLOOKUP(D4,day4!$B$7:$G$100,2,FALSE) -> A- | D8: =VLOOKUP(D4,day4!$B$7:$G$100,3,FALSE) -> B+ | F8: =VLOOKUP(D4,day4!$B$7:$G$100,4,FALSE) -> B+ | H8: =VLOOKUP(D4,day4!$B$7:$G$100,5,FALSE) -> B
O10: 学生总结 | P10: 收获 (今天学到了/回忆起了什么知识) | R10: 二分查找、哈夫曼编码
B12: 学生总结 | C12: 收获 (今天学到了/回忆起了什么知识) | E12: =VLOOKUP(D4,day4!$B$7:$G$100,6,FALSE) -> 异或哈希&&和哈希，两者通过随机数&&哈希来实现，前者可以运算维护物品出现次数是不是偶数次，后者维护每样物品是不是只出现几次；在做一些给予数学/其他公式时，实在不会可以把公式进行转换再去尝试。异或运算的前缀和异或。 | P12: 学生自我反思 (在测试/学习中出现了什么失误/错误) | R12: 阅读程序： （2）、1（不会）、2（我赌它两行输出相同）、5（因为第一题赌它俩函数输出相同，所以直接拿dp表算的，然后就错了） （3）、3（没算对）、4（没算对）
C14: 学生自我反思 (在测试/学习中出现了什么失误/错误) | E14: =VLOOKUP(D4,day4!$B$7:$Z$100,7,FALSE) -> 没有合理分配时间，在一道题上花费了太多时间；没有仔细审题导致数据范围开小。 | P14: 计划 (在什么知识点上还需要更多练习/讲解) | R14: 树、图、动态规划
C16: 计划 (在什么知识点上还需要更多练习/讲解) | E16: =VLOOKUP(D4,day4!$B$7:$Z$100,8,FALSE) -> 哈希使用方法，多联系dp题目来帮助更好的设计状态(转移方程)，考试时先从我擅长的题目做起，再去做难的题目，不要被卡太久，太久就换题：）；多做题来锻炼思维能力，可以在做题时更快想出方法 | O16: 教师寄语 | P16: 今天的课程内容是一次初赛模拟赛和讲解，以及2022年真题的测试与讲解。今天陈曦的表现很不错，超过了浙江晋级分数线整整10分，在基础选择和完善代码部分都是满分，这个成绩已经非常不错了。明天我们会把所有J组的知识点再过一遍，做最后一遍查漏补缺，最后做一下2023的真题卷，作为我们集训营内容的收尾，希望陈曦可以在明天也可以获得一个好成绩。
B18: 教师寄语 | C18: =VLOOKUP(D4,day4!$B$7:$Z$100,9,FALSE) -> 今天选讲了提高组的真题，重点讲解了在面对冗长代码时如何通过模块化拆分、封装函数来保持逻辑清晰，并介绍了哈希这一高效优化技巧，帮助同学们在解决字符串及模拟问题时更加得心应手。智宸同学课堂积极度良好。能够参与互动，跟上课堂节奏，表现出学习热情。智宸在本次测试中表现不错，智宸能够解决基础的问题，在做其他题目时能够去获取部分分数，在面对中等题的时候，也能能够分析出问题的类型，但是孩子对于普及组二分 or 双指针的使用不是很熟练，实现代码的时候遇到了困难，需要加强基础算法的熟练度，继续加油。后续会通过不断练习来提高算法优化技巧的熟练度。
A66: 王成峰寒假集训学习反馈卡
C70: 今日知识点 | E70: =#REF! -> #REF!
C71: 课堂积极性 | E71: 代码完成速度 | G71: 每日测试成绩 | I71: 综合评价
C73: A | E73: A | G73: A+ | I73: A
C77: 学生总结 | D77: 收获 (今天学到了/回忆起了什么知识) | F77: 今天增强巩固了二分答案，增强了对二分答案的应用，进行了模拟来解决问题，比如区间二分答案的模拟。 还有一些二分答案的小技巧，比如在模拟二分答案时，要认真审题，理解题目想让我们做的事是什么，然后可以对于一些复杂的代码进行一些简化和优化，这样反而可以增强代码的准确性。
D79: 反思 (在测试/学习中出现了什么失误/错误) | F79: 在考试时，对于解题过程复杂繁琐的题，解题过程的分析还需更加仔细，不然会发生一些不仔细的小错误。
C81: 教师寄语 | D81: 今天是成峰在二分算法的最后一课，今天的题目会更加地综合，更考验成峰的代码实现能力。现在二分算法的问题思想成峰已经理解地非常深刻了，能够在对应的问题中使用这个算法。代码实现的基本功还是有待提高，在实现时，会在一些地方会出些小错误。在寒假后的春季课程中，建议加强中等难度的模拟类问题的训练，可以获得更好的效果。
A89: 寒假集训学习反馈卡
C92: 代码能力 | F92: 理解能力 | H92: 综合评价
C94: A+ | E94: B | G94: A- | I94: A
C98: 学生总结 | D98: 收获 (今天学到了/回忆起了什么知识) | F98: Today learn: 复习二分答案 1、基于昨天学的二分答案，和自定义check函数的灵活运用，比较多的设计了模拟。 2、下面solve部分基本都是一样的，设一个l和一个r，while (l+1<r)，在long long mid=(l+r)/2，用if判断一下，最后输出。 3、注意要初始化，每一次都要全部清零。
D100: 反思 (在测试/学习中出现了什么失误/错误) | F100: 要联系早上上课时的内容写代码
C102: 教师寄语 | D102: 今天是震天在二分算法的最后一课，今天的题目会更加地综合，更考验震天的代码实现能力。现在二分算法的问题思想震天已经理解地非常深刻了，能够在对应的问题中使用这个算法。代码实现的基本功还是有待提高，在实现时，会在一些地方会出些小错误。不过做题速度相比前几天，已经有了显著的提高，错误已经变得更少了。在测试中，也会根据部分分去写对应的代码。在寒假后的春季课程中，建议加强中等难度的模拟类问题的训练，可以获得更好的效果。

Sheet day5
A1: 课程内容 | B1: 姓名 | C1: 代码能力 | D1: 理解能力 | E1: 综合评价 | K1: T1 | L1: T2 | M1: T3 | N1: T4 | O1: 考试总体表现 | P1: 课程内容 | Q1: 反馈
A2: 今天的课程主要进行了对于博弈论的学习、以及一道 CSP-S 的压轴题贪吃蛇。 | B2: 震轩 | C2: A | D2: A | E2: A | K2: A | L2: B | M2: A | N2: C | O2: B | P2: B | Q2: =A2&P8&O8&K8&L8&M8&N8 -> 今天的课程主要进行了对于博弈论的学习、以及一道 CSP-S 的压轴题贪吃蛇。
B5: 张梓涵 | C5: A | D5: A | E5: A+
B6: 吴奕淳 | C6: A+ | D6: A | E6: A+
B7: 刘孟霖 | C7: A | D7: A | E7: A
B8: 祁靖轩 | C8: A | D8: A- | E8: A
B9: 熊子轩 | C9: A- | D9: A- | E9: A
B10: 陈一实 | C10: A- | D10: A- | E10: A-
B11: 郭维皓 | C11: A- | D11: A- | E11: A-
B12: 邓宇然 | C12: A- | D12: A- | E12: A-
B13: 练皓文 | C13: A- | D13: A- | E13: A-
B14: 何奇阳 | C14: B+ | D14: B+ | E14: A-
B15: 杜星澎 | C15: B+ | D15: B+ | E15: B+
B16: 余廷锴 | C16: B+ | D16: B+ | E16: B+
... B20: 张允泽 | C20: B | D20: B | E20: B-
A32: 代码能力(当天最难的知识点 或 所有基础都理解就是A 或 班级表现前70%) A / B 理解能力(当天最难的知识点 或 所有基础都理解就是A 或 班级表现前70%) A / B 摸底测或代码模板默写(统称为小检测，4-5-1 对应A-B-C) A:30 B:20 C:10 最终表现 A类 >= 80分 B类 >= 60分 C类 < 60分

Sheet day51
A1: 2025⼩码王暑期集训 - 杭州营8⽉ 第二期-XP05-复赛模拟赛-04-一班
A4: 名次 | B4: 参赛者 | C4: 团队备注 | D4: 总分 | H4: T1 100 | I4: T2 100 | J4: T3 100 | K4: T4 100 | L4: T1评分 | M4: T2评分 | N4: T3评分 | O4: T4评分 | P4: 考试总体表现 | Q4: 反馈
A5: 1 | B5: 张梓涵 | C5: 张梓涵 | D5: 224 | E5: A | F5: A | G5: A+ | H5: 100 | I5: 100 | J5: 4 | K5: 20 | L5: =IF(H5=0,"C",IF(RANK(H5,$H$5:$H$20,0)<=ROUNDUP((COUNT($H$5:$H$20)-COUNTIF($H$5:$H$20,0))*25%,0),"A",IF(RANK(H5,$H$5:$H$20,0)<=ROUNDUP((COUNT($H$5:$H$20)-COUNTIF($H$5:$H$20,0))*50%,0),"A-",IF(RANK(H5,$H$5:$H$20,0)<=ROUNDUP((COUNT($H$5:$H$20)-COUNTIF($H$5:$H$20,0))*75%,0),"B+","B")))) -> A | M5: =IF(I5=0,"C",IF(RANK(I5,$I$5:$I$20,0)<=ROUNDUP((COUNT($I$5:$I$20)-COUNTIF($I$5:$I$20,0))*25%,0),"A",IF(RANK(I5,$I$5:$I$20,0)<=ROUNDUP((COUNT($I$5:$I$20)-COUNTIF($I$5:$I$20,0))*50%,0),"A-",IF(RANK(I5,$I$5:$I$20,0)<=ROUNDUP((COUNT($I$5:$I$20)-COUNTIF($I$5:$I$20,0))*75%,0),"B+","B")))) -> A | N5: =IF(J5=0,"C",IF(RANK(J5,$J$5:$J$20,0)<=ROUNDUP((COUNT($J$5:$J$20)-COUNTIF($J$5:$J$20,0))*25%,0),"A",IF(RANK(J5,$J$5:$J$20,0)<=ROUNDUP((COUNT($J$5:$J$20)-COUNTIF($J$5:$J$20,0))*50%,0),"A-",IF(RANK(J5,$J$5:$J$20,0)<=ROUNDUP((COUNT($J$5:$J$20)-COUNTIF($J$5:$J$20,0))*75%,0),"B+","B")))) -> A | O5: =IF(K5=0,"C",IF(RANK(K5,$K$5:$K$20,0)<=ROUNDUP((COUNT($K$5:$K$20)-COUNTIF($K$5:$K$20,0))*25%,0),"A",IF(RANK(K5,$K$5:$K$20,0)<=ROUNDUP((COUNT($K$5:$K$20)-COUNTIF($K$5:$K$20,0))*50%,0),"A-",IF(RANK(K5,$K$5:$K$20,0)<=ROUNDUP((COUNT($K$5:$K$20)-COUNTIF($K$5:$K$20,0))*75%,0),"B+","B")))) -> A- | P5: =IF(D5<20,"C",IF(RANK(D5,$D$5:$D$20,0)<=ROUNDUP(COUNT($D$5:$D$20)*25%,0),"A",IF(RANK(D5,$D$5:$D$20,0)<=ROUNDUP(COUNT($D$5:$D$20)*50%,0),"A-",IF(RANK(D5,$D$5:$D$20,0)<=ROUNDUP(COUNT($D$5:$D$20)*75%,0),"B+","B")))) -> A | Q5: ="今天的课程主要进行了对于博弈论的学习，通过运用博弈论来解决一道CSP-S的压轴题《贪吃蛇》。在晚上组织了同学们参加atcoder的比赛，体验与全球信奥选手同台竞技的氛围，锻炼孩子的思维能力，激发孩子的竞争意识与学习动力。今天的测试为OI赛制，模拟CSP-S复赛的真实环境，"&C5&"在今天的测试中表现为"&P5&"。"&IF(P5="A","整体表现优秀，能够熟练掌握并灵活运用知识解决复杂问题，展现了清晰的思维和扎实的功底。在补题环节，会与同学的交流自己的想法，并帮助同学解决代码问题，体现较好的表达与合作能力。希望孩子能继续保持深入钻研，多参加竞赛以拓展视野，并提升自我。",IF(P5="A-","整体表现较好，能够较好掌握知识并解决大部分问题，但在细节和稳定性方面仍有提升空间。学习过程中思路较清晰，但有时在时间把握和题目细节上稍显不足。后续会对孩子强调：在复盘中多关注错误环节，提升解题准确性。",IF(P5="B+","表现良好，基本掌握知识点，能够完成多数任务，思路有时不够稳定。课堂学习积极，但在题目分析深度和解题完整性上仍有不足，需要进一步提升。后续会对孩子加强训练的系统性，多总结解题套路以增强稳健性。",IF(P5="B","完成情况不错，能理解部分知识，但在综合运用方面有一定困难。遇到复杂题目时容易卡壳，说明理解尚不够牢固，基础需要更扎实。后续会对孩子分阶段巩固基础，逐步增加难度训练，以提高整体水平。",IF(P5="C","本次测试发挥欠佳，存在较大知识空白和方法性问题。学习过程中缺乏系统性，导致遇到新题时难以找到切入点，需要循序渐进建立知识框架。后续会从孩子欠缺的知识点入手，逐步补齐短板，并进行针对性训练。",""))))) -> 今天的课程主要进行了对于博弈论的学习，通过运用博弈论来解决一道CSP-S的压轴题《贪吃蛇》。在晚上组织了同学们参加atcoder的比赛，体验与全球信奥选手同台竞技的氛围，锻炼孩子的思维能力，激发孩子的竞争意识与学习动力。今天的测试为OI赛制，模拟CSP-S复赛的真实环境，张梓涵在今天的测试中表现为A。整体表现优秀，能够熟练掌握并灵活运用知识解决复杂问题，展现了清晰的思维和扎实的功底。在补题环节，会与同学的交流自己的想法，并帮助同学解决代码问题，体现较好的表达与合作能力。希望孩子能继续保持深入钻研，多参加竞赛以拓展视野，并提升自我。
A6: 2 | B6: 吴奕淳 | C6: 吴奕淳 | D6: 196 | E6: A+ | F6: A | G6: A+ | H6: 100 | I6: 96 | J6: 0 | K6: 0 | L6: =IF(H6=0,"C",IF(RANK(H6,$H$5:$H$20,0)<=ROUNDUP((COUNT($H$5:$H$20)-COUNTIF($H$5:$H$20,0))*25%,0),"A",IF(RANK(H6,$H$5:$H$20,0)<=ROUNDUP((COUNT($H$5:$H$20)-COUNTIF($H$5:$H$20,0))*50%,0),"A-",IF(RANK(H6,$H$5:$H$20,0)<=ROUNDUP((COUNT($H$5:$H$20)-COUNTIF($H$5:$H$20,0))*75%,0),"B+","B")))) -> A | M6: =IF(I6=0,"C",IF(RANK(I6,$I$5:$I$20,0)<=ROUNDUP((COUNT($I$5:$I$20)-COUNTIF($I$5:$I$20,0))*25%,0),"A",IF(RANK(I6,$I$5:$I$20,0)<=ROUNDUP((COUNT($I$5:$I$20)-COUNTIF($I$5:$I$20,0))*50%,0),"A-",IF(RANK(I6,$I$5:$I$20,0)<=ROUNDUP((COUNT($I$5:$I$20)-COUNTIF($I$5:$I$20,0))*75%,0),"B+","B")))) -> A- | N6: =IF(J6=0,"C",IF(RANK(J6,$J$5:$J$20,0)<=ROUNDUP((COUNT($J$5:$J$20)-COUNTIF($J$5:$J$20,0))*25%,0),"A",IF(RANK(J6,$J$5:$J$20,0)<=ROUNDUP((COUNT($J$5:$J$20)-COUNTIF($J$5:$J$20,0))*50%,0),"A-",IF(RANK(J6,$J$5:$J$20,0)<=ROUNDUP((COUNT($J$5:$J$20)-COUNTIF($J$5:$J$20,0))*75%,0),"B+","B")))) -> C | O6: =IF(K6=0,"C",IF(RANK(K6,$K$5:$K$20,0)<=ROUNDUP((COUNT($K$5:$K$20)-COUNTIF($K$5:$K$20,0))*25%,0),"A",IF(RANK(K6,$K$5:$K$20,0)<=ROUNDUP((COUNT($K$5:$K$20)-COUNTIF($K$5:$K$20,0))*50%,0),"A-",IF(RANK(K6,$K$5:$K$20,0)<=ROUNDUP((COUNT($K$5:$K$20)-COUNTIF($K$5:$K$20,0))*75%,0),"B+","B")))) -> C | P6: =IF(D6<20,"C",IF(RANK(D6,$D$5:$D$20,0)<=ROUNDUP(COUNT($D$5:$D$20)*25%,0),"A",IF(RANK(D6,$D$5:$D$20,0)<=ROUNDUP(COUNT($D$5:$D$20)*50%,0),"A-",IF(RANK(D6,$D$5:$D$20,0)<=ROUNDUP(COUNT($D$5:$D$20)*75%,0),"B+","B")))) -> A | Q6: 今天的课程主要进行了对于博弈论的学习、以及一道CSP-S的压轴题贪吃蛇。奕淳积极参与课堂互动，对于博弈论知识有较好理解，并且能够独立完成 Nim，Bash 等问题。奕淳在本次CSP模拟中考的非常好。奕淳在第一道题中获取了满分，能够非常精细的实现模拟的代码。奕淳在第二道题中能从特殊性质入手，相出题目的正解并加以实现。在剩下的题目中，奕淳在代码实现方面遇到了困难，导致没有成功获取部分分，非常可惜，继续加油
A7: 3 | B7: 刘孟霖 | C7: 刘孟霖 | D7: 192 | E7: A | F7: A | G7: A | H7: 100 | I7: 44 | J7: 4 | K7: 44 | L7: =IF(H7=0,"C",IF(RANK(H7,$H$5:$H$20,0)<=ROUNDUP((COUNT($H$5:$H$20)-COUNTIF($H$5:$H$20,0))*25%,0),"A",IF(RANK(H7,$H$5:$H$20,0)<=ROUNDUP((COUNT($H$5:$H$20)-COUNTIF($H$5:$H$20,0))*50%,0),"A-",IF(RANK(H7,$H$5:$H$20,0)<=ROUNDUP((COUNT($H$5:$H$20)-COUNTIF($H$5:$H$20,0))*75%,0),"B+","B")))) -> A | M7: =IF(I7=0,"C",IF(RANK(I7,$I$5:$I$20,0)<=ROUNDUP((COUNT($I$5:$I$20)-COUNTIF($I$5:$I$20,0))*25%,0),"A",IF(RANK(I7,$I$5:$I$20,0)<=ROUNDUP((COUNT($I$5:$I$20)-COUNTIF($I$5:$I$20,0))*50%,0),"A-",IF(RANK(I7,$I$5:$I$20,0)<=ROUNDUP((COUNT($I$5:$I$20)-COUNTIF($I$5:$I$20,0))*75%,0),"B+","B")))) -> A- | N7: =IF(J7=0,"C",IF(RANK(J7,$J$5:$J$20,0)<=ROUNDUP((COUNT($J$5:$J$20)-COUNTIF($J$5:$J$20,0))*25%,0),"A",IF(RANK(J7,$J$5:$J$20,0)<=ROUNDUP((COUNT($J$5:$J$20)-COUNTIF($J$5:$J$20,0))*50%,0),"A-",IF(RANK(J7,$J$5:$J$20,0)<=ROUNDUP((COUNT($J$5:$J$20)-COUNTIF($J$5:$J$20,0))*75%,0),"B+","B")))) -> A | O7: =IF(K7=0,"C",IF(RANK(K7,$K$5:$K$20,0)<=ROUNDUP((COUNT($K$5:$K$20)-COUNTIF($K$5:$K$20,0))*25%,0),"A",IF(RANK(K7,$K$5:$K$20,0)<=ROUNDUP((COUNT($K$5:$K$20)-COUNTIF($K$5:$K$20,0))*50%,0),"A-",IF(RANK(K7,$K$5:$K$20,0)<=ROUNDUP((COUNT($K$5:$K$20)-COUNTIF($K$5:$K$20,0))*75%,0),"B+","B")))) -> A | P7: =IF(D7<20,"C",IF(RANK(D7,$D$5:$D$20,0)<=ROUNDUP(COUNT($D$5:$D$20)*25%,0),"A",IF(RANK(D7,$D$5:$D$20,0)<=ROUNDUP(COUNT($D$5:$D$20)*50%,0),"A-",IF(RANK(D7,$D$5:$D$20,0)<=ROUNDUP(COUNT($D$5:$D$20)*75%,0),"B+","B")))) -> A | Q7: 今天的课程主要进行了对于博弈论的学习、以及一道CSP-S的压轴题贪吃蛇。孟霖积极参与课堂互动，对于博弈论知识有较好理解，并且能够独立完成 Nim，Bash 等问题。孟霖在本次CSP模拟中考的非常好。孟霖在第一道题中获取了满分，是班里第一个 AC 的同学。孟霖在第二道题中获取了部分分，能够写对暴力分，并且在此基础上想到了特殊性质的解法。在剩下的题目中，孟霖能正确的读取题意并且有着很强的代码实现能力，获取了大部分的分数，非常不错，继续保持。对于 dp 问题，孟霖能够分别出题目类型，但是在实现的还是有些困难，后续可以增强对于 dp 以及哈希的练习，继续加油。
A8: 4 | B8: 祁靖轩 | C8: 祁靖轩 | D8: 184 | E8: A | F8: A- | G8: A | H8: 100 | I8: 56 | J8: 8 | K8: 20 | L8: =IF(H8=0,"C",IF(RANK(H8,$H$5:$H$20,0)<=ROUNDUP((COUNT($H$5:$H$20)-COUNTIF($H$5:$H$20,0))*25%,0),"A",IF(RANK(H8,$H$5:$H$20,0)<=ROUNDUP((COUNT($H$5:$H$20)-COUNTIF($H$5:$H$20,0))*50%,0),"A-",IF(RANK(H8,$H$5:$H$20,0)<=ROUNDUP((COUNT($H$5:$H$20)-COUNTIF($H$5:$H$20,0))*75%,0),"B+","B")))) -> A | M8: =IF(I8=0,"C",IF(RANK(I8,$I$5:$I$20,0)<=ROUNDUP((COUNT($I$5:$I$20)-COUNTIF($I$5:$I$20,0))*25%,0),"A",IF(RANK(I8,$I$5:$I$20,0)<=ROUNDUP((COUNT($I$5:$I$20)-COUNTIF($I$5:$I$20,0))*50%,0),"A-",IF(RANK(I8,$I$5:$I$20,0)<=ROUNDUP((COUNT($I$5:$I$20)-COUNTIF($I$5:$I$20,0))*75%,0),"B+","B")))) -> A- | N8: =IF(J8=0,"C",IF(RANK(J8,$J$5:$J$20,0)<=ROUNDUP((COUNT($J$5:$J$20)-COUNTIF($J$5:$J$20,0))*25%,0),"A",IF(RANK(J8,$J$5:$J$20,0)<=ROUNDUP((COUNT($J$5:$J$20)-COUNTIF($J$5:$J$20,0))*50%,0),"A-",IF(RANK(J8,$J$5:$J$20,0)<=ROUNDUP((COUNT($J$5:$J$20)-COUNTIF($J$5:$J$20,0))*75%,0),"B+","B")))) -> A | O8: =IF(K8=0,"C",IF(RANK(K8,$K$5:$K$20,0)<=ROUNDUP((COUNT($K$5:$K$20)-COUNTIF($K$5:$K$20,0))*25%,0),"A",IF(RANK(K8,$K$5:$K$20,0)<=ROUNDUP((COUNT($K$5:$K$20)-COUNTIF($K$5:$K$20,0))*50%,0),"A-",IF(RANK(K8,$K$5:$K$20,0)<=ROUNDUP((COUNT($K$5:$K$20)-COUNTIF($K$5:$K$20,0))*75%,0),"B+","B")))) -> A- | P8: =IF(D8<20,"C",IF(RANK(D8,$D$5:$D$20,0)<=ROUNDUP(COUNT($D$5:$D$20)*25%,0),"A",IF(RANK(D8,$D$5:$D$20,0)<=ROUNDUP(COUNT($D$5:$D$20)*50%,0),"A-",IF(RANK(D8,$D$5:$D$20,0)<=ROUNDUP(COUNT($D$5:$D$20)*75%,0),"B+","B")))) -> A | Q8: ="今天的课程主要进行了对于博弈论的学习，通过运用博弈论来解决一道CSP-S的压轴题《贪吃蛇》。在晚上组织了同学们参加atcoder的比赛，体验与全球信奥选手同台竞技的氛围，锻炼孩子的思维能力，激发孩子的竞争意识与学习动力。今天的测试为OI赛制，模拟CSP-S复赛的真实环境，"&C8&"在今天的测试中表现为"&P8&"。"&IF(P8="A","整体表现优秀，能够熟练掌握并灵活运用知识解决复杂问题，展现了清晰的思维和扎实的功底。在补题环节，会与同学的交流自己的想法，并帮助同学解决代码问题，体现较好的表达与合作能力。希望孩子能继续保持深入钻研，多参加竞赛以拓展视野，并提升自我。",IF(P8="A-","整体表现较好，能够较好掌握知识并解决大部分问题，但在细节和稳定性方面仍有提升空间。学习过程中思路较清晰，但有时在时间把握和题目细节上稍显不足。后续会对孩子强调：在复盘中多关注错误环节，提升解题准确性。",IF(P8="B+","表现良好，基本掌握知识点，能够完成多数任务，思路有时不够稳定。课堂学习积极，但在题目分析深度和解题完整性上仍有不足，需要进一步提升。后续会对孩子加强训练的系统性，多总结解题套路以增强稳健性。",IF(P8="B","完成情况不错，能理解部分知识，但在综合运用方面有一定困难。遇到复杂题目时容易卡壳，说明理解尚不够牢固，基础需要更扎实。后续会对孩子分阶段巩固基础，逐步增加难度训练，以提高整体水平。",IF(P8="C","本次测试发挥欠佳，存在较大知识空白和方法性问题。学习过程中缺乏系统性，导致遇到新题时难以找到切入点，需要循序渐进建立知识框架。后续会从孩子欠缺的知识点入手，逐步补齐短板，并进行针对性训练。",""))))) -> 今天的课程主要进行了对于博弈论的学习，通过运用博弈论来解决一道CSP-S的压轴题《贪吃蛇》。在晚上组织了同学们参加atcoder的比赛，体验与全球信奥选手同台竞技的氛围，锻炼孩子的思维能力，激发孩子的竞争意识与学习动力。今天的测试为OI赛制，模拟CSP-S复赛的真实环境，祁靖轩在今天的测试中表现为A。整体表现优秀，能够熟练掌握并灵活运用知识解决复杂问题，展现了清晰的思维和扎实的功底。在补题环节，会与同学的交流自己的想法，并帮助同学解决代码问题，体现较好的表达与合作能力。希望孩子能继续保持深入钻研，多参加竞赛以拓展视野，并提升自我。
A9: 5 | B9: 熊子轩 | C9: 熊子轩 | D9: 164 | E9: A- | F9: A- | G9: A | H9: 60 | I9: 100 | J9: 4 | K9: 0 | L9: =IF(H9=0,"C",IF(RANK(H9,$H$5:$H$20,0)<=ROUNDUP((COUNT($H$5:$H$20)-COUNTIF($H$5:$H$20,0))*25%,0),"A",IF(RANK(H9,$H$5:$H$20,0)<=ROUNDUP((COUNT($H$5:$H$20)-COUNTIF($H$5:$H$20,0))*50%,0),"A-",IF(RANK(H9,$H$5:$H$20,0)<=ROUNDUP((COUNT($H$5:$H$20)-COUNTIF($H$5:$H$20,0))*75%,0),"B+","B")))) -> B+ | M9: =IF(I9=0,"C",IF(RANK(I9,$I$5:$I$20,0)<=ROUNDUP((COUNT($I$5:$I$20)-COUNTIF($I$5:$I$20,0))*25%,0),"A",IF(RANK(I9,$I$5:$I$20,0)<=ROUNDUP((COUNT($I$5:$I$20)-COUNTIF($I$5:$I$20,0))*50%,0),"A-",IF(RANK(I9,$I$5:$I$20,0)<=ROUNDUP((COUNT($I$5:$I$20)-COUNTIF($I$5:$I$20,0))*75%,0),"B+","B")))) -> A | N9: =IF(J9=0,"C",IF(RANK(J9,$J$5:$J$20,0)<=ROUNDUP((COUNT($J$5:$J$20)-COUNTIF($J$5:$J$20,0))*25%,0),"A",IF(RANK(J9,$J$5:$J$20,0)<=ROUNDUP((COUNT($J$5:$J$20)-COUNTIF($J$5:$J$20,0))*50%,0),"A-",IF(RANK(J9,$J$5:$J$20,0)<=ROUNDUP((COUNT($J$5:$J$20)-COUNTIF($J$5:$J$20,0))*75%,0),"B+","B")))) -> A | O9: =IF(K9=0,"C",IF(RANK(K9,$K$5:$K$20,0)<=ROUNDUP((COUNT($K$5:$K$20)-COUNTIF($K$5:$K$20,0))*25%,0),"A",IF(RANK(K9,$K$5:$K$20,0)<=ROUNDUP((COUNT($K$5:$K$20)-COUNTIF($K$5:$K$20,0))*50%,0),"A-",IF(RANK(K9,$K$5:$K$20,0)<=ROUNDUP((COUNT($K$5:$K$20)-COUNTIF($K$5:$K$20,0))*75%,0),"B+","B")))) -> C | P9: =IF(D9<20,"C",IF(RANK(D9,$D$5:$D$20,0)<=ROUNDUP(COUNT($D$5:$D$20)*25%,0),"A",IF(RANK(D9,$D$5:$D$20,0)<=ROUNDUP(COUNT($D$5:$D$20)*50%,0),"A-",IF(RANK(D9,$D$5:$D$20,0)<=ROUNDUP(COUNT($D$5:$D$20)*75%,0),"B+","B")))) -> A- | Q9: ="今天的课程主要进行了对于博弈论的学习，通过运用博弈论来解决一道CSP-S的压轴题《贪吃蛇》。在晚上组织了同学们参加atcoder的比赛，体验与全球信奥选手同台竞技的氛围，锻炼孩子的思维能力，激发孩子的竞争意识与学习动力。今天的测试为OI赛制，模拟CSP-S复赛的真实环境，"&C9&"在今天的测试中表现为"&P9&"。"&IF(P9="A","整体表现优秀，能够熟练掌握并灵活运用知识解决复杂问题，展现了清晰的思维和扎实的功底。在补题环节，会与同学的交流自己的想法，并帮助同学解决代码问题，体现较好的表达与合作能力。希望孩子能继续保持深入钻研，多参加竞赛以拓展视野，并提升自我。",IF(P9="A-","整体表现较好，能够较好掌握知识并解决大部分问题，但在细节和稳定性方面仍有提升空间。学习过程中思路较清晰，但有时在时间把握和题目细节上稍显不足。后续会对孩子强调：在复盘中多关注错误环节，提升解题准确性。",IF(P9="B+","表现良好，基本掌握知识点，能够完成多数任务，思路有时不够稳定。课堂学习积极，但在题目分析深度和解题完整性上仍有不足，需要进一步提升。后续会对孩子加强训练的系统性，多总结解题套路以增强稳健性。",IF(P9="B","完成情况不错，能理解部分知识，但在综合运用方面有一定困难。遇到复杂题目时容易卡壳，说明理解尚不够牢固，基础需要更扎实。后续会对孩子分阶段巩固基础，逐步增加难度训练，以提高整体水平。",IF(P9="C","本次测试发挥欠佳，存在较大知识空白和方法性问题。学习过程中缺乏系统性，导致遇到新题时难以找到切入点，需要循序渐进建立知识框架。后续会从孩子欠缺的知识点入手，逐步补齐短板，并进行针对性训练。",""))))) -> 今天的课程主要进行了对于博弈论的学习，通过运用博弈论来解决一道CSP-S的压轴题《贪吃蛇》。在晚上组织了同学们参加atcoder的比赛，体验与全球信奥选手同台竞技的氛围，锻炼孩子的思维能力，激发孩子的竞争意识与学习动力。今天的测试为OI赛制，模拟CSP-S复赛的真实环境，熊子轩在今天的测试中表现为A-。整体表现较好，能够较好掌握知识并解决大部分问题，但在细节和稳定性方面仍有提升空间。学习过程中思路较清晰，但有时在时间把握和题目细节上稍显不足。后续会对孩子强调：在复盘中多关注错误环节，提升解题准确性。
A10: 6 | B10: 陈一实 | C10: 陈一实 | D10: 152 | E10: A- | F10: A- | G10: A- | H10: 20 | I10: 100 | J10: 4 | K10: 28 | L10: =IF(H10=0,"C",IF(RANK(H10,$H$5:$H$20,0)<=ROUNDUP((COUNT($H$5:$H$20)-COUNTIF($H$5:$H$20,0))*25%,0),"A",IF(RANK(H10,$H$5:$H$20,0)<=ROUNDUP((COUNT($H$5:$H$20)-COUNTIF($H$5:$H$20,0))*50%,0),"A-",IF(RANK(H10,$H$5:$H$20,0)<=ROUNDUP((COUNT($H$5:$H$20)-COUNTIF($H$5:$H$20,0))*75%,0),"B+","B")))) -> B+ | M10: =IF(I10=0,"C",IF(RANK(I10,$I$5:$I$20,0)<=ROUNDUP((COUNT($I$5:$I$20)-COUNTIF($I$5:$I$20,0))*25%,0),"A",IF(RANK(I10,$I$5:$I$20,0)<=ROUNDUP((COUNT($I$5:$I$20)-COUNTIF($I$5:$I$20,0))*50%,0),"A-",IF(RANK(I10,$I$5:$I$20,0)<=ROUNDUP((COUNT($I$5:$I$20)-COUNTIF($I$5:$I$20,0))*75%,0),"B+","B")))) -> A | N10: =IF(J10=0,"C",IF(RANK(J10,$J$5:$J$20,0)<=ROUNDUP((COUNT($J$5:$J$20)-COUNTIF($J$5:$J$20,0))*25%,0),"A",IF(RANK(J10,$J$5:$J$20,0)<=ROUNDUP((COUNT($J$5:$J$20)-COUNTIF($J$5:$J$20,0))*50%,0),"A-",IF(RANK(J10,$J$5:$J$20,0)<=ROUNDUP((COUNT($J$5:$J$20)-COUNTIF($J$5:$J$20,0))*75%,0),"B+","B")))) -> A | O10: =IF(K10=0,"C",IF(RANK(K10,$K$5:$K$20,0)<=ROUNDUP((COUNT($K$5:$K$20)-COUNTIF($K$5:$K$20,0))*25%,0),"A",IF(RANK(K10,$K$5:$K$20,0)<=ROUNDUP((COUNT($K$5:$K$20)-COUNTIF($K$5:$K$20,0))*50%,0),"A-",IF(RANK(K10,$K$5:$K$20,0)<=ROUNDUP((COUNT($K$5:$K$20)-COUNTIF($K$5:$K$20,0))*75%,0),"B+","B")))) -> A | P10: =IF(D10<20,"C",IF(RANK(D10,$D$5:$D$20,0)<=ROUNDUP(COUNT($D$5:$D$20)*25%,0),"A",IF(RANK(D10,$D$5:$D$20,0)<=ROUNDUP(COUNT($D$5:$D$20)*50%,0),"A-",IF(RANK(D10,$D$5:$D$20,0)<=ROUNDUP(COUNT($D$5:$D$20)*75%,0),"B+","B")))) -> A- | Q10: ="今天的课程主要进行了对于博弈论的学习，通过运用博弈论来解决一道CSP-S的压轴题《贪吃蛇》。在晚上组织了同学们参加atcoder的比赛，体验与全球信奥选手同台竞技的氛围，锻炼孩子的思维能力，激发孩子的竞争意识与学习动力。今天的测试为OI赛制，模拟CSP-S复赛的真实环境，"&C10&"在今天的测试中表现为"&P10&"。"&IF(P10="A","整体表现优秀，能够熟练掌握并灵活运用知识解决复杂问题，展现了清晰的思维和扎实的功底。在补题环节，会与同学的交流自己的想法，并帮助同学解决代码问题，体现较好的表达与合作能力。希望孩子能继续保持深入钻研，多参加竞赛以拓展视野，并提升自我。",IF(P10="A-","整体表现较好，能够较好掌握知识并解决大部分问题，但在细节和稳定性方面仍有提升空间。学习过程中思路较清晰，但有时在时间把握和题目细节上稍显不足。后续会对孩子强调：在复盘中多关注错误环节，提升解题准确性。",IF(P10="B+","表现良好，基本掌握知识点，能够完成多数任务，思路有时不够稳定。课堂学习积极，但在题目分析深度和解题完整性上仍有不足，需要进一步提升。后续会对孩子加强训练的系统性，多总结解题套路以增强稳健性。",IF(P10="B","完成情况不错，能理解部分知识，但在综合运用方面有一定困难。遇到复杂题目时容易卡壳，说明理解尚不够牢固，基础需要更扎实。后续会对孩子分阶段巩固基础，逐步增加难度训练，以提高整体水平。",IF(P10="C","本次测试发挥欠佳，存在较大知识空白和方法性问题。学习过程中缺乏系统性，导致遇到新题时难以找到切入点，需要循序渐进建立知识框架。后续会从孩子欠缺的知识点入手，逐步补齐短板，并进行针对性训练。",""))))) -> 今天的课程主要进行了对于博弈论的学习，通过运用博弈论来解决一道CSP-S的压轴题《贪吃蛇》。在晚上组织了同学们参加atcoder的比赛，体验与全球信奥选手同台竞技的氛围，锻炼孩子的思维能力，激发孩子的竞争意识与学习动力。今天的测试为OI赛制，模拟CSP-S复赛的真实环境，陈一实在今天的测试中表现为A-。整体表现较好，能够较好掌握知识并解决大部分问题，但在细节和稳定性方面仍有提升空间。学习过程中思路较清晰，但有时在时间把握和题目细节上稍显不足。后续会对孩子强调：在复盘中多关注错误环节，提升解题准确性。
A11: 7 | B11: 郭维皓 | C11: 郭维皓 | D11: 146 | E11: A- | F11: A- | G11: A- | H11: 100 | I11: 28 | J11: 6 | K11: 12 | L11: =IF(H11=0,"C",IF(RANK(H11,$H$5:$H$20,0)<=ROUNDUP((COUNT($H$5:$H$20)-COUNTIF($H$5:$H$20,0))*25%,0),"A",IF(RANK(H11,$H$5:$H$20,0)<=ROUNDUP((COUNT($H$5:$H$20)-COUNTIF($H$5:$H$20,0))*50%,0),"A-",IF(RANK(H11,$H$5:$H$20,0)<=ROUNDUP((COUNT($H$5:$H$20)-COUNTIF($H$5:$H$20,0))*75%,0),"B+","B")))) -> A | M11: =IF(I11=0,"C",IF(RANK(I11,$I$5:$I$20,0)<=ROUNDUP((COUNT($I$5:$I$20)-COUNTIF($I$5:$I$20,0))*25%,0),"A",IF(RANK(I11,$I$5:$I$20,0)<=ROUNDUP((COUNT($I$5:$I$20)-COUNTIF($I$5:$I$20,0))*50%,0),"A-",IF(RANK(I11,$I$5:$I$20,0)<=ROUNDUP((COUNT($I$5:$I$20)-COUNTIF($I$5:$I$20,0))*75%,0),"B+","B")))) -> B+ | N11: =IF(J11=0,"C",IF(RANK(J11,$J$5:$J$20,0)<=ROUNDUP((COUNT($J$5:$J$20)-COUNTIF($J$5:$J$20,0))*25%,0),"A",IF(RANK(J11,$J$5:$J$20,0)<=ROUNDUP((COUNT($J$5:$J$20)-COUNTIF($J$5:$J$20,0))*50%,0),"A-",IF(RANK(J11,$J$5:$J$20,0)<=ROUNDUP((COUNT($J$5:$J$20)-COUNTIF($J$5:$J$20,0))*75%,0),"B+","B")))) -> A | O11: =IF(K11=0,"C",IF(RANK(K11,$K$5:$K$20,0)<=ROUNDUP((COUNT($K$5:$K$20)-COUNTIF($K$5:$K$20,0))*25%,0),"A",IF(RANK(K11,$K$5:$K$20,0)<=ROUNDUP((COUNT($K$5:$K$20)-COUNTIF($K$5:$K$20,0))*50%,0),"A-",IF(RANK(K11,$K$5:$K$20,0)<=ROUNDUP((COUNT($K$5:$K$20)-COUNTIF($K$5:$K$20,0))*75%,0),"B+","B")))) -> B | P11: =IF(D11<20,"C",IF(RANK(D11,$D$5:$D$20,0)<=ROUNDUP(COUNT($D$5:$D$20)*25%,0),"A",IF(RANK(D11,$D$5:$D$20,0)<=ROUNDUP(COUNT($D$5:$D$20)*50%,0),"A-",IF(RANK(D11,$D$5:$D$20,0)<=ROUNDUP(COUNT($D$5:$D$20)*75%,0),"B+","B")))) -> A- | Q11: ="今天的课程主要进行了对于博弈论的学习，通过运用博弈论来解决一道CSP-S的压轴题《贪吃蛇》。在晚上组织了同学们参加atcoder的比赛，体验与全球信奥选手同台竞技的氛围，锻炼孩子的思维能力，激发孩子的竞争意识与学习动力。今天的测试为OI赛制，模拟CSP-S复赛的真实环境，"&C11&"在今天的测试中表现为"&P11&"。"&IF(P11="A","整体表现优秀，能够熟练掌握并灵活运用知识解决复杂问题，展现了清晰的思维和扎实的功底。在补题环节，会与同学的交流自己的想法，并帮助同学解决代码问题，体现较好的表达与合作能力。希望孩子能继续保持深入钻研，多参加竞赛以拓展视野，并提升自我。",IF(P11="A-","整体表现较好，能够较好掌握知识并解决大部分问题，但在细节和稳定性方面仍有提升空间。学习过程中思路较清晰，但有时在时间把握和题目细节上稍显不足。后续会对孩子强调：在复盘中多关注错误环节，提升解题准确性。",IF(P11="B+","表现良好，基本掌握知识点，能够完成多数任务，思路有时不够稳定。课堂学习积极，但在题目分析深度和解题完整性上仍有不足，需要进一步提升。后续会对孩子加强训练的系统性，多总结解题套路以增强稳健性。",IF(P11="B","完成情况不错，能理解部分知识，但在综合运用方面有一定困难。遇到复杂题目时容易卡壳，说明理解尚不够牢固，基础需要更扎实。后续会对孩子分阶段巩固基础，逐步增加难度训练，以提高整体水平。",IF(P11="C","本次测试发挥欠佳，存在较大知识空白和方法性问题。学习过程中缺乏系统性，导致遇到新题时难以找到切入点，需要循序渐进建立知识框架。后续会从孩子欠缺的知识点入手，逐步补齐短板，并进行针对性训练。",""))))) -> 今天的课程主要进行了对于博弈论的学习，通过运用博弈论来解决一道CSP-S的压轴题《贪吃蛇》。在晚上组织了同学们参加atcoder的比赛，体验与全球信奥选手同台竞技的氛围，锻炼孩子的思维能力，激发孩子的竞争意识与学习动力。今天的测试为OI赛制，模拟CSP-S复赛的真实环境，郭维皓在今天的测试中表现为A-。整体表现较好，能够较好掌握知识并解决大部分问题，但在细节和稳定性方面仍有提升空间。学习过程中思路较清晰，但有时在时间把握和题目细节上稍显不足。后续会对孩子强调：在复盘中多关注错误环节，提升解题准确性。
A12: 8 | B12: 邓宇然 | C12: 邓宇然 | D12: 120 | E12: A- | F12: A- | G12: A- | H12: 72 | I12: 44 | J12: 4 | K12: 0 | L12: =IF(H12=0,"C",IF(RANK(H12,$H$5:$H$20,0)<=ROUNDUP((COUNT($H$5:$H$20)-COUNTIF($H$5:$H$20,0))*25%,0),"A",IF(RANK(H12,$H$5:$H$20,0)<=ROUNDUP((COUNT($H$5:$H$20)-COUNTIF($H$5:$H$20,0))*50%,0),"A-",IF(RANK(H12,$H$5:$H$20,0)<=ROUNDUP((COUNT($H$5:$H$20)-COUNTIF($H$5:$H$20,0))*75%,0),"B+","B")))) -> B+ | M12: =IF(I12=0,"C",IF(RANK(I12,$I$5:$I$20,0)<=ROUNDUP((COUNT($I$5:$I$20)-COUNTIF($I$5:$I$20,0))*25%,0),"A",IF(RANK(I12,$I$5:$I$20,0)<=ROUNDUP((COUNT($I$5:$I$20)-COUNTIF($I$5:$I$20,0))*50%,0),"A-",IF(RANK(I12,$I$5:$I$20,0)<=ROUNDUP((COUNT($I$5:$I$20)-COUNTIF($I$5:$I$20,0))*75%,0),"B+","B")))) -> A- | N12: =IF(J12=0,"C",IF(RANK(J12,$J$5:$J$20,0)<=ROUNDUP((COUNT($J$5:$J$20)-COUNTIF($J$5:$J$20,0))*25%,0),"A",IF(RANK(J12,$J$5:$J$20,0)<=ROUNDUP((COUNT($J$5:$J$20)-COUNTIF($J$5:$J$20,0))*50%,0),"A-",IF(RANK(J12,$J$5:$J$20,0)<=ROUNDUP((COUNT($J$5:$J$20)-COUNTIF($J$5:$J$20,0))*75%,0),"B+","B")))) -> A | O12: =IF(K12=0,"C",IF(RANK(K12,$K$5:$K$20,0)<=ROUNDUP((COUNT($K$5:$K$20)-COUNTIF($K$5:$K$20,0))*25%,0),"A",IF(RANK(K12,$K$5:$K$20,0)<=ROUNDUP((COUNT($K$5:$K$20)-COUNTIF($K$5:$K$20,0))*50%,0),"A-",IF(RANK(K12,$K$5:$K$20,0)<=ROUNDUP((COUNT($K$5:$K$20)-COUNTIF($K$5:$K$20,0))*75%,0),"B+","B")))) -> C | P12: =IF(D12<20,"C",IF(RANK(D12,$D$5:$D$20,0)<=ROUNDUP(COUNT($D$5:$D$20)*25%,0),"A",IF(RANK(D12,$D$5:$D$20,0)<=ROUNDUP(COUNT($D$5:$D$20)*50%,0),"A-",IF(RANK(D12,$D$5:$D$20,0)<=ROUNDUP(COUNT($D$5:$D$20)*75%,0),"B+","B")))) -> A- | Q12: ="今天的课程主要进行了对于博弈论的学习，通过运用博弈论来解决一道CSP-S的压轴题《贪吃蛇》。在晚上组织了同学们参加atcoder的比赛，体验与全球信奥选手同台竞技的氛围，锻炼孩子的思维能力，激发孩子的竞争意识与学习动力。今天的测试为OI赛制，模拟CSP-S复赛的真实环境，"&C12&"在今天的测试中表现为"&P12&"。"&IF(P12="A","整体表现优秀，能够熟练掌握并灵活运用知识解决复杂问题，展现了清晰的思维和扎实的功底。在补题环节，会与同学的交流自己的想法，并帮助同学解决代码问题，体现较好的表达与合作能力。希望孩子能继续保持深入钻研，多参加竞赛以拓展视野，并提升自我。",IF(P12="A-","整体表现较好，能够较好掌握知识并解决大部分问题，但在细节和稳定性方面仍有提升空间。学习过程中思路较清晰，但有时在时间把握和题目细节上稍显不足。后续会对孩子强调：在复盘中多关注错误环节，提升解题准确性。",IF(P12="B+","表现良好，基本掌握知识点，能够完成多数任务，思路有时不够稳定。课堂学习积极，但在题目分析深度和解题完整性上仍有不足，需要进一步提升。后续会对孩子加强训练的系统性，多总结解题套路以增强稳健性。",IF(P12="B","完成情况不错，能理解部分知识，但在综合运用方面有一定困难。遇到复杂题目时容易卡壳，说明理解尚不够牢固，基础需要更扎实。后续会对孩子分阶段巩固基础，逐步增加难度训练，以提高整体水平。",IF(P12="C","本次测试发挥欠佳，存在较大知识空白和方法性问题。学习过程中缺乏系统性，导致遇到新题时难以找到切入点，需要循序渐进建立知识框架。后续会从孩子欠缺的知识点入手，逐步补齐短板，并进行针对性训练。",""))))) -> 今天的课程主要进行了对于博弈论的学习，通过运用博弈论来解决一道CSP-S的压轴题《贪吃蛇》。在晚上组织了同学们参加atcoder的比赛，体验与全球信奥选手同台竞技的氛围，锻炼孩子的思维能力，激发孩子的竞争意识与学习动力。今天的测试为OI赛制，模拟CSP-S复赛的真实环境，邓宇然在今天的测试中表现为A-。整体表现较好，能够较好掌握知识并解决大部分问题，但在细节和稳定性方面仍有提升空间。学习过程中思路较清晰，但有时在时间把握和题目细节上稍显不足。后续会对孩子强调：在复盘中多关注错误环节，提升解题准确性。
A13: 9 | B13: 练皓文 | C13: 练皓文 | D13: 112 | E13: A- | F13: A- | G13: A- | H13: 100 | I13: 8 | J13: 4 | K13: 0 | L13: =IF(H13=0,"C",IF(RANK(H13,$H$5:$H$20,0)<=ROUNDUP((COUNT($H$5:$H$20)-COUNTIF($H$5:$H$20,0))*25%,0),"A",IF(RANK(H13,$H$5:$H$20,0)<=ROUNDUP((COUNT($H$5:$H$20)-COUNTIF($H$5:$H$20,0))*50%,0),"A-",IF(RANK(H13,$H$5:$H$20,0)<=ROUNDUP((COUNT($H$5:$H$20)-COUNTIF($H$5:$H$20,0))*75%,0),"B+","B")))) -> A | M13: =IF(I13=0,"C",IF(RANK(I13,$I$5:$I$20,0)<=ROUNDUP((COUNT($I$5:$I$20)-COUNTIF($I$5:$I$20,0))*25%,0),"A",IF(RANK(I13,$I$5:$I$20,0)<=ROUNDUP((COUNT($I$5:$I$20)-COUNTIF($I$5:$I$20,0))*50%,0),"A-",IF(RANK(I13,$I$5:$I$20,0)<=ROUNDUP((COUNT($I$5:$I$20)-COUNTIF($I$5:$I$20,0))*75%,0),"B+","B")))) -> B | N13: =IF(J13=0,"C",IF(RANK(J13,$J$5:$J$20,0)<=ROUNDUP((COUNT($J$5:$J$20)-COUNTIF($J$5:$J$20,0))*25%,0),"A",IF(RANK(J13,$J$5:$J$20,0)<=ROUNDUP((COUNT($J$5:$J$20)-COUNTIF($J$5:$J$20,0))*50%,0),"A-",IF(RANK(J13,$J$5:$J$20,0)<=ROUNDUP((COUNT($J$5:$J$20)-COUNTIF($J$5:$J$20,0))*75%,0),"B+","B")))) -> A | O13: =IF(K13=0,"C",IF(RANK(K13,$K$5:$K$20,0)<=ROUNDUP((COUNT($K$5:$K$20)-COUNTIF($K$5:$K$20,0))*25%,0),"A",IF(RANK(K13,$K$5:$K$20,0)<=ROUNDUP((COUNT($K$5:$K$20)-COUNTIF($K$5:$K$20,0))*50%,0),"A-",IF(RANK(K13,$K$5:$K$20,0)<=ROUNDUP((COUNT($K$5:$K$20)-COUNTIF($K$5:$K$20,0))*75%,0),"B+","B")))) -> C | P13: =IF(D13<20,"C",IF(RANK(D13,$D$5:$D$20,0)<=ROUNDUP(COUNT($D$5:$D$20)*25%,0),"A",IF(RANK(D13,$D$5:$D$20,0)<=ROUNDUP(COUNT($D$5:$D$20)*50%,0),"A-",IF(RANK(D13,$D$5:$D$20,0)<=ROUNDUP(COUNT($D$5:$D$20)*75%,0),"B+","B")))) -> B+ | Q13: ="今天的课程主要进行了对于博弈论的学习，通过运用博弈论来解决一道CSP-S的压轴题《贪吃蛇》。在晚上组织了同学们参加atcoder的比赛，体验与全球信奥选手同台竞技的氛围，锻炼孩子的思维能力，激发孩子的竞争意识与学习动力。今天的测试为OI赛制，模拟CSP-S复赛的真实环境，"&C13&"在今天的测试中表现为"&P13&"。"&IF(P13="A","整体表现优秀，能够熟练掌握并灵活运用知识解决复杂问题，展现了清晰的思维和扎实的功底。在补题环节，会与同学的交流自己的想法，并帮助同学解决代码问题，体现较好的表达与合作能力。希望孩子能继续保持深入钻研，多参加竞赛以拓展视野，并提升自我。",IF(P13="A-","整体表现较好，能够较好掌握知识并解决大部分问题，但在细节和稳定性方面仍有提升空间。学习过程中思路较清晰，但有时在时间把握和题目细节上稍显不足。后续会对孩子强调：在复盘中多关注错误环节，提升解题准确性。",IF(P13="B+","表现良好，基本掌握知识点，能够完成多数任务，思路有时不够稳定。课堂学习积极，但在题目分析深度和解题完整性上仍有不足，需要进一步提升。后续会对孩子加强训练的系统性，多总结解题套路以增强稳健性。",IF(P13="B","完成情况不错，能理解部分知识，但在综合运用方面有一定困难。遇到复杂题目时容易卡壳，说明理解尚不够牢固，基础需要更扎实。后续会对孩子分阶段巩固基础，逐步增加难度训练，以提高整体水平。",IF(P13="C","本次测试发挥欠佳，存在较大知识空白和方法性问题。学习过程中缺乏系统性，导致遇到新题时难以找到切入点，需要循序渐进建立知识框架。后续会从孩子欠缺的知识点入手，逐步补齐短板，并进行针对性训练。",""))))) -> 今天的课程主要进行了对于博弈论的学习，通过运用博弈论来解决一道CSP-S的压轴题《贪吃蛇》。在晚上组织了同学们参加atcoder的比赛，体验与全球信奥选手同台竞技的氛围，锻炼孩子的思维能力，激发孩子的竞争意识与学习动力。今天的测试为OI赛制，模拟CSP-S复赛的真实环境，练皓文在今天的测试中表现为B+。表现良好，基本掌握知识点，能够完成多数任务，思路有时不够稳定。课堂学习积极，但在题目分析深度和解题完整性上仍有不足，需要进一步提升。后续会对孩子加强训练的系统性，多总结解题套路以增强稳健性。
A14: 10 | B14: 何奇阳 | C14: 何奇阳 | D14: 104 | E14: B+ | F14: B+ | G14: A- | H14: 0 | I14: 100 | J14: 4 | K14: 0 | L14: =IF(H14=0,"C",IF(RANK(H14,$H$5:$H$20,0)<=ROUNDUP((COUNT($H$5:$H$20)-COUNTIF($H$5:$H$20,0))*25%,0),"A",IF(RANK(H14,$H$5:$H$20,0)<=ROUNDUP((COUNT($H$5:$H$20)-COUNTIF($H$5:$H$20,0))*50%,0),"A-",IF(RANK(H14,$H$5:$H$20,0)<=ROUNDUP((COUNT($H$5:$H$20)-COUNTIF($H$5:$H$20,0))*75%,0),"B+","B")))) -> C | M14: =IF(I14=0,"C",IF(RANK(I14,$I$5:$I$20,0)<=ROUNDUP((COUNT($I$5:$I$20)-COUNTIF($I$5:$I$20,0))*25%,0),"A",IF(RANK(I14,$I$5:$I$20,0)<=ROUNDUP((COUNT($I$5:$I$20)-COUNTIF($I$5:$I$20,0))*50%,0),"A-",IF(RANK(I14,$I$5:$I$20,0)<=ROUNDUP((COUNT($I$5:$I$20)-COUNTIF($I$5:$I$20,0))*75%,0),"B+","B")))) -> A | N14: =IF(J14=0,"C",IF(RANK(J14,$J$5:$J$20,0)<=ROUNDUP((COUNT($J$5:$J$20)-COUNTIF($J$5:$J$20,0))*25%,0),"A",IF(RANK(J14,$J$5:$J$20,0)<=ROUNDUP((COUNT($J$5:$J$20)-COUNTIF($J$5:$J$20,0))*50%,0),"A-",IF(RANK(J14,$J$5:$J$20,0)<=ROUNDUP((COUNT($J$5:$J$20)-COUNTIF($J$5:$J$20,0))*75%,0),"B+","B")))) -> A | O14: =IF(K14=0,"C",IF(RANK(K14,$K$5:$K$20,0)<=ROUNDUP((COUNT($K$5:$K$20)-COUNTIF($K$5:$K$20,0))*25%,0),"A",IF(RANK(K14,$K$5:$K$20,0)<=ROUNDUP((COUNT($K$5:$K$20)-COUNTIF($K$5:$K$20,0))*50%,0),"A-",IF(RANK(K14,$K$5:$K$20,0)<=ROUNDUP((COUNT($K$5:$K$20)-COUNTIF($K$5:$K$20,0))*75%,0),"B+","B")))) -> C | P14: =IF(D14<20,"C",IF(RANK(D14,$D$5:$D$20,0)<=ROUNDUP(COUNT($D$5:$D$20)*25%,0),"A",IF(RANK(D14,$D$5:$D$20,0)<=ROUNDUP(COUNT($D$5:$D$20)*50%,0),"A-",IF(RANK(D14,$D$5:$D$20,0)<=ROUNDUP(COUNT($D$5:$D$20)*75%,0),"B+","B")))) -> B+ | Q14: ="今天的课程主要进行了对于博弈论的学习，通过运用博弈论来解决一道CSP-S的压轴题《贪吃蛇》。在晚上组织了同学们参加atcoder的比赛，体验与全球信奥选手同台竞技的氛围，锻炼孩子的思维能力，激发孩子的竞争意识与学习动力。今天的测试为OI赛制，模拟CSP-S复赛的真实环境，"&C14&"在今天的测试中表现为"&P14&"。"&IF(P14="A","整体表现优秀，能够熟练掌握并灵活运用知识解决复杂问题，展现了清晰的思维和扎实的功底。在补题环节，会与同学的交流自己的想法，并帮助同学解决代码问题，体现较好的表达与合作能力。希望孩子能继续保持深入钻研，多参加竞赛以拓展视野，并提升自我。",IF(P14="A-","整体表现较好，能够较好掌握知识并解决大部分问题，但在细节和稳定性方面仍有提升空间。学习过程中思路较清晰，但有时在时间把握和题目细节上稍显不足。后续会对孩子强调：在复盘中多关注错误环节，提升解题准确性。",IF(P14="B+","表现良好，基本掌握知识点，能够完成多数任务，思路有时不够稳定。课堂学习积极，但在题目分析深度和解题完整性上仍有不足，需要进一步提升。后续会对孩子加强训练的系统性，多总结解题套路以增强稳健性。",IF(P14="B","完成情况不错，能理解部分知识，但在综合运用方面有一定困难。遇到复杂题目时容易卡壳，说明理解尚不够牢固，基础需要更扎实。后续会对孩子分阶段巩固基础，逐步增加难度训练，以提高整体水平。",IF(P14="C","本次测试发挥欠佳，存在较大知识空白和方法性问题。学习过程中缺乏系统性，导致遇到新题时难以找到切入点，需要循序渐进建立知识框架。后续会从孩子欠缺的知识点入手，逐步补齐短板，并进行针对性训练。",""))))) -> 今天的课程主要进行了对于博弈论的学习，通过运用博弈论来解决一道CSP-S的压轴题《贪吃蛇》。在晚上组织了同学们参加atcoder的比赛，体验与全球信奥选手同台竞技的氛围，锻炼孩子的思维能力，激发孩子的竞争意识与学习动力。今天的测试为OI赛制，模拟CSP-S复赛的真实环境，何奇阳在今天的测试中表现为B+。表现良好，基本掌握知识点，能够完成多数任务，思路有时不够稳定。课堂学习积极，但在题目分析深度和解题完整性上仍有不足，需要进一步提升。后续会对孩子加强训练的系统性，多总结解题套路以增强稳健性。
A15: 10 | B15: 杜星澎 | C15: 杜星澎 | D15: 104 | E15: B+ | F15: B+ | G15: B+ | H15: 76 | I15: 24 | J15: 4 | K15: 0 | L15: =IF(H15=0,"C",IF(RANK(H15,$H$5:$H$20,0)<=ROUNDUP((COUNT($H$5:$H$20)-COUNTIF($H$5:$H$20,0))*25%,0),"A",IF(RANK(H15,$H$5:$H$20,0)<=ROUNDUP((COUNT($H$5:$H$20)-COUNTIF($H$5:$H$20,0))*50%,0),"A-",IF(RANK(H15,$H$5:$H$20,0)<=ROUNDUP((COUNT($H$5:$H$20)-COUNTIF($H$5:$H$20,0))*75%,0),"B+","B")))) -> A- | M15: =IF(I15=0,"C",IF(RANK(I15,$I$5:$I$20,0)<=ROUNDUP((COUNT($I$5:$I$20)-COUNTIF($I$5:$I$20,0))*25%,0),"A",IF(RANK(I15,$I$5:$I$20,0)<=ROUNDUP((COUNT($I$5:$I$20)-COUNTIF($I$5:$I$20,0))*50%,0),"A-",IF(RANK(I15,$I$5:$I$20,0)<=ROUNDUP((COUNT($I$5:$I$20)-COUNTIF($I$5:$I$20,0))*75%,0),"B+","B")))) -> B | N15: =IF(J15=0,"C",IF(RANK(J15,$J$5:$J$20,0)<=ROUNDUP((COUNT($J$5:$J$20)-COUNTIF($J$5:$J$20,0))*25%,0),"A",IF(RANK(J15,$J$5:$J$20,0)<=ROUNDUP((COUNT($J$5:$J$20)-COUNTIF($J$5:$J$20,0))*50%,0),"A-",IF(RANK(J15,$J$5:$J$20,0)<=ROUNDUP((COUNT($J$5:$J$20)-COUNTIF($J$5:$J$20,0))*75%,0),"B+","B")))) -> A | O15: =IF(K15=0,"C",IF(RANK(K15,$K$5:$K$20,0)<=ROUNDUP((COUNT($K$5:$K$20)-COUNTIF($K$5:$K$20,0))*25%,0),"A",IF(RANK(K15,$K$5:$K$20,0)<=ROUNDUP((COUNT($K$5:$K$20)-COUNTIF($K$5:$K$20,0))*50%,0),"A-",IF(RANK(K15,$K$5:$K$20,0)<=ROUNDUP((COUNT($K$5:$K$20)-COUNTIF($K$5:$K$20,0))*75%,0),"B+","B")))) -> C | P15: =IF(D15<20,"C",IF(RANK(D15,$D$5:$D$20,0)<=ROUNDUP(COUNT($D$5:$D$20)*25%,0),"A",IF(RANK(D15,$D$5:$D$20,0)<=ROUNDUP(COUNT($D$5:$D$20)*50%,0),"A-",IF(RANK(D15,$D$5:$D$20,0)<=ROUNDUP(COUNT($D$5:$D$20)*75%,0),"B+","B")))) -> B+ | Q15: ="今天的课程主要进行了对于博弈论的学习，通过运用博弈论来解决一道CSP-S的压轴题《贪吃蛇》。在晚上组织了同学们参加atcoder的比赛，体验与全球信奥选手同台竞技的氛围，锻炼孩子的思维能力，激发孩子的竞争意识与学习动力。今天的测试为OI赛制，模拟CSP-S复赛的真实环境，"&C15&"在今天的测试中表现为"&P15&"。"&IF(P15="A","整体表现优秀，能够熟练掌握并灵活运用知识解决复杂问题，展现了清晰的思维和扎实的功底。在补题环节，会与同学的交流自己的想法，并帮助同学解决代码问题，体现较好的表达与合作能力。希望孩子能继续保持深入钻研，多参加竞赛以拓展视野，并提升自我。",IF(P15="A-","整体表现较好，能够较好掌握知识并解决大部分问题，但在细节和稳定性方面仍有提升空间。学习过程中思路较清晰，但有时在时间把握和题目细节上稍显不足。后续会对孩子强调：在复盘中多关注错误环节，提升解题准确性。",IF(P15="B+","表现良好，基本掌握知识点，能够完成多数任务，思路有时不够稳定。课堂学习积极，但在题目分析深度和解题完整性上仍有不足，需要进一步提升。后续会对孩子加强训练的系统性，多总结解题套路以增强稳健性。",IF(P15="B","完成情况不错，能理解部分知识，但在综合运用方面有一定困难。遇到复杂题目时容易卡壳，说明理解尚不够牢固，基础需要更扎实。后续会对孩子分阶段巩固基础，逐步增加难度训练，以提高整体水平。",IF(P15="C","本次测试发挥欠佳，存在较大知识空白和方法性问题。学习过程中缺乏系统性，导致遇到新题时难以找到切入点，需要循序渐进建立知识框架。后续会从孩子欠缺的知识点入手，逐步补齐短板，并进行针对性训练。",""))))) -> 今天的课程主要进行了对于博弈论的学习，通过运用博弈论来解决一道CSP-S的压轴题《贪吃蛇》。在晚上组织了同学们参加atcoder的比赛，体验与全球信奥选手同台竞技的氛围，锻炼孩子的思维能力，激发孩子的竞争意识与学习动力。今天的测试为OI赛制，模拟CSP-S复赛的真实环境，杜星澎在今天的测试中表现为B+。表现良好，基本掌握知识点，能够完成多数任务，思路有时不够稳定。课堂学习积极，但在题目分析深度和解题完整性上仍有不足，需要进一步提升。后续会对孩子加强训练的系统性，多总结解题套路以增强稳健性。
A16: 12 | B16: 余廷锴 | C16: 余廷锴 | D16: 64 | E16: B+ | F16: B+ | G16: B+ | H16: 20 | I16: 40 | J16: 4 | K16: 0 | L16: =IF(H16=0,"C",IF(RANK(H16,$H$5:$H$20,0)<=ROUNDUP((COUNT($H$5:$H$20)-COUNTIF($H$5:$H$20,0))*25%,0),"A",IF(RANK(H16,$H$5:$H$20,0)<=ROUNDUP((COUNT($H$5:$H$20)-COUNTIF($H$5:$H$20,0))*50%,0),"A-",IF(RANK(H16,$H$5:$H$20,0)<=ROUNDUP((COUNT($H$5:$H$20)-COUNTIF($H$5:$H$20,0))*75%,0),"B+","B")))) -> B+ | M16: =IF(I16=0,"C",IF(RANK(I16,$I$5:$I$20,0)<=ROUNDUP((COUNT($I$5:$I$20)-COUNTIF($I$5:$I$20,0))*25%,0),"A",IF(RANK(I16,$I$5:$I$20,0)<=ROUNDUP((COUNT($I$5:$I$20)-COUNTIF($I$5:$I$20,0))*50%,0),"A-",IF(RANK(I16,$I$5:$I$20,0)<=ROUNDUP((COUNT($I$5:$I$20)-COUNTIF($I$5:$I$20,0))*75%,0),"B+","B")))) -> B+ | N16: =IF(J16=0,"C",IF(RANK(J16,$J$5:$J$20,0)<=ROUNDUP((COUNT($J$5:$J$20)-COUNTIF($J$5:$J$20,0))*25%,0),"A",IF(RANK(J16,$J$5:$J$20,0)<=ROUNDUP((COUNT($J$5:$J$20)-COUNTIF($J$5:$J$20,0))*50%,0),"A-",IF(RANK(J16,$J$5:$J$20,0)<=ROUNDUP((COUNT($J$5:$J$20)-COUNTIF($J$5:$J$20,0))*75%,0),"B+","B")))) -> A | O16: =IF(K16=0,"C",IF(RANK(K16,$K$5:$K$20,0)<=ROUNDUP((COUNT($K$5:$K$20)-COUNTIF($K$5:$K$20,0))*25%,0),"A",IF(RANK(K16,$K$5:$K$20,0)<=ROUNDUP((COUNT($K$5:$K$20)-COUNTIF($K$5:$K$20,0))*50%,0),"A-",IF(RANK(K16,$K$5:$K$20,0)<=ROUNDUP((COUNT($K$5:$K$20)-COUNTIF($K$5:$K$20,0))*75%,0),"B+","B")))) -> C | P16: =IF(D16<20,"C",IF(RANK(D16,$D$5:$D$20,0)<=ROUNDUP(COUNT($D$5:$D$20)*25%,0),"A",IF(RANK(D16,$D$5:$D$20,0)<=ROUNDUP(COUNT($D$5:$D$20)*50%,0),"A-",IF(RANK(D16,$D$5:$D$20,0)<=ROUNDUP(COUNT($D$5:$D$20)*75%,0),"B+","B")))) -> B+ | Q16: ="今天的课程主要进行了对于博弈论的学习，通过运用博弈论来解决一道CSP-S的压轴题《贪吃蛇》。在晚上组织了同学们参加atcoder的比赛，体验与全球信奥选手同台竞技的氛围，锻炼孩子的思维能力，激发孩子的竞争意识与学习动力。今天的测试为OI赛制，模拟CSP-S复赛的真实环境，"&C16&"在今天的测试中表现为"&P16&"。"&IF(P16="A","整体表现优秀，能够熟练掌握并灵活运用知识解决复杂问题，展现了清晰的思维和扎实的功底。在补题环节，会与同学的交流自己的想法，并帮助同学解决代码问题，体现较好的表达与合作能力。希望孩子能继续保持深入钻研，多参加竞赛以拓展视野，并提升自我。",IF(P16="A-","整体表现较好，能够较好掌握知识并解决大部分问题，但在细节和稳定性方面仍有提升空间。学习过程中思路较清晰，但有时在时间把握和题目细节上稍显不足。后续会对孩子强调：在复盘中多关注错误环节，提升解题准确性。",IF(P16="B+","表现良好，基本掌握知识点，能够完成多数任务，思路有时不够稳定。课堂学习积极，但在题目分析深度和解题完整性上仍有不足，需要进一步提升。后续会对孩子加强训练的系统性，多总结解题套路以增强稳健性。",IF(P16="B","完成情况不错，能理解部分知识，但在综合运用方面有一定困难。遇到复杂题目时容易卡壳，说明理解尚不够牢固，基础需要更扎实。后续会对孩子分阶段巩固基础，逐步增加难度训练，以提高整体水平。",IF(P16="C","本次测试发挥欠佳，存在较大知识空白和方法性问题。学习过程中缺乏系统性，导致遇到新题时难以找到切入点，需要循序渐进建立知识框架。后续会从孩子欠缺的知识点入手，逐步补齐短板，并进行针对性训练。",""))))) -> 今天的课程主要进行了对于博弈论的学习，通过运用博弈论来解决一道CSP-S的压轴题《贪吃蛇》。在晚上组织了同学们参加atcoder的比赛，体验与全球信奥选手同台竞技的氛围，锻炼孩子的思维能力，激发孩子的竞争意识与学习动力。今天的测试为OI赛制，模拟CSP-S复赛的真实环境，余廷锴在今天的测试中表现为B+。表现良好，基本掌握知识点，能够完成多数任务，思路有时不够稳定。课堂学习积极，但在题目分析深度和解题完整性上仍有不足，需要进一步提升。后续会对孩子加强训练的系统性，多总结解题套路以增强稳健性。
A17: 13 | B17: 金智宸 | C17: 金智宸 | D17: 52 | E17: B | F17: B | G17: B | H17: 44 | I17: 4 | J17: 4 | K17: 0 | L17: =IF(H17=0,"C",IF(RANK(H17,$H$5:$H$20,0)<=ROUNDUP((COUNT($H$5:$H$20)-COUNTIF($H$5:$H$20,0))*25%,0),"A",IF(RANK(H17,$H$5:$H$20,0)<=ROUNDUP((COUNT($H$5:$H$20)-COUNTIF($H$5:$H$20,0))*50%,0),"A-",IF(RANK(H17,$H$5:$H$20,0)<=ROUNDUP((COUNT($H$5:$H$20)-COUNTIF($H$5:$H$20,0))*75%,0),"B+","B")))) -> B+ | M17: =IF(I17=0,"C",IF(RANK(I17,$I$5:$I$20,0)<=ROUNDUP((COUNT($I$5:$I$20)-COUNTIF($I$5:$I$20,0))*25%,0),"A",IF(RANK(I17,$I$5:$I$20,0)<=ROUNDUP((COUNT($I$5:$I$20)-COUNTIF($I$5:$I$20,0))*50%,0),"A-",IF(RANK(I17,$I$5:$I$20,0)<=ROUNDUP((COUNT($I$5:$I$20)-COUNTIF($I$5:$I$20,0))*75%,0),"B+","B")))) -> B | N17: =IF(J17=0,"C",IF(RANK(J17,$J$5:$J$20,0)<=ROUNDUP((COUNT($J$5:$J$20)-COUNTIF($J$5:$J$20,0))*25%,0),"A",IF(RANK(J17,$J$5:$J$20,0)<=ROUNDUP((COUNT($J$5:$J$20)-COUNTIF($J$5:$J$20,0))*50%,0),"A-",IF(RANK(J17,$J$5:$J$20,0)<=ROUNDUP((COUNT($J$5:$J$20)-COUNTIF($J$5:$J$20,0))*75%,0),"B+","B")))) -> A | O17: =IF(K17=0,"C",IF(RANK(K17,$K$5:$K$20,0)<=ROUNDUP((COUNT($K$5:$K$20)-COUNTIF($K$5:$K$20,0))*25%,0),"A",IF(RANK(K17,$K$5:$K$20,0)<=ROUNDUP((COUNT($K$5:$K$20)-COUNTIF($K$5:$K$20,0))*50%,0),"A-",IF(RANK(K17,$K$5:$K$20,0)<=ROUNDUP((COUNT($K$5:$K$20)-COUNTIF($K$5:$K$20,0))*75%,0),"B+","B")))) -> C | P17: =IF(D17<20,"C",IF(RANK(D17,$D$5:$D$20,0)<=ROUNDUP(COUNT($D$5:$D$20)*25%,0),"A",IF(RANK(D17,$D$5:$D$20,0)<=ROUNDUP(COUNT($D$5:$D$20)*50%,0),"A-",IF(RANK(D17,$D$5:$D$20,0)<=ROUNDUP(COUNT($D$5:$D$20)*75%,0),"B+","B")))) -> B | Q17: ="今天的课程主要进行了对于博弈论的学习，通过运用博弈论来解决一道CSP-S的压轴题《贪吃蛇》。在晚上组织了同学们参加atcoder的比赛，体验与全球信奥选手同台竞技的氛围，锻炼孩子的思维能力，激发孩子的竞争意识与学习动力。今天的测试为OI赛制，模拟CSP-S复赛的真实环境，"&C17&"在今天的测试中表现为"&P17&"。"&IF(P17="A","整体表现优秀，能够熟练掌握并灵活运用知识解决复杂问题，展现了清晰的思维和扎实的功底。在补题环节，会与同学的交流自己的想法，并帮助同学解决代码问题，体现较好的表达与合作能力。希望孩子能继续保持深入钻研，多参加竞赛以拓展视野，并提升自我。",IF(P17="A-","整体表现较好，能够较好掌握知识并解决大部分问题，但在细节和稳定性方面仍有提升空间。学习过程中思路较清晰，但有时在时间把握和题目细节上稍显不足。后续会对孩子强调：在复盘中多关注错误环节，提升解题准确性。",IF(P17="B+","表现良好，基本掌握知识点，能够完成多数任务，思路有时不够稳定。课堂学习积极，但在题目分析深度和解题完整性上仍有不足，需要进一步提升。后续会对孩子加强训练的系统性，多总结解题套路以增强稳健性。",IF(P17="B","完成情况不错，能理解部分知识，但在综合运用方面有一定困难。遇到复杂题目时容易卡壳，说明理解尚不够牢固，基础需要更扎实。后续会对孩子分阶段巩固基础，逐步增加难度训练，以提高整体水平。",IF(P17="C","本次测试发挥欠佳，存在较大知识空白和方法性问题。学习过程中缺乏系统性，导致遇到新题时难以找到切入点，需要循序渐进建立知识框架。后续会从孩子欠缺的知识点入手，逐步补齐短板，并进行针对性训练。",""))))) -> 今天的课程主要进行了对于博弈论的学习，通过运用博弈论来解决一道CSP-S的压轴题《贪吃蛇》。在晚上组织了同学们参加atcoder的比赛，体验与全球信奥选手同台竞技的氛围，锻炼孩子的思维能力，激发孩子的竞争意识与学习动力。今天的测试为OI赛制，模拟CSP-S复赛的真实环境，金智宸在今天的测试中表现为B。完成情况不错，能理解部分知识，但在综合运用方面有一定困难。遇到复杂题目时容易卡壳，说明理解尚不够牢固，基础需要更扎实。后续会对孩子分阶段巩固基础，逐步增加难度训练，以提高整体水平。
A18: 13 | B18: 张岳琳 | C18: 张岳琳 | D18: 52 | E18: B+ | F18: B+ | G18: B | H18: 0 | I18: 28 | J18: 4 | K18: 20 | L18: =IF(H18=0,"C",IF(RANK(H18,$H$5:$H$20,0)<=ROUNDUP((COUNT($H$5:$H$20)-COUNTIF($H$5:$H$20,0))*25%,0),"A",IF(RANK(H18,$H$5:$H$20,0)<=ROUNDUP((COUNT($H$5:$H$20)-COUNTIF($H$5:$H$20,0))*50%,0),"A-",IF(RANK(H18,$H$5:$H$20,0)<=ROUNDUP((COUNT($H$5:$H$20)-COUNTIF($H$5:$H$20,0))*75%,0),"B+","B")))) -> C | M18: =IF(I18=0,"C",IF(RANK(I18,$I$5:$I$20,0)<=ROUNDUP((COUNT($I$5:$I$20)-COUNTIF($I$5:$I$20,0))*25%,0),"A",IF(RANK(I18,$I$5:$I$20,0)<=ROUNDUP((COUNT($I$5:$I$20)-COUNTIF($I$5:$I$20,0))*50%,0),"A-",IF(RANK(I18,$I$5:$I$20,0)<=ROUNDUP((COUNT($I$5:$I$20)-COUNTIF($I$5:$I$20,0))*75%,0),"B+","B")))) -> B+ | N18: =IF(J18=0,"C",IF(RANK(J18,$J$5:$J$20,0)<=ROUNDUP((COUNT($J$5:$J$20)-COUNTIF($J$5:$J$20,0))*25%,0),"A",IF(RANK(J18,$J$5:$J$20,0)<=ROUNDUP((COUNT($J$5:$J$20)-COUNTIF($J$5:$J$20,0))*50%,0),"A-",IF(RANK(J18,$J$5:$J$20,0)<=ROUNDUP((COUNT($J$5:$J$20)-COUNTIF($J$5:$J$20,0))*75%,0),"B+","B")))) -> A | O18: =IF(K18=0,"C",IF(RANK(K18,$K$5:$K$20,0)<=ROUNDUP((COUNT($K$5:$K$20)-COUNTIF($K$5:$K$20,0))*25%,0),"A",IF(RANK(K18,$K$5:$K$20,0)<=ROUNDUP((COUNT($K$5:$K$20)-COUNTIF($K$5:$K$20,0))*50%,0),"A-",IF(RANK(K18,$K$5:$K$20,0)<=ROUNDUP((COUNT($K$5:$K$20)-COUNTIF($K$5:$K$20,0))*75%,0),"B+","B")))) -> A- | P18: =IF(D18<20,"C",IF(RANK(D18,$D$5:$D$20,0)<=ROUNDUP(COUNT($D$5:$D$20)*25%,0),"A",IF(RANK(D18,$D$5:$D$20,0)<=ROUNDUP(COUNT($D$5:$D$20)*50%,0),"A-",IF(RANK(D18,$D$5:$D$20,0)<=ROUNDUP(COUNT($D$5:$D$20)*75%,0),"B+","B")))) -> B | Q18: 今天的课程主要进行了对于博弈论的学习、以及一道 CSP-S 的压轴题贪吃蛇。岳琳能够听懂的博弈的逻辑，以及能够理解贪吃蛇的做法。岳琳在本次CSP模拟中考的不错。岳琳在第一道题中，能够想到通过模拟去实现代码，但是因为没有测试样例导致爆 0 了。在剩下的题目中，岳琳能正确的读取题意并且有着较强的代码实现能力，获取了大部分的分数，非常不错，继续保持。后续可以增强对于 dp 以及哈希的练习，以及在实现代码后需要对代码进行测试，继续加油。
A19: 13 | B19: 张世昌 | C19: 张世昌 | D19: 52 | E19: B | F19: B | G19: B | H19: 20 | I19: 28 | J19: 4 | K19: 0 | L19: =IF(H19=0,"C",IF(RANK(H19,$H$5:$H$20,0)<=ROUNDUP((COUNT($H$5:$H$20)-COUNTIF($H$5:$H$20,0))*25%,0),"A",IF(RANK(H19,$H$5:$H$20,0)<=ROUNDUP((COUNT($H$5:$H$20)-COUNTIF($H$5:$H$20,0))*50%,0),"A-",IF(RANK(H19,$H$5:$H$20,0)<=ROUNDUP((COUNT($H$5:$H$20)-COUNTIF($H$5:$H$20,0))*75%,0),"B+","B")))) -> B+ | M19: =IF(I19=0,"C",IF(RANK(I19,$I$5:$I$20,0)<=ROUNDUP((COUNT($I$5:$I$20)-COUNTIF($I$5:$I$20,0))*25%,0),"A",IF(RANK(I19,$I$5:$I$20,0)<=ROUNDUP((COUNT($I$5:$I$20)-COUNTIF($I$5:$I$20,0))*50%,0),"A-",IF(RANK(I19,$I$5:$I$20,0)<=ROUNDUP((COUNT($I$5:$I$20)-COUNTIF($I$5:$I$20,0))*75%,0),"B+","B")))) -> B+ | N19: =IF(J19=0,"C",IF(RANK(J19,$J$5:$J$20,0)<=ROUNDUP((COUNT($J$5:$J$20)-COUNTIF($J$5:$J$20,0))*25%,0),"A",IF(RANK(J19,$J$5:$J$20,0)<=ROUNDUP((COUNT($J$5:$J$20)-COUNTIF($J$5:$J$20,0))*50%,0),"A-",IF(RANK(J19,$J$5:$J$20,0)<=ROUNDUP((COUNT($J$5:$J$20)-COUNTIF($J$5:$J$20,0))*75%,0),"B+","B")))) -> A | O19: =IF(K19=0,"C",IF(RANK(K19,$K$5:$K$20,0)<=ROUNDUP((COUNT($K$5:$K$20)-COUNTIF($K$5:$K$20,0))*25%,0),"A",IF(RANK(K19,$K$5:$K$20,0)<=ROUNDUP((COUNT($K$5:$K$20)-COUNTIF($K$5:$K$20,0))*50%,0),"A-",IF(RANK(K19,$K$5:$K$20,0)<=ROUNDUP((COUNT($K$5:$K$20)-COUNTIF($K$5:$K$20,0))*75%,0),"B+","B")))) -> C | P19: =IF(D19<20,"C",IF(RANK(D19,$D$5:$D$20,0)<=ROUNDUP(COUNT($D$5:$D$20)*25%,0),"A",IF(RANK(D19,$D$5:$D$20,0)<=ROUNDUP(COUNT($D$5:$D$20)*50%,0),"A-",IF(RANK(D19,$D$5:$D$20,0)<=ROUNDUP(COUNT($D$5:$D$20)*75%,0),"B+","B")))) -> B | Q19: ="今天的课程主要进行了对于博弈论的学习，通过运用博弈论来解决一道CSP-S的压轴题《贪吃蛇》。在晚上组织了同学们参加atcoder的比赛，体验与全球信奥选手同台竞技的氛围，锻炼孩子的思维能力，激发孩子的竞争意识与学习动力。今天的测试为OI赛制，模拟CSP-S复赛的真实环境，"&C19&"在今天的测试中表现为"&P19&"。"&IF(P19="A","整体表现优秀，能够熟练掌握并灵活运用知识解决复杂问题，展现了清晰的思维和扎实的功底。在补题环节，会与同学的交流自己的想法，并帮助同学解决代码问题，体现较好的表达与合作能力。希望孩子能继续保持深入钻研，多参加竞赛以拓展视野，并提升自我。",IF(P19="A-","整体表现较好，能够较好掌握知识并解决大部分问题，但在细节和稳定性方面仍有提升空间。学习过程中思路较清晰，但有时在时间把握和题目细节上稍显不足。后续会对孩子强调：在复盘中多关注错误环节，提升解题准确性。",IF(P19="B+","表现良好，基本掌握知识点，能够完成多数任务，思路有时不够稳定。课堂学习积极，但在题目分析深度和解题完整性上仍有不足，需要进一步提升。后续会对孩子加强训练的系统性，多总结解题套路以增强稳健性。",IF(P19="B","完成情况不错，能理解部分知识，但在综合运用方面有一定困难。遇到复杂题目时容易卡壳，说明理解尚不够牢固，基础需要更扎实。后续会对孩子分阶段巩固基础，逐步增加难度训练，以提高整体水平。",IF(P19="C","本次测试发挥欠佳，存在较大知识空白和方法性问题。学习过程中缺乏系统性，导致遇到新题时难以找到切入点，需要循序渐进建立知识框架。后续会从孩子欠缺的知识点入手，逐步补齐短板，并进行针对性训练。",""))))) -> 今天的课程主要进行了对于博弈论的学习，通过运用博弈论来解决一道CSP-S的压轴题《贪吃蛇》。在晚上组织了同学们参加atcoder的比赛，体验与全球信奥选手同台竞技的氛围，锻炼孩子的思维能力，激发孩子的竞争意识与学习动力。今天的测试为OI赛制，模拟CSP-S复赛的真实环境，张世昌在今天的测试中表现为B。完成情况不错，能理解部分知识，但在综合运用方面有一定困难。遇到复杂题目时容易卡壳，说明理解尚不够牢固，基础需要更扎实。后续会对孩子分阶段巩固基础，逐步增加难度训练，以提高整体水平。
A20: 16 | B20: 张允泽 | C20: 张允泽 | D20: 48 | E20: B | F20: B | G20: B- | H20: 20 | I20: 24 | J20: 4 | K20: 0 | L20: =IF(H20=0,"C",IF(RANK(H20,$H$5:$H$20,0)<=ROUNDUP((COUNT($H$5:$H$20)-COUNTIF($H$5:$H$20,0))*25%,0),"A",IF(RANK(H20,$H$5:$H$20,0)<=ROUNDUP((COUNT($H$5:$H$20)-COUNTIF($H$5:$H$20,0))*50%,0),"A-",IF(RANK(H20,$H$5:$H$20,0)<=ROUNDUP((COUNT($H$5:$H$20)-COUNTIF($H$5:$H$20,0))*75%,0),"B+","B")))) -> B+ | M20: =IF(I20=0,"C",IF(RANK(I20,$I$5:$I$20,0)<=ROUNDUP((COUNT($I$5:$I$20)-COUNTIF($I$5:$I$20,0))*25%,0),"A",IF(RANK(I20,$I$5:$I$20,0)<=ROUNDUP((COUNT($I$5:$I$20)-COUNTIF($I$5:$I$20,0))*50%,0),"A-",IF(RANK(I20,$I$5:$I$20,0)<=ROUNDUP((COUNT($I$5:$I$20)-COUNTIF($I$5:$I$20,0))*75%,0),"B+","B")))) -> B | N20: =IF(J20=0,"C",IF(RANK(J20,$J$5:$J$20,0)<=ROUNDUP((COUNT($J$5:$J$20)-COUNTIF($J$5:$J$20,0))*25%,0),"A",IF(RANK(J20,$J$5:$J$20,0)<=ROUNDUP((COUNT($J$5:$J$20)-COUNTIF($J$5:$J$20,0))*50%,0),"A-",IF(RANK(J20,$J$5:$J$20,0)<=ROUNDUP((COUNT($J$5:$J$20)-COUNTIF($J$5:$J$20,0))*75%,0),"B+","B")))) -> A | O20: =IF(K20=0,"C",IF(RANK(K20,$K$5:$K$20,0)<=ROUNDUP((COUNT($K$5:$K$20)-COUNTIF($K$5:$K$20,0))*25%,0),"A",IF(RANK(K20,$K$5:$K$20,0)<=ROUNDUP((COUNT($K$5:$K$20)-COUNTIF($K$5:$K$20,0))*50%,0),"A-",IF(RANK(K20,$K$5:$K$20,0)<=ROUNDUP((COUNT($K$5:$K$20)-COUNTIF($K$5:$K$20,0))*75%,0),"B+","B")))) -> C | P20: =IF(D20<20,"C",IF(RANK(D20,$D$5:$D$20,0)<=ROUNDUP(COUNT($D$5:$D$20)*25%,0),"A",IF(RANK(D20,$D$5:$D$20,0)<=ROUNDUP(COUNT($D$5:$D$20)*50%,0),"A-",IF(RANK(D20,$D$5:$D$20,0)<=ROUNDUP(COUNT($D$5:$D$20)*75%,0),"B+","B")))) -> B | Q20: 今天的课程主要进行了对于博弈论的学习、以及一道 CSP-S 的压轴题贪吃蛇。允泽能够听懂的博弈的逻辑，以及能够理解贪吃蛇的做法。允泽在本次CSP模拟中考的不错。允泽在第一道题中获取了部分分，能够想到通过模拟去实现代码，但是没有考虑到时间复杂度的问题导致超时。允泽在第三道题中的部分分，允泽能够想到从特殊性质入手，想到贪心的做法。在剩下的题目中，允泽在读取题意以及代码实现方面遇到了困难，导致没有成功获取部分分，这是因为题目做少了，后续需要增强对于题目的练习，加强自己的做题经验，继续加油。

Sheet 陈一实
A1: 场次 | B1: 排名 | C1: 姓名
A2: 1 | B2: 4 | C2: 陈一实 | D2: 陈一实 | E2: 700 10.99s | F2: 100 5.43s | G2: 100 939ms | H2: 100 334ms | I2: 100 967ms | J2: 100 3ms | K2: 100 2.70s | L2: 0 0ms | M2: 100 76ms | N2: 0 0ms | O2: 0 29ms | P2: 0 511ms
B3: 没过的题 | L3: LCA | N3: 贪心、哈希 | O3: 计数 | P3: 树的直径
A5: 2 | B5: 4 | C5: 陈一实 | D5: 陈一实 | E5: 579 2.26s | G5: 100 1.68s | H5: 100 4ms | I5: 100 555ms | J5: 100 4ms | K5: 100 14ms | L5: 45 0ms | N5: 4 0ms | O5: 30 0ms | P5: 0 0ms
B6: 没过的题 | L6: dp | M6: dp | N6: dp | O6: dp | P6: dp
A8: 3 | B8: 2 | C8: 陈一实 | D8: 陈一实 | E8: 310 1.74s | F8: 100 933ms | G8: 0 | H8: 100 112ms | I8: 100 692ms | J8: 10 0ms | K8: 0 0ms
G9: 二分，数学 | J9: 建图，最短路 | K9: 哈希
A11: 4 | B11: 2 | C11: 陈一实 | D11: 陈一实 | E11: 340 1.34s | F11: 100 385ms | G11: 80 0ms | H11: 100 958ms | I11: 10 0ms | J11: 0 | K11: 50 0ms
G12: 建图 | I12: 和哈希 | J12: 树上问题 | K12: 计数问题
A14: 5 | B14: 6 | C14: 陈一实 | D14: 陈一实 | E14: 152 3.58s | F14: 20 239ms | G14: 100 3.12s | H14: 4 5ms | I14: 28 222ms
F15: 模拟 | H15: dp | I15: 哈希
A17: 6 | B17: 9 | C17: 陈一实 | D17: 陈一实 | E17: 116 17465ms | F17: 100 1134ms | G17: 14 4484ms | H17: 0 2ms | I17: 2 11845ms
G18: 单调队列 | H18: 分类讨论 | I18: 树上 dp
A20: 7 | B20: 1 | C20: 陈一实 | D20: 陈一实 | E20: 220 16404ms | F20: 100 647ms | G20: 80 526ms | H20: 30 14927ms | I20: 10 304ms
G21: 贪心 | H21: 二进制 | I21: 分类讨论
A23: 8 | B23: 1 | C23: 陈一实 | D23: 陈一实 | E23: 286 157339ms | F23: 100 175ms | G23: 48 78131ms | H23: 58 63018ms | I23: 80 16015ms

Sheet Day5反馈表
A1: 暑假集训学习反馈卡 | X1: 张陈曦暑假集训学习反馈卡
C5: 学员姓名 | E5: 张岳琳 | Z5: 测试内容: CSP2022初赛真题
C6: 代码能力 | H6: 理解能力 | M6: 综合评价 | Z6: 基础选择得分 (满分30) | AB6: 程序阅读得分 (满分40) | AE6: 完善代码得分 (满分30) | AG6: 总分 (浙江晋级线78.5)
C8: =VLOOKUP(E5,day51!$B$1:$AB$100,4,FALSE) -> B+ | H8: =VLOOKUP(E5,day51!$B$1:$AB$100,5,FALSE) -> B+ | M8: =VLOOKUP(E5,day51!$B$1:$AB$100,6,FALSE) -> B | Z8: 30 | AB8: 28.5 | AE8: 30 | AG8: =SUM(Z8:AF10) -> 88.5
C11: T1 | F11: T2 | I11: T3 | L11: T4 | O11: 考试情况综合
Z12: 学生总结 | AA12: 收获 (今天学到了/回忆起了什么知识) | AD12: 二分查找、哈夫曼编码
C13: =VLOOKUP(E5,day51!$B$1:$AB$100,11,FALSE) -> C | F13: =VLOOKUP(E5,day51!$B$1:$AB$100,12,FALSE) -> B+ | I13: =VLOOKUP(E5,day51!$B$1:$AB$100,13,FALSE) -> A | L13: =VLOOKUP(E5,day51!$B$1:$AB$100,14,FALSE) -> A- | O13: =VLOOKUP(E5,day51!$B$1:$AB$100,15,FALSE) -> B
AA14: 学生自我反思 (在测试/学习中出现了什么失误/错误) | AD14: 阅读程序： （2）、1（不会）、2（我赌它两行输出相同）、5（因为第一题赌它俩函数输出相同，所以直接拿dp表算的，然后就错了） （3）、3（没算对）、4（没算对）
AA16: 计划 (在什么知识点上还需要更多练习/讲解) | AD16: 树、图、动态规划
C17: 教师寄语 | D17: =VLOOKUP(E5,day51!$B$1:$AB$100,16,FALSE) -> 今天的课程主要进行了对于博弈论的学习、以及一道 CSP-S 的压轴题贪吃蛇。岳琳能够听懂的博弈的逻辑，以及能够理解贪吃蛇的做法。岳琳在本次CSP模拟中考的不错。岳琳在第一道题中，能够想到通过模拟去实现代码，但是因为没有测试样例导致爆 0 了。在剩下的题目中，岳琳能正确的读取题意并且有着较强的代码实现能力，获取了大部分的分数，非常不错，继续保持。后续可以增强对于 dp 以及哈希的练习，以及在实现代码后需要对代码进行测试，继续加油。

Sheet day6
A1: 课程内容 | B1: 姓名 | C1: 代码能力 | D1: 理解能力 | E1: 综合评价 | F1: T1 | G1: T2 | H1: T3 | I1: T4 | J1: 考试总体表现 | K1: 总结 | L1: 反思 | M1: 计划 | N1: 反馈
A2: 今天的课回顾了之前几天做过的题目，【xx】积极的参与补题，有问题能够积极的向老师提问，不过需要注意补题不光要补正解，也需要补一下部分分代码。 | B2: 震轩 | C2: A | D2: A | E2: A | F2: C | G2: C | H2: B | I2: C | J2: A | N2: =A2&N8&J8&F8&G8&H8&I8 -> 今天的课回顾了之前几天做过的题目，【xx】积极的参与补题，有问题能够积极的向老师提问，不过需要注意补题不光要补正解，也需要补一下部分分代码。震轩在本次测试中考的非常好。在第一道题中震轩获取了部分分，震轩能够发现题目的性质，通过贪心去实现代码，但是没有考虑到时间复杂度的问题导致超时，非常可惜。在第二道题中，震轩实现了暴力代码，但是由于实现过于复杂，导致部分分拿的没有很全，需要了解下拆环的方法。震轩在第三道题中获取了部分分，震轩能够考虑到一些最基本的情况
F4: 【xx】在第一道题中获取了满分，能够快速的想到贪心的正解，并且快速实现。 | G4: 在第二道题中【xx】获取了满分，之前讲过讲过类似的题型，孩子能够很好的吸收并掌握，在本次测试中成功 AC. | H4: 【xx】在第三道题中获取较高的部分分，【xx】有着较好的分类讨论能力，能够考虑到大部分的情况 | I4: 【xx】第四道题中的部分分，【xx】有着很好的思维能力，能够在基础的dp 进行优化， | J4: 【xx】在本次测试中考的非常好。
F5: 【xx】在第一道题虽然得到了满分，但是在实现代码的时候遇到了困难，导致完成速度偏慢。 | G5: 在第二道题中，【xx】想到了正解，并得到了很高的分数，这道题讲过类似的题型，孩子能够很好的吸收并掌握。 | H5: 【xx】在第三道题中获取了部分分，【xx】能够考虑到一些最基本的情况 | I5: 【xx】第四道题中的部分分，【xx】有着很强的代码实现能力，能够熟练的运用 dp 和 lca 算法。 | J5: 【xx】在本次测试中考的不错。
F6: 在第一道题中【xx】获取了部分分，【xx】能够发现题目的性质，通过贪心去实现代码，但是没有考虑到时间复杂度的问题导致超时，非常可惜。 | G6: 在第二道题中，【xx】实现了暴力代码，但是由于实现过于复杂，导致部分分拿的没有很全，需要了解下拆环的方法。 | H6: 【xx】在第三道题中没有想到特殊性质的写法，【xx】需要加强读题能力以及代码能力。 | J6: 【xx】在本次测试中考的一般。
F8: =SUBSTITUTE(IF(F2="A",F4,IF(F2="B",F5,IF(F2="C",F6,""))),"【xx】",B2) -> 在第一道题中震轩获取了部分分，震轩能够发现题目的性质，通过贪心去实现代码，但是没有考虑到时间复杂度的问题导致超时，非常可惜。 | G8: =SUBSTITUTE(IF(G2="A",G4,IF(G2="B",G5,IF(G2="C",G6,""))),"【xx】",B2) -> 在第二道题中，震轩实现了暴力代码，但是由于实现过于复杂，导致部分分拿的没有很全，需要了解下拆环的方法。 | H8: =SUBSTITUTE(IF(H2="A",H4,IF(H2="B",H5,IF(H2="C",H6,""))),"【xx】",B2) -> 震轩在第三道题中获取了部分分，震轩能够考虑到一些最基本的情况 | I8: =SUBSTITUTE(IF(I2="A",I4,IF(I2="B",I5,IF(I2="C",I6,""))),"【xx】",B2) | J8: =SUBSTITUTE(IF(J2="A",J4,IF(J2="B",J5,IF(J2="C",J6,""))),"【xx】",B2) -> 震轩在本次测试中考的非常好。
B11: 赵可馨 | C11: A+ | D11: A+ | E11: A+ | F11: A+ | G11: A+ | H11: A+ | I11: A- | J11: A+ | K11: 打 cf 了，太晚了 | N11: 今天的课回顾了之前几天做过的题目，可馨积极的参与补题，有问题能够积极的向老师提问，不过需要注意补题不光要补正解，也需要补一下部分分代码。可馨在本次测试中考了第一名。可馨在第一道题中获取了满分，能够快速的想到贪心的正解，并且快速实现。在第二道题中可馨获取了满分，之前讲过讲过类似的题型，孩子能够很好的吸收并掌握，在本次测试中成功 AC.可馨在第三道题中获取较高的部分分，可馨有着较好的分类讨论能力，能够考虑到大部分的情况。总体来说可馨本次发挥的非常出色，即能把会做的题的正解写对，对于较难的题目也能把暴力竟可能的打满，不过可馨对于树上的问题不是很熟悉，后续可以多练习下树上问题。
B12: 仲钧维 | C12: A+ | D12: A | E12: A | F12: A | G12: A+ | H12: B | I12: A+ | J12: A | K12: 打 cf 了，太晚了 | N12: 今天的课回顾了之前几天做过的题目，钧维积极的参与补题，有问题能够积极的向老师提问，不过需要注意补题不光要补正解，也需要补一下部分分代码。钧维在本次测试中考的比较好。在第二道题中钧维获取了满分，之前讲过讲过类似的题型，孩子能够很好的吸收并掌握，在本次测试中成功 AC.在第四道题中仲钧维获取了满分，这道题难度很大，孩子能解出非常不错。不过在较为简单的第一题和第三题中，钧维没有很好的去根据部分分去实现代码，后续需要注意，在写不出正解的时候要去考虑获取部分分。
B13: 康煜琦 | C13: A | D13: A | E13: A | F13: A | G13: A | H13: B | I13: A- | J13: A | K13: 打 cf 了，太晚了 | N13: 今天的课回顾了之前几天做过的题目，煜琦积极的参与补题，有问题能够积极的向老师提问，不过需要注意补题不光要补正解，也需要补一下部分分代码。煜琦在本次测试中考的非常好。煜琦在第一道题中获取了满分，能够快速的想到贪心的正解，并且快速实现。在第二道题中，煜琦想到了正解，并得到了很高的分数，这道题讲过类似的题型，孩子能够很好的吸收并掌握。总体来说煜琦本次发挥的非常出色，即能把会做的题的正解写对，对于较难的题目也能把暴力竟可能的打满。不过煜琦在处理分类讨论问题时，需要多画图，多考虑一些情况，继续加油。
B14: 高煜涵 | C14: A- | D14: A- | E14: A- | F14: A- | G14: B+ | H14: B | I14: A | J14: A- | K14: 打 cf 了，太晚了 | N14: 今天的课回顾了之前几天做过的题目，煜涵积极的参与补题，有问题能够积极的向老师提问，不过需要注意补题不光要补正解，也需要补一下部分分代码。煜涵在本次测试中考的非常好。在第二道题中，煜涵想到了正解，并得到了很高的分数，这道题讲过类似的题型，孩子能够很好的吸收并掌握。在第四道题中，煜涵有着很好的思维能力，能够基于链的情况去实现出对应的代码。总体来说煜涵本次发挥的非常出色，即能想到 T1,T2的正解，对于 T3,T4也能把暴力竟可能的打满，不过在的第二题中，煜涵想到了正解，但是在实现时过于复杂，导致出现了些错误，对于已经明确了正解，需要把代码写的清晰一些，继续加油。
B15: 沈奕 | C15: B+ | D15: A- | E15: A- | F15: A | G15: A- | H15: B- | I15: C+ | J15: A- | K15: 打 cf 了，太晚了 | N15: 今天的课回顾了之前几天做过的题目，沈奕积极的参与补题，有问题能够积极的向老师提问，不过需要注意补题不光要补正解，也需要补一下部分分代码。沈奕在本次测试中考的不错。沈奕在第一道题中获取了满分，能够快速的想到贪心的正解，并且快速实现。在第二道题中，沈奕想到了正解，并得到了很高的分数，这道题讲过类似的题型，孩子能够很好的吸收并掌握。总体来说沈奕本次发挥的不错，能把会做的题的正解写对，但是对于树上的问题不是很熟悉，后续可以多练习下树上问题，以及加强自己做部分分的代码能力。
B16: 张嘉润 | C16: B+ | D16: B+ | E16: B+ | F16: B+ | G16: A | H16: C+ | I16: C+ | J16: A- | K16: 打 cf 了，太晚了 | N16: 今天的课回顾了之前几天做过的题目，嘉润积极的参与补题，有问题能够积极的向老师提问，不过需要注意补题不光要补正解，也需要补一下部分分代码。嘉润在本次测试中考的非常好。在第一道题中嘉润获取了部分分，嘉润能够发现题目的性质，通过贪心去实现代码，但是没有考虑到时间复杂度的问题导致超时，非常可惜。在第二道题中嘉润获取了满分，之前讲过讲过类似的题型，孩子能够很好的吸收并掌握，在本次测试中成功 AC。总体来说嘉润本次发挥的非常出色，即能把会做的题的正解写对，不过嘉润在处理分类讨论问题时，需要多考虑一些情况，以及需要加强处理题目部分分的代码能力，继续加油。
B17: 韩谨泽 | C17: B+ | D17: B+ | E17: A- | F17: B+ | G17: A+ | H17: B- | I17: C+ | J17: B+ | K17: 打 cf 了，太晚了 | N17: 今天的课回顾了之前几天做过的题目，谨泽积极的参与补题，有问题能够积极的向老师提问，不过需要注意补题不光要补正解，也需要补一下部分分代码。谨泽在本次测试中考的不错。在第一道题中，谨泽想到把问题转化成背包，但是没有主意到数据范围，需要注意数组不能开太大，下次注意。在第二道题中谨泽获取了满分，之前讲过讲过类似的题型，孩子能够很好的吸收并掌握，在本次测试中成功 AC。总体来说嘉润本次发挥的不错，能把会做的题的正解写对，不过谨泽在处理分类讨论问题时，需要多考虑一些情况，以及需要加强处理题目部分分的代码能力，继续加油。 | P17: 数组开到 1e9 了
B18: 徐恺睿 | C18: B | D18: B+ | E18: B+ | F18: B+ | G18: B+ | H18: C+ | I18: C+ | J18: B | K18: 打 cf 了，太晚了 | N18: 今天的课回顾了之前几天做过的题目，恺睿积极的参与补题，有问题能够积极的向老师提问，不过需要注意补题不光要补正解，也需要补一下部分分代码。恺睿在本次测试中考的非常好。在第一道题中恺睿获取了部分分，恺睿能够发现题目的性质，通过贪心去实现代码，但是没有考虑到时间复杂度的问题导致超时，非常可惜。在第二道题中，恺睿能很好利用拆环的方法把题目变得简化，成功实现了部分分，但是对于找区间最大值的数据结构，恺睿还是有些不是特别熟悉，后续可以加强对于数据结构的练习。总体来说恺睿本次发挥的不错，能把暴力代码全部写对，但是恺睿在处理分类讨论问题时，需要多考虑一些情况，以及需要加强处理题目部分分的代码能力，继续加油。
B19: 李宇轩 | C19: B | D19: B | E19: B | F19: B | G19: B | H19: B- | I19: C+ | J19: B | K19: 打 cf 了，太晚了 | N19: 今天的课回顾了之前几天做过的题目，宇轩积极的参与补题，有问题能够积极的向老师提问，不过需要注意补题不光要补正解，也需要补一下部分分代码。宇轩在本次测试中考的非常好。在第一道题中宇轩获取了部分分，宇轩能够发现题目的性质，通过贪心去实现代码，但是没有考虑到时间复杂度的问题导致超时，非常可惜。在第二道题中，宇轩实现了暴力代码，但是由于实现过于复杂，导致部分分拿的没有很全，需要了解下拆环的方法。总体来说宇轩本次发挥的不错，能把暴力代码全部写对，但是宇轩在处理分类讨论问题时，需要多考虑一些情况，以及需要加强处理题目部分分的代码能力，继续加油。
B20: 杨涵语 | C20: B | D20: B | E20: B | F20: B | G20: B | H20: B | I20: C+ | J20: B | K20: 打 cf 了，太晚了 | N20: 今天的课回顾了之前几天做过的题目，涵语积极的参与补题，有问题能够积极的向老师提问，不过需要注意补题不光要补正解，也需要补一下部分分代码。涵语在本次测试中考的非常好。在第一道题中涵语获取了部分分，涵语能够发现题目的性质，通过贪心去实现代码，但是没有考虑到时间复杂度的问题导致超时，非常可惜。在第二道题中，涵语实现了暴力代码，但是由于实现过于复杂，导致部分分拿的没有很全，需要了解下拆环的方法。总体来说涵语本次发挥的不错，能把能写的暴力代码写对，但是需要注意第一题是需要尽量拿满分的，在做的时候需要多加思考，以及需要加强处理题目部分分的代码能力，继续加油。 | P20: 获取了第一题的首 A
B21: 周天翊 | C21: B | D21: B | E21: B+ | F21: B | G21: B | H21: B | I21: C+ | J21: B | K21: 打 cf 了，太晚了 | N21: 今天的课回顾了之前几天做过的题目，天翊积极的参与补题，有问题能够积极的向老师提问，不过需要注意补题不光要补正解，也需要补一下部分分代码。天翊在本次测试中考的非常好。在第一道题中天翊获取了部分分，天翊能够发现题目的性质，通过贪心去实现代码，但是没有考虑到时间复杂度的问题导致超时，非常可惜。在第二道题中，天翊想到了正解，但是在实现的时候遇到了问题，导致分数较低。总体来说天翊本次发挥的有些失常，对于第一题和第二题，孩子会正解但是均没有做出来，这是比较可惜的，对于这种会正解的题目，尽可能需要多思考，结合对拍来查看代码错误，继续加油。
B22: 李震轩 | C22: B | D22: B- | E22: B | F22: B- | G22: B | H22: B | I22: C+ | J22: B | K22: 打 cf 了，太晚了 | N22: 今天的课回顾了之前几天做过的题目，震轩积极的参与补题，有问题能够积极的向老师提问，不过需要注意补题不光要补正解，也需要补一下部分分代码。震轩在本次测试中考的非常好。在第一道题中震轩获取了部分分，震轩能够发现题目的性质，通过贪心去实现代码，但是没有考虑到时间复杂度的问题导致超时，非常可惜。在第二道题中，震轩实现了暴力代码，但是由于实现过于复杂，导致部分分拿的没有很全，需要了解下拆环的方法。总体来说震轩本次发挥的一般，对于第一题和第二题，孩子会正解但是均没有做出来，这是比较可惜的，对于这种会正解的题目，尽可能需要多思考，结合对拍来查看代码错误，继续加油。
B23: 葛义 | C23: B- | D23: C+ | E23: C+ | F23: C+ | G23: B- | H23: B- | I23: C+ | J23: C+ | K23: 打 cf 了，太晚了 | N23: 今天的课回顾了之前几天做过的题目，葛义积极的参与补题，有问题能够积极的向老师提问，不过需要注意补题不光要补正解，也需要补一下部分分代码。葛义在本次测试中考的非常好。在第一道题中，葛义想到把问题转化成背包，但是没有主意到数据范围，需要注意数组不能开太大，下次注意。在第二道题中，葛义实现了暴力代码，但是由于实现过于复杂，导致部分分拿的没有很全，需要了解下拆环的方法。总体来说葛义本次发挥的不错，能把能写的暴力代码写对，但是需要注意第一题是需要尽量拿满分的，在做的时候需要多加思考，以及需要加强处理题目部分分的代码能力，继续加油。 "
A31: 代码能力(当天最难的知识点 或 所有基础都理解就是A 或 班级表现前70%) A / B 理解能力(当天最难的知识点 或 所有基础都理解就是A 或 班级表现前70%) A / B 摸底测或代码模板默写(统称为小检测，4-5-1 对应A-B-C) A:30 B:20 C:10 最终表现 A类 >= 80分 B类 >= 60分 C类 < 60分

Sheet day61
A1: 2025⼩码王暑期集训 - 杭州营8⽉ 第二期-XP05-复赛模拟赛-04-一班
A4: 名次 | B4: 参赛者 | C4: 团队备注 | G4: 总分 | H4: T1 100 | I4: T2 100 | J4: T3 100 | K4: T4 100 | L4: T1评分 | M4: T2评分 | N4: T3评分 | O4: T4评分 | P4: 考试总体表现 | Q4: 反馈 | R4: 测试成绩分析 | S4: 总结 | T4: 反思 | U4: 计划
A5: 1 | B5: 刘孟霖 | C5: 刘孟霖 | D5: A | E5: A | F5: A+ | G5: 238 | H5: 100 | I5: 100 | J5: 0 | K5: 38 | L5: =IF(H5=0,"C",IF(RANK(H5,$H$5:$H$20,0)<=ROUNDUP((COUNT($H$5:$H$20)-COUNTIF($H$5:$H$20,0))*25%,0),"A",IF(RANK(H5,$H$5:$H$20,0)<=ROUNDUP((COUNT($H$5:$H$20)-COUNTIF($H$5:$H$20,0))*50%,0),"A-",IF(RANK(H5,$H$5:$H$20,0)<=ROUNDUP((COUNT($H$5:$H$20)-COUNTIF($H$5:$H$20,0))*75%,0),"B+","B")))) -> A | M5: =IF(I5=0,"C",IF(RANK(I5,$I$5:$I$20,0)<=ROUNDUP((COUNT($I$5:$I$20)-COUNTIF($I$5:$I$20,0))*25%,0),"A",IF(RANK(I5,$I$5:$I$20,0)<=ROUNDUP((COUNT($I$5:$I$20)-COUNTIF($I$5:$I$20,0))*50%,0),"A-",IF(RANK(I5,$I$5:$I$20,0)<=ROUNDUP((COUNT($I$5:$I$20)-COUNTIF($I$5:$I$20,0))*75%,0),"B+","B")))) -> A | N5: =IF(J5=0,"C",IF(RANK(J5,$J$5:$J$20,0)<=ROUNDUP((COUNT($J$5:$J$20)-COUNTIF($J$5:$J$20,0))*25%,0),"A",IF(RANK(J5,$J$5:$J$20,0)<=ROUNDUP((COUNT($J$5:$J$20)-COUNTIF($J$5:$J$20,0))*50%,0),"A-",IF(RANK(J5,$J$5:$J$20,0)<=ROUNDUP((COUNT($J$5:$J$20)-COUNTIF($J$5:$J$20,0))*75%,0),"B+","B")))) -> C | O5: =IF(K5=0,"C",IF(RANK(K5,$K$5:$K$20,0)<=ROUNDUP((COUNT($K$5:$K$20)-COUNTIF($K$5:$K$20,0))*25%,0),"A",IF(RANK(K5,$K$5:$K$20,0)<=ROUNDUP((COUNT($K$5:$K$20)-COUNTIF($K$5:$K$20,0))*50%,0),"A-",IF(RANK(K5,$K$5:$K$20,0)<=ROUNDUP((COUNT($K$5:$K$20)-COUNTIF($K$5:$K$20,0))*75%,0),"B+","B")))) -> A | P5: =IF(G5<20,"C",IF(RANK(G5,$G$5:$G$20,0)<=ROUNDUP(COUNT($G$5:$G$20)*25%,0),"A",IF(RANK(G5,$G$5:$G$20,0)<=ROUNDUP(COUNT($G$5:$G$20)*50%,0),"A-",IF(RANK(G5,$G$5:$G$20,0)<=ROUNDUP(COUNT($G$5:$G$20)*75%,0),"B+","B")))) -> A | Q5: 今天的课回顾了之前几天做过的题目，孟霖积极的参与补题，需要注意补题不光要补正解，也需要补一下部分分代码。孟霖在本次测试中考了第一名。孟霖在第一道题中获取了满分，能够快速的想到贪心的正解，并且快速实现。在第二道题中孟霖获取了满分，之前讲过讲过类似的题型，孩子能够很好的吸收并掌握，在本次测试中成功 AC.孟霖能熟练的使用分治的思想，在第四道题中获取较高的部分分。总体来说孟霖本次发挥的非常出色，即能把会做的题的正解写对，对于较难的题目也能把暴力竟可能的打满，不过孟霖对于树上的问题不是很熟悉，后续可以多练习下树上问题。 | R5: =IF(H5=100,"测试成绩分析：在第1题中，思考充分，对金币使用与获取步骤进行了计算的优化。","测试成绩分析：在第1题中，未能对金币使用与获取步骤进行数学上的运算优化。")&IF(I5=100,"在第2题中，成功建立了正确的模型并运用了昨天所学的知识。","在第2题中，未能运用昨天所学的知识建立正确的模型。")&IF(J5>0,"在第3题中，使用了分类讨论的方法，成功取得了应得的分数。","在第3题中，对分类讨论思想应用不充分。")&IF(K5>0,"在第4题中，考虑了当数据较小时的得分方案，通过深度优先搜索取得了分数。","在第4题中，考虑了当数据较小时的得分方案，但对深度优先搜索的代码熟练度较低，代码出现了错误，导致严重失分。") -> 测试成绩分析：在第1题中，思考充分，对金币使用与获取步骤进行了计算的优化。在第2题中，成功建立了正确的模型并运用了昨天所学的知识。在第3题中，对分类讨论思想应用不充分。在第4题中，考虑了当数据较小时的得分方案，通过深度优先搜索取得了分数。 | S5: # 对拍 今天学习了在考试时要怎么检查自己的代码与原来代码的正确性——对拍： 先写一个暴力的代码("Boom.cpp")，再写一个你认为正确的但不知道对不对的代码("solve.cpp")，然后再写一个程序用来生成数据("gen.cpp")，最后再写一个比对程序("pai.cpp") pai.cpp: ```c++ #include <bits/stdc++.h> using namespace std; int main(){ int cnt = 0; while(true){ cout<<"test:"<<cnt++<<endl; system("gen.exe > data.in"); system("std.exe < data.in > std.out"); system("solve.exe < data.in > solve.out"); if(system("fc std.out solve.out > diff.log")){ cout<<"WA"<<endl; break; } cout<<"AC"<<endl; } } ``` 利用对拍可以检查自己写的优化后的代码是否正确 # 破环成链 学习了一种神秘小技巧——破环成链： 当题目中的图是一个环的时候，可以直接把这个图复制一份接到原图的后面使其形成一条链，这种方法通常可以把一个环上问题转换成区间问题，例如 2025-xp05-05-T2 和 2025-xp05-06-T2 中，就可以把环变成一条链，然后当成区间最值问题来解决(虽然我用了一些神秘小技巧可以直接不复制) # 贪吃蛇 还学习了2020年CSP-S的T4的思路： 每一轮游戏中，选择权在体力最大的蛇的手里，它有两种选择：1.不吃了，游戏结束 2.选一条蛇(除了自己，因为蛇足够聪明)吃掉 而怎么决定它吃不吃呢，分类讨论： ·每次都吃最弱的蛇，如果吃了它还是最强或不是最弱的就无脑吃 ·如果吃了最弱蛇自己就变成了最弱蛇那就递归看在变成最弱蛇之后新的最强蛇能不能无脑吃掉自己 # 菊花图 学习了一种图，叫做“菊花图”，又叫“star图”，这种图理论上可以让任意两点之间距离最小。例如 2025-xp05-06-T3 中，如果 $m$ 等于 $0$ ，那么就可以直接把所有点连接成一个菊花图，计算最小代价即可。而当 $m$ 等于 $1$ 时，直接将最小代价减去一条边的代价即可。当 $m$ 等于 $2$ 的时候，分类讨论 - 如果两条边有公共点，那就以公共点作为中心点构建菊花图 - 如果两条边没有公共点，就选一个点作为中心点构建伪菊花图，最后再连接剩下的一条边即可 # 并查集和树 当题目需要用到动态的根或者动态的子树时，就可以利用一下并查集。例如有一个**动态的根**如果想要获取它的子树，那么可以遍历它的相邻点，将其父节点(子树根)替换为**动态的根**，即把子树直接挂在了**动态的根**的下面。例如 2025-xp05-06-T4 中，猫可以在一个由猫爬架(叶子节点)组成的树中进行飞跃，要计算最大飞跃次数。可以把猫看成根节点，然后让猫跑其子树，再加个小dp就可以了。 老师说这道题有一点淀粉质(点分治)的思想 -> 考试时我的思路也想到分治上了，但还不认识点分治是什么 ## 树上路径的性质 在树上任意两点的距离都是其最短路 ## 树上两点的距离 如果要查找树上任意两点的距离，可以先寻找两点的**LCA**，然后在查看这两个点 $u,v$ 在**LCA**下的深度，最后相加一下就可以找到点 $u$ 到点 $v$ 的距离 | T5: 在做“古堡法阵”的时候，因为不知道“菊花图”导致没有通过；在做“训猫”的时候因为不懂树和并查集的一些联系导致没有完全通过 | U5: 计划：多默写几次LCA模板，熟悉算法思路；自学点分治
A6: 2 | B6: 余廷锴 | C6: 余廷锴 | D6: A+ | E6: A | F6: A+ | G6: 226 | H6: 100 | I6: 100 | J6: 0 | K6: 26 | L6: =IF(H6=0,"C",IF(RANK(H6,$H$5:$H$20,0)<=ROUNDUP((COUNT($H$5:$H$20)-COUNTIF($H$5:$H$20,0))*25%,0),"A",IF(RANK(H6,$H$5:$H$20,0)<=ROUNDUP((COUNT($H$5:$H$20)-COUNTIF($H$5:$H$20,0))*50%,0),"A-",IF(RANK(H6,$H$5:$H$20,0)<=ROUNDUP((COUNT($H$5:$H$20)-COUNTIF($H$5:$H$20,0))*75%,0),"B+","B")))) -> A | M6: =IF(I6=0,"C",IF(RANK(I6,$I$5:$I$20,0)<=ROUNDUP((COUNT($I$5:$I$20)-COUNTIF($I$5:$I$20,0))*25%,0),"A",IF(RANK(I6,$I$5:$I$20,0)<=ROUNDUP((COUNT($I$5:$I$20)-COUNTIF($I$5:$I$20,0))*50%,0),"A-",IF(RANK(I6,$I$5:$I$20,0)<=ROUNDUP((COUNT($I$5:$I$20)-COUNTIF($I$5:$I$20,0))*75%,0),"B+","B")))) -> A | N6: =IF(J6=0,"C",IF(RANK(J6,$J$5:$J$20,0)<=ROUNDUP((COUNT($J$5:$J$20)-COUNTIF($J$5:$J$20,0))*25%,0),"A",IF(RANK(J6,$J$5:$J$20,0)<=ROUNDUP((COUNT($J$5:$J$20)-COUNTIF($J$5:$J$20,0))*50%,0),"A-",IF(RANK(J6,$J$5:$J$20,0)<=ROUNDUP((COUNT($J$5:$J$20)-COUNTIF($J$5:$J$20,0))*75%,0),"B+","B")))) -> C | O6: =IF(K6=0,"C",IF(RANK(K6,$K$5:$K$20,0)<=ROUNDUP((COUNT($K$5:$K$20)-COUNTIF($K$5:$K$20,0))*25%,0),"A",IF(RANK(K6,$K$5:$K$20,0)<=ROUNDUP((COUNT($K$5:$K$20)-COUNTIF($K$5:$K$20,0))*50%,0),"A-",IF(RANK(K6,$K$5:$K$20,0)<=ROUNDUP((COUNT($K$5:$K$20)-COUNTIF($K$5:$K$20,0))*75%,0),"B+","B")))) -> A | P6: =IF(G6<20,"C",IF(RANK(G6,$G$5:$G$20,0)<=ROUNDUP(COUNT($G$5:$G$20)*25%,0),"A",IF(RANK(G6,$G$5:$G$20,0)<=ROUNDUP(COUNT($G$5:$G$20)*50%,0),"A-",IF(RANK(G6,$G$5:$G$20,0)<=ROUNDUP(COUNT($G$5:$G$20)*75%,0),"B+","B")))) -> A | Q6: ="今天课堂主要解析了昨日测试中的第3题与第4题，第3题帮助大家梳理了动态规划的思路与优化技巧，第4题则再次应用了哈希方法解决字符串相关问题。今日测试采用OI赛制，贴近CSP-S复赛的实际氛围，"&C6&"在本次测试中的评级为"&P6&"。"&R6&IF(P6="A","整体发挥出色，能够熟练掌握知识并灵活运用到复杂题目中，思路清晰、逻辑严谨。在课后补题时，积极与同学分享思路，并协助解决代码上的问题，展现了良好的沟通和协作能力。期待能保持钻研精神，进一步拓展竞赛经验，持续提升自我。",IF(P6="A-","表现较为优良，基本能够掌握核心知识并解决大多数题目。但在细节处理和稳定性方面仍有提升空间。思路整体清晰，但在时间把控和题目细节上偶有疏漏。后续建议在复盘时更关注错题，总结薄弱环节，提升整体解题准确度。",IF(P6="B+","整体表现良好，掌握了大部分知识点，并能完成多数任务。但在分析题目时的深度和解题的完整性方面还有待加强。学习态度积极，后续应更加注重系统训练，多积累与归纳解题方法，从而提升稳定性和效率。",IF(P6="B","完成情况基本可以，能够理解部分知识点，但在综合运用与解决复杂问题时还存在一定困难。遇到挑战性较强的题目时容易受阻，说明基础尚需进一步扎实。建议分阶段巩固基础，并逐渐增加难度训练，以提升整体水平。",IF(P6="C","此次测试发挥不理想，暴露出一定的知识漏洞与方法不足。学习过程缺乏连贯性，遇到新题时往往难以找到突破口。建议从核心基础入手，逐步构建完整的知识体系，并针对性地弥补短板，以实现稳步提升。",""))))) -> 今天课堂主要解析了昨日测试中的第3题与第4题，第3题帮助大家梳理了动态规划的思路与优化技巧，第4题则再次应用了哈希方法解决字符串相关问题。今日测试采用OI赛制，贴近CSP-S复赛的实际氛围，余廷锴在本次测试中的评级为A。测试成绩分析：在第1题中，思考充分，对金币使用与获取步骤进行了计算的优化。在第2题中，成功建立了正确的模型并运用了昨天所学的知识。在第3题中，对分类讨论思想应用不充分。在第4题中，考虑了当数据较小时的得分方案，通过深度优先搜索取得了分数。整体发挥出色，能够熟练掌握知识并灵活运用到复杂题目中，思路清晰、逻辑严谨。在课后补题时，积极与同学分享思路，并协助解决代码上的问题，展现了良好的沟通和协作能力。期待能保持钻研精神，进一步拓展竞赛经验，持续提升自我。 | R6: =IF(H6=100,"测试成绩分析：在第1题中，思考充分，对金币使用与获取步骤进行了计算的优化。","测试成绩分析：在第1题中，未能对金币使用与获取步骤进行数学上的运算优化。")&IF(I6=100,"在第2题中，成功建立了正确的模型并运用了昨天所学的知识。","在第2题中，未能运用昨天所学的知识建立正确的模型。")&IF(J6>0,"在第3题中，使用了分类讨论的方法，成功取得了应得的分数。","在第3题中，对分类讨论思想应用不充分。")&IF(K6>0,"在第4题中，考虑了当数据较小时的得分方案，通过深度优先搜索取得了分数。","在第4题中，考虑了当数据较小时的得分方案，但对深度优先搜索的代码熟练度较低，代码出现了错误，导致严重失分。") -> 测试成绩分析：在第1题中，思考充分，对金币使用与获取步骤进行了计算的优化。在第2题中，成功建立了正确的模型并运用了昨天所学的知识。在第3题中，对分类讨论思想应用不充分。在第4题中，考虑了当数据较小时的得分方案，通过深度优先搜索取得了分数。 | S6: 今天学习了csp-s原题—贪吃蛇，运用了有关博弈论的知识。学习了如何对拍，可以在OI赛制的比赛下，利用时间复杂度较高但答案正确的暴力代码为自己的正解代码查错。下午进行了复赛模拟测，其中古堡法阵是一道偏数学的计数题，可以通过分类讨论解决。学习了算法竞赛经典技巧——破环成链，将一个环拉直，复制一份，可以更方便地计算。 | T6: 古堡法阵中，没有发现分类讨论的做法，没有发现菊花图的情况，训猫的部分分没有拿全，没有想到把链的情况带入到树中。 | U6: 有关博弈论的知识还要吸收，练习对拍，跟熟练地使用对拍为自己代码查错，观察代码的能力需要加强。
A7: 3 | B7: 熊子轩 | C7: 熊子轩 | D7: A | E7: A | F7: A | G7: 200 | H7: 100 | I7: 100 | J7: 0 | K7: 0 | L7: =IF(H7=0,"C",IF(RANK(H7,$H$5:$H$20,0)<=ROUNDUP((COUNT($H$5:$H$20)-COUNTIF($H$5:$H$20,0))*25%,0),"A",IF(RANK(H7,$H$5:$H$20,0)<=ROUNDUP((COUNT($H$5:$H$20)-COUNTIF($H$5:$H$20,0))*50%,0),"A-",IF(RANK(H7,$H$5:$H$20,0)<=ROUNDUP((COUNT($H$5:$H$20)-COUNTIF($H$5:$H$20,0))*75%,0),"B+","B")))) -> A | M7: =IF(I7=0,"C",IF(RANK(I7,$I$5:$I$20,0)<=ROUNDUP((COUNT($I$5:$I$20)-COUNTIF($I$5:$I$20,0))*25%,0),"A",IF(RANK(I7,$I$5:$I$20,0)<=ROUNDUP((COUNT($I$5:$I$20)-COUNTIF($I$5:$I$20,0))*50%,0),"A-",IF(RANK(I7,$I$5:$I$20,0)<=ROUNDUP((COUNT($I$5:$I$20)-COUNTIF($I$5:$I$20,0))*75%,0),"B+","B")))) -> A | N7: =IF(J7=0,"C",IF(RANK(J7,$J$5:$J$20,0)<=ROUNDUP((COUNT($J$5:$J$20)-COUNTIF($J$5:$J$20,0))*25%,0),"A",IF(RANK(J7,$J$5:$J$20,0)<=ROUNDUP((COUNT($J$5:$J$20)-COUNTIF($J$5:$J$20,0))*50%,0),"A-",IF(RANK(J7,$J$5:$J$20,0)<=ROUNDUP((COUNT($J$5:$J$20)-COUNTIF($J$5:$J$20,0))*75%,0),"B+","B")))) -> C | O7: =IF(K7=0,"C",IF(RANK(K7,$K$5:$K$20,0)<=ROUNDUP((COUNT($K$5:$K$20)-COUNTIF($K$5:$K$20,0))*25%,0),"A",IF(RANK(K7,$K$5:$K$20,0)<=ROUNDUP((COUNT($K$5:$K$20)-COUNTIF($K$5:$K$20,0))*50%,0),"A-",IF(RANK(K7,$K$5:$K$20,0)<=ROUNDUP((COUNT($K$5:$K$20)-COUNTIF($K$5:$K$20,0))*75%,0),"B+","B")))) -> C | P7: =IF(G7<20,"C",IF(RANK(G7,$G$5:$G$20,0)<=ROUNDUP(COUNT($G$5:$G$20)*25%,0),"A",IF(RANK(G7,$G$5:$G$20,0)<=ROUNDUP(COUNT($G$5:$G$20)*50%,0),"A-",IF(RANK(G7,$G$5:$G$20,0)<=ROUNDUP(COUNT($G$5:$G$20)*75%,0),"B+","B")))) -> A | Q7: ="今天课堂主要解析了昨日测试中的第3题与第4题，第3题帮助大家梳理了动态规划的思路与优化技巧，第4题则再次应用了哈希方法解决字符串相关问题。今日测试采用OI赛制，贴近CSP-S复赛的实际氛围，"&C7&"在本次测试中的评级为"&P7&"。"&R7&IF(P7="A","整体发挥出色，能够熟练掌握知识并灵活运用到复杂题目中，思路清晰、逻辑严谨。在课后补题时，积极与同学分享思路，并协助解决代码上的问题，展现了良好的沟通和协作能力。期待能保持钻研精神，进一步拓展竞赛经验，持续提升自我。",IF(P7="A-","表现较为优良，基本能够掌握核心知识并解决大多数题目。但在细节处理和稳定性方面仍有提升空间。思路整体清晰，但在时间把控和题目细节上偶有疏漏。后续建议在复盘时更关注错题，总结薄弱环节，提升整体解题准确度。",IF(P7="B+","整体表现良好，掌握了大部分知识点，并能完成多数任务。但在分析题目时的深度和解题的完整性方面还有待加强。学习态度积极，后续应更加注重系统训练，多积累与归纳解题方法，从而提升稳定性和效率。",IF(P7="B","完成情况基本可以，能够理解部分知识点，但在综合运用与解决复杂问题时还存在一定困难。遇到挑战性较强的题目时容易受阻，说明基础尚需进一步扎实。建议分阶段巩固基础，并逐渐增加难度训练，以提升整体水平。",IF(P7="C","此次测试发挥不理想，暴露出一定的知识漏洞与方法不足。学习过程缺乏连贯性，遇到新题时往往难以找到突破口。建议从核心基础入手，逐步构建完整的知识体系，并针对性地弥补短板，以实现稳步提升。",""))))) -> 今天课堂主要解析了昨日测试中的第3题与第4题，第3题帮助大家梳理了动态规划的思路与优化技巧，第4题则再次应用了哈希方法解决字符串相关问题。今日测试采用OI赛制，贴近CSP-S复赛的实际氛围，熊子轩在本次测试中的评级为A。测试成绩分析：在第1题中，思考充分，对金币使用与获取步骤进行了计算的优化。在第2题中，成功建立了正确的模型并运用了昨天所学的知识。在第3题中，对分类讨论思想应用不充分。在第4题中，考虑了当数据较小时的得分方案，但对深度优先搜索的代码熟练度较低，代码出现了错误，导致严重失分。整体发挥出色，能够熟练掌握知识并灵活运用到复杂题目中，思路清晰、逻辑严谨。在课后补题时，积极与同学分享思路，并协助解决代码上的问题，展现了良好的沟通和协作能力。期待能保持钻研精神，进一步拓展竞赛经验，持续提升自我。 | R7: =IF(H7=100,"测试成绩分析：在第1题中，思考充分，对金币使用与获取步骤进行了计算的优化。","测试成绩分析：在第1题中，未能对金币使用与获取步骤进行数学上的运算优化。")&IF(I7=100,"在第2题中，成功建立了正确的模型并运用了昨天所学的知识。","在第2题中，未能运用昨天所学的知识建立正确的模型。")&IF(J7>0,"在第3题中，使用了分类讨论的方法，成功取得了应得的分数。","在第3题中，对分类讨论思想应用不充分。")&IF(K7>0,"在第4题中，考虑了当数据较小时的得分方案，通过深度优先搜索取得了分数。","在第4题中，考虑了当数据较小时的得分方案，但对深度优先搜索的代码熟练度较低，代码出现了错误，导致严重失分。") -> 测试成绩分析：在第1题中，思考充分，对金币使用与获取步骤进行了计算的优化。在第2题中，成功建立了正确的模型并运用了昨天所学的知识。在第3题中，对分类讨论思想应用不充分。在第4题中，考虑了当数据较小时的得分方案，但对深度优先搜索的代码熟练度较低，代码出现了错误，导致严重失分。 | S7: 今天上午讲解了昨天测试的前两道题目，学习了化环为链的技巧，还学习了一道非常有挑战性的博弈论的贪吃蛇的题目这道题目需要我们站在足够聪明的蛇的角度分析，从而决定自己是否选择吃掉蛇，还学习了一个非常实用的技巧对拍，可以将暴力代码与不确定是否正确的代码放在一起，从而确定代码的正确性，通过题目古堡法阵，我学习到了通过观察数据范围进行分类讨论 | T7: 第一次尝试对拍花费了一定的时间，后面的题因为觉得比较难就放弃了，但是有一些部分分是能够拿到的 | U7: 练习针对不同的数据范围写出不同部分分的能力
A8: 3 | B8: 张梓涵 | C8: 张梓涵 | D8: A | E8: A- | F8: A | G8: 170 | H8: 70 | I8: 100 | K8: 0 | L8: =IF(H8=0,"C",IF(RANK(H8,$H$5:$H$20,0)<=ROUNDUP((COUNT($H$5:$H$20)-COUNTIF($H$5:$H$20,0))*25%,0),"A",IF(RANK(H8,$H$5:$H$20,0)<=ROUNDUP((COUNT($H$5:$H$20)-COUNTIF($H$5:$H$20,0))*50%,0),"A-",IF(RANK(H8,$H$5:$H$20,0)<=ROUNDUP((COUNT($H$5:$H$20)-COUNTIF($H$5:$H$20,0))*75%,0),"B+","B")))) -> A- | M8: =IF(I8=0,"C",IF(RANK(I8,$I$5:$I$20,0)<=ROUNDUP((COUNT($I$5:$I$20)-COUNTIF($I$5:$I$20,0))*25%,0),"A",IF(RANK(I8,$I$5:$I$20,0)<=ROUNDUP((COUNT($I$5:$I$20)-COUNTIF($I$5:$I$20,0))*50%,0),"A-",IF(RANK(I8,$I$5:$I$20,0)<=ROUNDUP((COUNT($I$5:$I$20)-COUNTIF($I$5:$I$20,0))*75%,0),"B+","B")))) -> A | N8: =IF(J8=0,"C",IF(RANK(J8,$J$5:$J$20,0)<=ROUNDUP((COUNT($J$5:$J$20)-COUNTIF($J$5:$J$20,0))*25%,0),"A",IF(RANK(J8,$J$5:$J$20,0)<=ROUNDUP((COUNT($J$5:$J$20)-COUNTIF($J$5:$J$20,0))*50%,0),"A-",IF(RANK(J8,$J$5:$J$20,0)<=ROUNDUP((COUNT($J$5:$J$20)-COUNTIF($J$5:$J$20,0))*75%,0),"B+","B")))) -> C | O8: =IF(K8=0,"C",IF(RANK(K8,$K$5:$K$20,0)<=ROUNDUP((COUNT($K$5:$K$20)-COUNTIF($K$5:$K$20,0))*25%,0),"A",IF(RANK(K8,$K$5:$K$20,0)<=ROUNDUP((COUNT($K$5:$K$20)-COUNTIF($K$5:$K$20,0))*50%,0),"A-",IF(RANK(K8,$K$5:$K$20,0)<=ROUNDUP((COUNT($K$5:$K$20)-COUNTIF($K$5:$K$20,0))*75%,0),"B+","B")))) -> C | P8: =IF(G8<20,"C",IF(RANK(G8,$G$5:$G$20,0)<=ROUNDUP(COUNT($G$5:$G$20)*25%,0),"A",IF(RANK(G8,$G$5:$G$20,0)<=ROUNDUP(COUNT($G$5:$G$20)*50%,0),"A-",IF(RANK(G8,$G$5:$G$20,0)<=ROUNDUP(COUNT($G$5:$G$20)*75%,0),"B+","B")))) -> A | Q8: ="今天课堂主要解析了昨日测试中的第3题与第4题，第3题帮助大家梳理了动态规划的思路与优化技巧，第4题则再次应用了哈希方法解决字符串相关问题。今日测试采用OI赛制，贴近CSP-S复赛的实际氛围，"&C8&"在本次测试中的评级为"&P8&"。"&R8&IF(P8="A","整体发挥出色，能够熟练掌握知识并灵活运用到复杂题目中，思路清晰、逻辑严谨。在课后补题时，积极与同学分享思路，并协助解决代码上的问题，展现了良好的沟通和协作能力。期待能保持钻研精神，进一步拓展竞赛经验，持续提升自我。",IF(P8="A-","表现较为优良，基本能够掌握核心知识并解决大多数题目。但在细节处理和稳定性方面仍有提升空间。思路整体清晰，但在时间把控和题目细节上偶有疏漏。后续建议在复盘时更关注错题，总结薄弱环节，提升整体解题准确度。",IF(P8="B+","整体表现良好，掌握了大部分知识点，并能完成多数任务。但在分析题目时的深度和解题的完整性方面还有待加强。学习态度积极，后续应更加注重系统训练，多积累与归纳解题方法，从而提升稳定性和效率。",IF(P8="B","完成情况基本可以，能够理解部分知识点，但在综合运用与解决复杂问题时还存在一定困难。遇到挑战性较强的题目时容易受阻，说明基础尚需进一步扎实。建议分阶段巩固基础，并逐渐增加难度训练，以提升整体水平。",IF(P8="C","此次测试发挥不理想，暴露出一定的知识漏洞与方法不足。学习过程缺乏连贯性，遇到新题时往往难以找到突破口。建议从核心基础入手，逐步构建完整的知识体系，并针对性地弥补短板，以实现稳步提升。",""))))) -> 今天课堂主要解析了昨日测试中的第3题与第4题，第3题帮助大家梳理了动态规划的思路与优化技巧，第4题则再次应用了哈希方法解决字符串相关问题。今日测试采用OI赛制，贴近CSP-S复赛的实际氛围，张梓涵在本次测试中的评级为A。测试成绩分析：在第1题中，未能对金币使用与获取步骤进行数学上的运算优化。在第2题中，成功建立了正确的模型并运用了昨天所学的知识。在第3题中，对分类讨论思想应用不充分。在第4题中，考虑了当数据较小时的得分方案，但对深度优先搜索的代码熟练度较低，代码出现了错误，导致严重失分。整体发挥出色，能够熟练掌握知识并灵活运用到复杂题目中，思路清晰、逻辑严谨。在课后补题时，积极与同学分享思路，并协助解决代码上的问题，展现了良好的沟通和协作能力。期待能保持钻研精神，进一步拓展竞赛经验，持续提升自我。 | R8: =IF(H8=100,"测试成绩分析：在第1题中，思考充分，对金币使用与获取步骤进行了计算的优化。","测试成绩分析：在第1题中，未能对金币使用与获取步骤进行数学上的运算优化。")&IF(I8=100,"在第2题中，成功建立了正确的模型并运用了昨天所学的知识。","在第2题中，未能运用昨天所学的知识建立正确的模型。")&IF(J8>0,"在第3题中，使用了分类讨论的方法，成功取得了应得的分数。","在第3题中，对分类讨论思想应用不充分。")&IF(K8>0,"在第4题中，考虑了当数据较小时的得分方案，通过深度优先搜索取得了分数。","在第4题中，考虑了当数据较小时的得分方案，但对深度优先搜索的代码熟练度较低，代码出现了错误，导致严重失分。") -> 测试成绩分析：在第1题中，未能对金币使用与获取步骤进行数学上的运算优化。在第2题中，成功建立了正确的模型并运用了昨天所学的知识。在第3题中，对分类讨论思想应用不充分。在第4题中，考虑了当数据较小时的得分方案，但对深度优先搜索的代码熟练度较低，代码出现了错误，导致严重失分。 | S8: 今天上午讲了跃迁回路，对贪吃蛇后半部分进行了更加深层次的讲解，了解到了如何将递归思路转换为线性写法，就是观察递归边界的性质，从而观察出一些神秘小性质，从而减少复杂度，做出题目；还讲到了如何写对拍，这个东西可以进行粗略一些的自我检查，而且全自动，大大减少了debug的时间，并且提高了暴力的利用价值；下午我们又进行了文件判题+OI赛制。晚上我们将今天考试所写的题目全都详细的讲解了一遍让我们知道了如何分析出题目的思路以及通过观察输入数据的规模来判断题目的写法 | T8: 在今天下午的考试中，我因为没有检查出第一题的些许错误，导致错失了30分，在写后两题时，我因为观察发现数据太大而一时放弃思考，没有动力去思考题目的本质，以及其数据开如此之大的目的，倒数第二题一分没拿，最后一题也是十分难想，我最后花了半个多小时都没有把我的暴力代码debug成功 | U8: 我应该再锻炼一下持之以恒的精神，坚持不懈的思考题目的本质以及稳住心态
A9: 4 | B9: 祁靖轩 | C9: 祁靖轩 | D9: A- | E9: A- | F9: A | G9: 140 | H9: 40 | I9: 100 | J9: 0 | K9: 0 | L9: =IF(H9=0,"C",IF(RANK(H9,$H$5:$H$20,0)<=ROUNDUP((COUNT($H$5:$H$20)-COUNTIF($H$5:$H$20,0))*25%,0),"A",IF(RANK(H9,$H$5:$H$20,0)<=ROUNDUP((COUNT($H$5:$H$20)-COUNTIF($H$5:$H$20,0))*50%,0),"A-",IF(RANK(H9,$H$5:$H$20,0)<=ROUNDUP((COUNT($H$5:$H$20)-COUNTIF($H$5:$H$20,0))*75%,0),"B+","B")))) -> B | M9: =IF(I9=0,"C",IF(RANK(I9,$I$5:$I$20,0)<=ROUNDUP((COUNT($I$5:$I$20)-COUNTIF($I$5:$I$20,0))*25%,0),"A",IF(RANK(I9,$I$5:$I$20,0)<=ROUNDUP((COUNT($I$5:$I$20)-COUNTIF($I$5:$I$20,0))*50%,0),"A-",IF(RANK(I9,$I$5:$I$20,0)<=ROUNDUP((COUNT($I$5:$I$20)-COUNTIF($I$5:$I$20,0))*75%,0),"B+","B")))) -> A | N9: =IF(J9=0,"C",IF(RANK(J9,$J$5:$J$20,0)<=ROUNDUP((COUNT($J$5:$J$20)-COUNTIF($J$5:$J$20,0))*25%,0),"A",IF(RANK(J9,$J$5:$J$20,0)<=ROUNDUP((COUNT($J$5:$J$20)-COUNTIF($J$5:$J$20,0))*50%,0),"A-",IF(RANK(J9,$J$5:$J$20,0)<=ROUNDUP((COUNT($J$5:$J$20)-COUNTIF($J$5:$J$20,0))*75%,0),"B+","B")))) -> C | O9: =IF(K9=0,"C",IF(RANK(K9,$K$5:$K$20,0)<=ROUNDUP((COUNT($K$5:$K$20)-COUNTIF($K$5:$K$20,0))*25%,0),"A",IF(RANK(K9,$K$5:$K$20,0)<=ROUNDUP((COUNT($K$5:$K$20)-COUNTIF($K$5:$K$20,0))*50%,0),"A-",IF(RANK(K9,$K$5:$K$20,0)<=ROUNDUP((COUNT($K$5:$K$20)-COUNTIF($K$5:$K$20,0))*75%,0),"B+","B")))) -> C | P9: =IF(G9<20,"C",IF(RANK(G9,$G$5:$G$20,0)<=ROUNDUP(COUNT($G$5:$G$20)*25%,0),"A",IF(RANK(G9,$G$5:$G$20,0)<=ROUNDUP(COUNT($G$5:$G$20)*50%,0),"A-",IF(RANK(G9,$G$5:$G$20,0)<=ROUNDUP(COUNT($G$5:$G$20)*75%,0),"B+","B")))) -> A- | Q9: ="今天课堂主要解析了昨日测试中的第3题与第4题，第3题帮助大家梳理了动态规划的思路与优化技巧，第4题则再次应用了哈希方法解决字符串相关问题。今日测试采用OI赛制，贴近CSP-S复赛的实际氛围，"&C9&"在本次测试中的评级为"&P9&"。"&R9&IF(P9="A","整体发挥出色，能够熟练掌握知识并灵活运用到复杂题目中，思路清晰、逻辑严谨。在课后补题时，积极与同学分享思路，并协助解决代码上的问题，展现了良好的沟通和协作能力。期待能保持钻研精神，进一步拓展竞赛经验，持续提升自我。",IF(P9="A-","表现较为优良，基本能够掌握核心知识并解决大多数题目。但在细节处理和稳定性方面仍有提升空间。思路整体清晰，但在时间把控和题目细节上偶有疏漏。后续建议在复盘时更关注错题，总结薄弱环节，提升整体解题准确度。",IF(P9="B+","整体表现良好，掌握了大部分知识点，并能完成多数任务。但在分析题目时的深度和解题的完整性方面还有待加强。学习态度积极，后续应更加注重系统训练，多积累与归纳解题方法，从而提升稳定性和效率。",IF(P9="B","完成情况基本可以，能够理解部分知识点，但在综合运用与解决复杂问题时还存在一定困难。遇到挑战性较强的题目时容易受阻，说明基础尚需进一步扎实。建议分阶段巩固基础，并逐渐增加难度训练，以提升整体水平。",IF(P9="C","此次测试发挥不理想，暴露出一定的知识漏洞与方法不足。学习过程缺乏连贯性，遇到新题时往往难以找到突破口。建议从核心基础入手，逐步构建完整的知识体系，并针对性地弥补短板，以实现稳步提升。",""))))) -> 今天课堂主要解析了昨日测试中的第3题与第4题，第3题帮助大家梳理了动态规划的思路与优化技巧，第4题则再次应用了哈希方法解决字符串相关问题。今日测试采用OI赛制，贴近CSP-S复赛的实际氛围，祁靖轩在本次测试中的评级为A-。测试成绩分析：在第1题中，未能对金币使用与获取步骤进行数学上的运算优化。在第2题中，成功建立了正确的模型并运用了昨天所学的知识。在第3题中，对分类讨论思想应用不充分。在第4题中，考虑了当数据较小时的得分方案，但对深度优先搜索的代码熟练度较低，代码出现了错误，导致严重失分。表现较为优良，基本能够掌握核心知识并解决大多数题目。但在细节处理和稳定性方面仍有提升空间。思路整体清晰，但在时间把控和题目细节上偶有疏漏。后续建议在复盘时更关注错题，总结薄弱环节，提升整体解题准确度。 | R9: =IF(H9=100,"测试成绩分析：在第1题中，思考充分，对金币使用与获取步骤进行了计算的优化。","测试成绩分析：在第1题中，未能对金币使用与获取步骤进行数学上的运算优化。")&IF(I9=100,"在第2题中，成功建立了正确的模型并运用了昨天所学的知识。","在第2题中，未能运用昨天所学的知识建立正确的模型。")&IF(J9>0,"在第3题中，使用了分类讨论的方法，成功取得了应得的分数。","在第3题中，对分类讨论思想应用不充分。")&IF(K9>0,"在第4题中，考虑了当数据较小时的得分方案，通过深度优先搜索取得了分数。","在第4题中，考虑了当数据较小时的得分方案，但对深度优先搜索的代码熟练度较低，代码出现了错误，导致严重失分。") -> 测试成绩分析：在第1题中，未能对金币使用与获取步骤进行数学上的运算优化。在第2题中，成功建立了正确的模型并运用了昨天所学的知识。在第3题中，对分类讨论思想应用不充分。在第4题中，考虑了当数据较小时的得分方案，但对深度优先搜索的代码熟练度较低，代码出现了错误，导致严重失分。 | S9: 孩子忘记提交了
A10: 5 | B10: 何奇阳 | C10: 何奇阳 | D10: A- | E10: A- | F10: A- | G10: 130 | H10: 100 | I10: 30 | J10: 0 | L10: =IF(H10=0,"C",IF(RANK(H10,$H$5:$H$20,0)<=ROUNDUP((COUNT($H$5:$H$20)-COUNTIF($H$5:$H$20,0))*25%,0),"A",IF(RANK(H10,$H$5:$H$20,0)<=ROUNDUP((COUNT($H$5:$H$20)-COUNTIF($H$5:$H$20,0))*50%,0),"A-",IF(RANK(H10,$H$5:$H$20,0)<=ROUNDUP((COUNT($H$5:$H$20)-COUNTIF($H$5:$H$20,0))*75%,0),"B+","B")))) -> A | M10: =IF(I10=0,"C",IF(RANK(I10,$I$5:$I$20,0)<=ROUNDUP((COUNT($I$5:$I$20)-COUNTIF($I$5:$I$20,0))*25%,0),"A",IF(RANK(I10,$I$5:$I$20,0)<=ROUNDUP((COUNT($I$5:$I$20)-COUNTIF($I$5:$I$20,0))*50%,0),"A-",IF(RANK(I10,$I$5:$I$20,0)<=ROUNDUP((COUNT($I$5:$I$20)-COUNTIF($I$5:$I$20,0))*75%,0),"B+","B")))) -> B+ | N10: =IF(J10=0,"C",IF(RANK(J10,$J$5:$J$20,0)<=ROUNDUP((COUNT($J$5:$J$20)-COUNTIF($J$5:$J$20,0))*25%,0),"A",IF(RANK(J10,$J$5:$J$20,0)<=ROUNDUP((COUNT($J$5:$J$20)-COUNTIF($J$5:$J$20,0))*50%,0),"A-",IF(RANK(J10,$J$5:$J$20,0)<=ROUNDUP((COUNT($J$5:$J$20)-COUNTIF($J$5:$J$20,0))*75%,0),"B+","B")))) -> C | O10: =IF(K10=0,"C",IF(RANK(K10,$K$5:$K$20,0)<=ROUNDUP((COUNT($K$5:$K$20)-COUNTIF($K$5:$K$20,0))*25%,0),"A",IF(RANK(K10,$K$5:$K$20,0)<=ROUNDUP((COUNT($K$5:$K$20)-COUNTIF($K$5:$K$20,0))*50%,0),"A-",IF(RANK(K10,$K$5:$K$20,0)<=ROUNDUP((COUNT($K$5:$K$20)-COUNTIF($K$5:$K$20,0))*75%,0),"B+","B")))) -> C | P10: =IF(G10<20,"C",IF(RANK(G10,$G$5:$G$20,0)<=ROUNDUP(COUNT($G$5:$G$20)*25%,0),"A",IF(RANK(G10,$G$5:$G$20,0)<=ROUNDUP(COUNT($G$5:$G$20)*50%,0),"A-",IF(RANK(G10,$G$5:$G$20,0)<=ROUNDUP(COUNT($G$5:$G$20)*75%,0),"B+","B")))) -> A- | Q10: ="今天课堂主要解析了昨日测试中的第3题与第4题，第3题帮助大家梳理了动态规划的思路与优化技巧，第4题则再次应用了哈希方法解决字符串相关问题。今日测试采用OI赛制，贴近CSP-S复赛的实际氛围，"&C10&"在本次测试中的评级为"&P10&"。"&R10&IF(P10="A","整体发挥出色，能够熟练掌握知识并灵活运用到复杂题目中，思路清晰、逻辑严谨。在课后补题时，积极与同学分享思路，并协助解决代码上的问题，展现了良好的沟通和协作能力。期待能保持钻研精神，进一步拓展竞赛经验，持续提升自我。",IF(P10="A-","表现较为优良，基本能够掌握核心知识并解决大多数题目。但在细节处理和稳定性方面仍有提升空间。思路整体清晰，但在时间把控和题目细节上偶有疏漏。后续建议在复盘时更关注错题，总结薄弱环节，提升整体解题准确度。",IF(P10="B+","整体表现良好，掌握了大部分知识点，并能完成多数任务。但在分析题目时的深度和解题的完整性方面还有待加强。学习态度积极，后续应更加注重系统训练，多积累与归纳解题方法，从而提升稳定性和效率。",IF(P10="B","完成情况基本可以，能够理解部分知识点，但在综合运用与解决复杂问题时还存在一定困难。遇到挑战性较强的题目时容易受阻，说明基础尚需进一步扎实。建议分阶段巩固基础，并逐渐增加难度训练，以提升整体水平。",IF(P10="C","此次测试发挥不理想，暴露出一定的知识漏洞与方法不足。学习过程缺乏连贯性，遇到新题时往往难以找到突破口。建议从核心基础入手，逐步构建完整的知识体系，并针对性地弥补短板，以实现稳步提升。",""))))) -> 今天课堂主要解析了昨日测试中的第3题与第4题，第3题帮助大家梳理了动态规划的思路与优化技巧，第4题则再次应用了哈希方法解决字符串相关问题。今日测试采用OI赛制，贴近CSP-S复赛的实际氛围，何奇阳在本次测试中的评级为A-。测试成绩分析：在第1题中，思考充分，对金币使用与获取步骤进行了计算的优化。在第2题中，未能运用昨天所学的知识建立正确的模型。在第3题中，对分类讨论思想应用不充分。在第4题中，考虑了当数据较小时的得分方案，但对深度优先搜索的代码熟练度较低，代码出现了错误，导致严重失分。表现较为优良，基本能够掌握核心知识并解决大多数题目。但在细节处理和稳定性方面仍有提升空间。思路整体清晰，但在时间把控和题目细节上偶有疏漏。后续建议在复盘时更关注错题，总结薄弱环节，提升整体解题准确度。 | R10: =IF(H10=100,"测试成绩分析：在第1题中，思考充分，对金币使用与获取步骤进行了计算的优化。","测试成绩分析：在第1题中，未能对金币使用与获取步骤进行数学上的运算优化。")&IF(I10=100,"在第2题中，成功建立了正确的模型并运用了昨天所学的知识。","在第2题中，未能运用昨天所学的知识建立正确的模型。")&IF(J10>0,"在第3题中，使用了分类讨论的方法，成功取得了应得的分数。","在第3题中，对分类讨论思想应用不充分。")&IF(K10>0,"在第4题中，考虑了当数据较小时的得分方案，通过深度优先搜索取得了分数。","在第4题中，考虑了当数据较小时的得分方案，但对深度优先搜索的代码熟练度较低，代码出现了错误，导致严重失分。") -> 测试成绩分析：在第1题中，思考充分，对金币使用与获取步骤进行了计算的优化。在第2题中，未能运用昨天所学的知识建立正确的模型。在第3题中，对分类讨论思想应用不充分。在第4题中，考虑了当数据较小时的得分方案，但对深度优先搜索的代码熟练度较低，代码出现了错误，导致严重失分。 | S10: 上午学了跃迁回路题目中的数学技巧和前缀和维护的技巧，对贪吃蛇的思路有了更深刻的理解。然后复习了一下对拍，好东西，但是暴力和数据生成有时候比较麻烦 下午考试，T1不用多说，模拟就行，差点过于暴力TLE了，好在多犹豫了一下避免了问题，有时候即使正确也需要考虑一下在极端数据下的复杂度问题 T2和昨天T2其实很像，但是和Excel打了好久自由搏击。其实数学上证明成立就无需浪费时间研究数据了。还有，线段树和翻倍的数组空间也要开两倍！一般样例不会那么极端炸不掉但是出来RE就老实了。吸取一下经验 T3计数题有点难受，感觉我思路是对的，本来能得50，但是一个0和1的特判因为临界情况没研究就炸了。总的来讲收获了一些从数据范围和题意中获取有用信息的技巧和一些数学技巧（这题算了我七页草稿纸） T4学到了，巧妙地运用并查集，以及集合论意义上的双射关系来解决和简化树上的复杂dp问题，并且理解无根树上的一些dp思路 | T10: 上文已经说过，主要是T2和EXCEL搏斗浪费了好久，因为我自己证明出来的结论放进excel里跑不对，（估计是我公式输错了），不过写成程序就对了，但是数组忘记翻倍了啊啊啊。T3可能多花一点时间能做出来，但是主要犯的错误是我在反证法证明菊花图最优性的时候，证明了q>1的情况，忘记考虑临界点1和另一种情况0了，于是T3不幸爆零 | U10: 一些图论问题中的dp技巧。还有一些数据结构以及算法中的实现细节。最后还要需要多加练习学习一些涉及图论的离散数学和组合数学问题
A11: 6 | B11: 张允泽 | C11: 张允泽 | D11: A- | E11: A- | F11: A- | G11: 130 | H11: 100 | I11: 30 | J11: 0 | K11: 0 | L11: =IF(H11=0,"C",IF(RANK(H11,$H$5:$H$20,0)<=ROUNDUP((COUNT($H$5:$H$20)-COUNTIF($H$5:$H$20,0))*25%,0),"A",IF(RANK(H11,$H$5:$H$20,0)<=ROUNDUP((COUNT($H$5:$H$20)-COUNTIF($H$5:$H$20,0))*50%,0),"A-",IF(RANK(H11,$H$5:$H$20,0)<=ROUNDUP((COUNT($H$5:$H$20)-COUNTIF($H$5:$H$20,0))*75%,0),"B+","B")))) -> A | M11: =IF(I11=0,"C",IF(RANK(I11,$I$5:$I$20,0)<=ROUNDUP((COUNT($I$5:$I$20)-COUNTIF($I$5:$I$20,0))*25%,0),"A",IF(RANK(I11,$I$5:$I$20,0)<=ROUNDUP((COUNT($I$5:$I$20)-COUNTIF($I$5:$I$20,0))*50%,0),"A-",IF(RANK(I11,$I$5:$I$20,0)<=ROUNDUP((COUNT($I$5:$I$20)-COUNTIF($I$5:$I$20,0))*75%,0),"B+","B")))) -> B+ | N11: =IF(J11=0,"C",IF(RANK(J11,$J$5:$J$20,0)<=ROUNDUP((COUNT($J$5:$J$20)-COUNTIF($J$5:$J$20,0))*25%,0),"A",IF(RANK(J11,$J$5:$J$20,0)<=ROUNDUP((COUNT($J$5:$J$20)-COUNTIF($J$5:$J$20,0))*50%,0),"A-",IF(RANK(J11,$J$5:$J$20,0)<=ROUNDUP((COUNT($J$5:$J$20)-COUNTIF($J$5:$J$20,0))*75%,0),"B+","B")))) -> C | O11: =IF(K11=0,"C",IF(RANK(K11,$K$5:$K$20,0)<=ROUNDUP((COUNT($K$5:$K$20)-COUNTIF($K$5:$K$20,0))*25%,0),"A",IF(RANK(K11,$K$5:$K$20,0)<=ROUNDUP((COUNT($K$5:$K$20)-COUNTIF($K$5:$K$20,0))*50%,0),"A-",IF(RANK(K11,$K$5:$K$20,0)<=ROUNDUP((COUNT($K$5:$K$20)-COUNTIF($K$5:$K$20,0))*75%,0),"B+","B")))) -> C | P11: =IF(G11<20,"C",IF(RANK(G11,$G$5:$G$20,0)<=ROUNDUP(COUNT($G$5:$G$20)*25%,0),"A",IF(RANK(G11,$G$5:$G$20,0)<=ROUNDUP(COUNT($G$5:$G$20)*50%,0),"A-",IF(RANK(G11,$G$5:$G$20,0)<=ROUNDUP(COUNT($G$5:$G$20)*75%,0),"B+","B")))) -> A- | Q11: 今天的课回顾了之前几天做过的题目，允泽积极的参与补题，有问题能够积极的向老师提问，不过需要注意补题不光要补正解，也需要补一下部分分代码。允泽在本次测试中考的非常好。在第一道题中允泽获取了部分分，允泽能够发现题目的性质，通过贪心去实现代码，但是没有考虑到时间复杂度的问题导致超时，非常可惜。在第二道题中，允泽能很好利用拆环的方法把题目变得简化，成功实现了部分分，但是对于找区间最大值的数据结构，允泽还是有些不是特别熟悉，后续可以加强对于数据结构的练习。总体来说允泽本次发挥的不错，能把暴力代码全部写对，但是允泽在处理分类讨论问题时，需要多考虑一些情况，以及需要加强处理题目部分分的代码能力，继续加油。 | R11: =IF(H11=100,"测试成绩分析：在第1题中，思考充分，对金币使用与获取步骤进行了计算的优化。","测试成绩分析：在第1题中，未能对金币使用与获取步骤进行数学上的运算优化。")&IF(I11=100,"在第2题中，成功建立了正确的模型并运用了昨天所学的知识。","在第2题中，未能运用昨天所学的知识建立正确的模型。")&IF(J11>0,"在第3题中，使用了分类讨论的方法，成功取得了应得的分数。","在第3题中，对分类讨论思想应用不充分。")&IF(K11>0,"在第4题中，考虑了当数据较小时的得分方案，通过深度优先搜索取得了分数。","在第4题中，考虑了当数据较小时的得分方案，但对深度优先搜索的代码熟练度较低，代码出现了错误，导致严重失分。") -> 测试成绩分析：在第1题中，思考充分，对金币使用与获取步骤进行了计算的优化。在第2题中，未能运用昨天所学的知识建立正确的模型。在第3题中，对分类讨论思想应用不充分。在第4题中，考虑了当数据较小时的得分方案，但对深度优先搜索的代码熟练度较低，代码出现了错误，导致严重失分。 | S11: 今天主要练习的是复赛的知识，把20年真题“贪吃蛇”的具体思路过了一遍：先将所有的蛇按力量排序后开始按博弈论思考，先从最强蛇开始思考，会有三种情况， 1.吃完还是最强（随便吃）； 2.吃完不是最弱（还是吃）； 3.吃完变成最弱了； 从第三个情况开始就要继续考虑次强蛇在下一轮的决策； 1.如果次强蛇选择吃，那第三种情况就不能吃； 2.次强蛇不吃，那这次就吃，然后结束； 对于次强蛇的决策，又要与最强蛇一样考虑，由此可以递归下去，一直到其中一条蛇选择不吃或者最后只剩下两条蛇，此时就可以结束递归； 除此以外，还学习了复赛对于自己不确定的思路代码的检验方法，对拍： 1.准备一份答案保证正确但是速度较慢的暴力代码（一定要保证答案是正确的）； 2.运行之后保留exe文件； 3.将自己不确定的代码运行并得到exe； 4.写一份随机出数据的代码（保证暴力能快速解决），利用暴力代码的可执行文件得到正解，再与另一份代码的答案对比，正确就下一个数据，否则输出数据，这时候就获得了错解，可以依次去寻找逻辑错误 今天的测试讲评中也学习到了一些东西，如： T2运用破环为链的方法将环上最值转换为线性的区间最值问题； T3古堡法阵将图上问题转化为O（1）数学问题，由数据范围分类讨论求解 T4训猫由线性数据上可以选择最优段落联想到树上选择最优子树的方案，由此转向依靠求点的深度，LCA等求解最优解。 | T11: 测试中T1糖果游戏，再将while循环暴力修改r值优化为o（1）除法求解后误将O(n)的时间复杂度分析为O(n^2)的复杂度，耗费了大量时间寻求更优解，导致后续题目时间不足没能得到更多分数。T2勇者比太郎与昨天的跃迁回路是同样的思路，但忘记了具体解法而只能获取暴力枚举的30分。 | U11: 在以后的OI赛制测试中，优化做题测略，优先获取部分，再选择把握最大的题目求更优解，注意时间分配，在由不确定的思路时可以灵活运用对拍方法检验，防止思路错误而爆零，在发现数据范围过大时，应当思考如何转化为数学题目分类讨论O（1）求解，灵活运用题目特殊性质。在遇到博弈论题目时通过站在不同方面分析题目，尽可能将各种情况分类讨论出来，再依靠递归等方法用程序求解。
A12: 7 | B12: 郭维皓 | C12: 郭维皓 | D12: A- | E12: A- | F12: A- | G12: 130 | H12: 100 | I12: 30 | J12: 0 | L12: =IF(H12=0,"C",IF(RANK(H12,$H$5:$H$20,0)<=ROUNDUP((COUNT($H$5:$H$20)-COUNTIF($H$5:$H$20,0))*25%,0),"A",IF(RANK(H12,$H$5:$H$20,0)<=ROUNDUP((COUNT($H$5:$H$20)-COUNTIF($H$5:$H$20,0))*50%,0),"A-",IF(RANK(H12,$H$5:$H$20,0)<=ROUNDUP((COUNT($H$5:$H$20)-COUNTIF($H$5:$H$20,0))*75%,0),"B+","B")))) -> A | M12: =IF(I12=0,"C",IF(RANK(I12,$I$5:$I$20,0)<=ROUNDUP((COUNT($I$5:$I$20)-COUNTIF($I$5:$I$20,0))*25%,0),"A",IF(RANK(I12,$I$5:$I$20,0)<=ROUNDUP((COUNT($I$5:$I$20)-COUNTIF($I$5:$I$20,0))*50%,0),"A-",IF(RANK(I12,$I$5:$I$20,0)<=ROUNDUP((COUNT($I$5:$I$20)-COUNTIF($I$5:$I$20,0))*75%,0),"B+","B")))) -> B+ | N12: =IF(J12=0,"C",IF(RANK(J12,$J$5:$J$20,0)<=ROUNDUP((COUNT($J$5:$J$20)-COUNTIF($J$5:$J$20,0))*25%,0),"A",IF(RANK(J12,$J$5:$J$20,0)<=ROUNDUP((COUNT($J$5:$J$20)-COUNTIF($J$5:$J$20,0))*50%,0),"A-",IF(RANK(J12,$J$5:$J$20,0)<=ROUNDUP((COUNT($J$5:$J$20)-COUNTIF($J$5:$J$20,0))*75%,0),"B+","B")))) -> C | O12: =IF(K12=0,"C",IF(RANK(K12,$K$5:$K$20,0)<=ROUNDUP((COUNT($K$5:$K$20)-COUNTIF($K$5:$K$20,0))*25%,0),"A",IF(RANK(K12,$K$5:$K$20,0)<=ROUNDUP((COUNT($K$5:$K$20)-COUNTIF($K$5:$K$20,0))*50%,0),"A-",IF(RANK(K12,$K$5:$K$20,0)<=ROUNDUP((COUNT($K$5:$K$20)-COUNTIF($K$5:$K$20,0))*75%,0),"B+","B")))) -> C | P12: =IF(G12<20,"C",IF(RANK(G12,$G$5:$G$20,0)<=ROUNDUP(COUNT($G$5:$G$20)*25%,0),"A",IF(RANK(G12,$G$5:$G$20,0)<=ROUNDUP(COUNT($G$5:$G$20)*50%,0),"A-",IF(RANK(G12,$G$5:$G$20,0)<=ROUNDUP(COUNT($G$5:$G$20)*75%,0),"B+","B")))) -> A- | Q12: ="今天课堂主要解析了昨日测试中的第3题与第4题，第3题帮助大家梳理了动态规划的思路与优化技巧，第4题则再次应用了哈希方法解决字符串相关问题。今日测试采用OI赛制，贴近CSP-S复赛的实际氛围，"&C12&"在本次测试中的评级为"&P12&"。"&R12&IF(P12="A","整体发挥出色，能够熟练掌握知识并灵活运用到复杂题目中，思路清晰、逻辑严谨。在课后补题时，积极与同学分享思路，并协助解决代码上的问题，展现了良好的沟通和协作能力。期待能保持钻研精神，进一步拓展竞赛经验，持续提升自我。",IF(P12="A-","表现较为优良，基本能够掌握核心知识并解决大多数题目。但在细节处理和稳定性方面仍有提升空间。思路整体清晰，但在时间把控和题目细节上偶有疏漏。后续建议在复盘时更关注错题，总结薄弱环节，提升整体解题准确度。",IF(P12="B+","整体表现良好，掌握了大部分知识点，并能完成多数任务。但在分析题目时的深度和解题的完整性方面还有待加强。学习态度积极，后续应更加注重系统训练，多积累与归纳解题方法，从而提升稳定性和效率。",IF(P12="B","完成情况基本可以，能够理解部分知识点，但在综合运用与解决复杂问题时还存在一定困难。遇到挑战性较强的题目时容易受阻，说明基础尚需进一步扎实。建议分阶段巩固基础，并逐渐增加难度训练，以提升整体水平。",IF(P12="C","此次测试发挥不理想，暴露出一定的知识漏洞与方法不足。学习过程缺乏连贯性，遇到新题时往往难以找到突破口。建议从核心基础入手，逐步构建完整的知识体系，并针对性地弥补短板，以实现稳步提升。",""))))) -> 今天课堂主要解析了昨日测试中的第3题与第4题，第3题帮助大家梳理了动态规划的思路与优化技巧，第4题则再次应用了哈希方法解决字符串相关问题。今日测试采用OI赛制，贴近CSP-S复赛的实际氛围，郭维皓在本次测试中的评级为A-。测试成绩分析：在第1题中，思考充分，对金币使用与获取步骤进行了计算的优化。在第2题中，未能运用昨天所学的知识建立正确的模型。在第3题中，对分类讨论思想应用不充分。在第4题中，考虑了当数据较小时的得分方案，但对深度优先搜索的代码熟练度较低，代码出现了错误，导致严重失分。表现较为优良，基本能够掌握核心知识并解决大多数题目。但在细节处理和稳定性方面仍有提升空间。思路整体清晰，但在时间把控和题目细节上偶有疏漏。后续建议在复盘时更关注错题，总结薄弱环节，提升整体解题准确度。 | R12: =IF(H12=100,"测试成绩分析：在第1题中，思考充分，对金币使用与获取步骤进行了计算的优化。","测试成绩分析：在第1题中，未能对金币使用与获取步骤进行数学上的运算优化。")&IF(I12=100,"在第2题中，成功建立了正确的模型并运用了昨天所学的知识。","在第2题中，未能运用昨天所学的知识建立正确的模型。")&IF(J12>0,"在第3题中，使用了分类讨论的方法，成功取得了应得的分数。","在第3题中，对分类讨论思想应用不充分。")&IF(K12>0,"在第4题中，考虑了当数据较小时的得分方案，通过深度优先搜索取得了分数。","在第4题中，考虑了当数据较小时的得分方案，但对深度优先搜索的代码熟练度较低，代码出现了错误，导致严重失分。") -> 测试成绩分析：在第1题中，思考充分，对金币使用与获取步骤进行了计算的优化。在第2题中，未能运用昨天所学的知识建立正确的模型。在第3题中，对分类讨论思想应用不充分。在第4题中，考虑了当数据较小时的得分方案，但对深度优先搜索的代码熟练度较低，代码出现了错误，导致严重失分。 | S12: 维护区间最值，博弈论，对拍，贪心，分类讨论，LCA，并查集，DP，破环成链 | T12: 上午的跃迁回路没有真正理解，导致模拟赛只能写暴力 T3没有熟练使用分讨 T4纯神秘 | U12: 加强注意力
A13: 7 | B13: 陈一实 | C13: 陈一实 | D13: A- | E13: A- | F13: A- | G13: 116 | H13: 100 | I13: 14 | J13: 0 | K13: 2 | L13: =IF(H13=0,"C",IF(RANK(H13,$H$5:$H$20,0)<=ROUNDUP((COUNT($H$5:$H$20)-COUNTIF($H$5:$H$20,0))*25%,0),"A",IF(RANK(H13,$H$5:$H$20,0)<=ROUNDUP((COUNT($H$5:$H$20)-COUNTIF($H$5:$H$20,0))*50%,0),"A-",IF(RANK(H13,$H$5:$H$20,0)<=ROUNDUP((COUNT($H$5:$H$20)-COUNTIF($H$5:$H$20,0))*75%,0),"B+","B")))) -> A | M13: =IF(I13=0,"C",IF(RANK(I13,$I$5:$I$20,0)<=ROUNDUP((COUNT($I$5:$I$20)-COUNTIF($I$5:$I$20,0))*25%,0),"A",IF(RANK(I13,$I$5:$I$20,0)<=ROUNDUP((COUNT($I$5:$I$20)-COUNTIF($I$5:$I$20,0))*50%,0),"A-",IF(RANK(I13,$I$5:$I$20,0)<=ROUNDUP((COUNT($I$5:$I$20)-COUNTIF($I$5:$I$20,0))*75%,0),"B+","B")))) -> B | N13: =IF(J13=0,"C",IF(RANK(J13,$J$5:$J$20,0)<=ROUNDUP((COUNT($J$5:$J$20)-COUNTIF($J$5:$J$20,0))*25%,0),"A",IF(RANK(J13,$J$5:$J$20,0)<=ROUNDUP((COUNT($J$5:$J$20)-COUNTIF($J$5:$J$20,0))*50%,0),"A-",IF(RANK(J13,$J$5:$J$20,0)<=ROUNDUP((COUNT($J$5:$J$20)-COUNTIF($J$5:$J$20,0))*75%,0),"B+","B")))) -> C | O13: =IF(K13=0,"C",IF(RANK(K13,$K$5:$K$20,0)<=ROUNDUP((COUNT($K$5:$K$20)-COUNTIF($K$5:$K$20,0))*25%,0),"A",IF(RANK(K13,$K$5:$K$20,0)<=ROUNDUP((COUNT($K$5:$K$20)-COUNTIF($K$5:$K$20,0))*50%,0),"A-",IF(RANK(K13,$K$5:$K$20,0)<=ROUNDUP((COUNT($K$5:$K$20)-COUNTIF($K$5:$K$20,0))*75%,0),"B+","B")))) -> B+ | P13: =IF(G13<20,"C",IF(RANK(G13,$G$5:$G$20,0)<=ROUNDUP(COUNT($G$5:$G$20)*25%,0),"A",IF(RANK(G13,$G$5:$G$20,0)<=ROUNDUP(COUNT($G$5:$G$20)*50%,0),"A-",IF(RANK(G13,$G$5:$G$20,0)<=ROUNDUP(COUNT($G$5:$G$20)*75%,0),"B+","B")))) -> B+ | Q13: ="今天课堂主要解析了昨日测试中的第3题与第4题，第3题帮助大家梳理了动态规划的思路与优化技巧，第4题则再次应用了哈希方法解决字符串相关问题。今日测试采用OI赛制，贴近CSP-S复赛的实际氛围，"&C13&"在本次测试中的评级为"&P13&"。"&R13&IF(P13="A","整体发挥出色，能够熟练掌握知识并灵活运用到复杂题目中，思路清晰、逻辑严谨。在课后补题时，积极与同学分享思路，并协助解决代码上的问题，展现了良好的沟通和协作能力。期待能保持钻研精神，进一步拓展竞赛经验，持续提升自我。",IF(P13="A-","表现较为优良，基本能够掌握核心知识并解决大多数题目。但在细节处理和稳定性方面仍有提升空间。思路整体清晰，但在时间把控和题目细节上偶有疏漏。后续建议在复盘时更关注错题，总结薄弱环节，提升整体解题准确度。",IF(P13="B+","整体表现良好，掌握了大部分知识点，并能完成多数任务。但在分析题目时的深度和解题的完整性方面还有待加强。学习态度积极，后续应更加注重系统训练，多积累与归纳解题方法，从而提升稳定性和效率。",IF(P13="B","完成情况基本可以，能够理解部分知识点，但在综合运用与解决复杂问题时还存在一定困难。遇到挑战性较强的题目时容易受阻，说明基础尚需进一步扎实。建议分阶段巩固基础，并逐渐增加难度训练，以提升整体水平。",IF(P13="C","此次测试发挥不理想，暴露出一定的知识漏洞与方法不足。学习过程缺乏连贯性，遇到新题时往往难以找到突破口。建议从核心基础入手，逐步构建完整的知识体系，并针对性地弥补短板，以实现稳步提升。",""))))) -> 今天课堂主要解析了昨日测试中的第3题与第4题，第3题帮助大家梳理了动态规划的思路与优化技巧，第4题则再次应用了哈希方法解决字符串相关问题。今日测试采用OI赛制，贴近CSP-S复赛的实际氛围，陈一实在本次测试中的评级为B+。测试成绩分析：在第1题中，思考充分，对金币使用与获取步骤进行了计算的优化。在第2题中，未能运用昨天所学的知识建立正确的模型。在第3题中，对分类讨论思想应用不充分。在第4题中，考虑了当数据较小时的得分方案，通过深度优先搜索取得了分数。整体表现良好，掌握了大部分知识点，并能完成多数任务。但在分析题目时的深度和解题的完整性方面还有待加强。学习态度积极，后续应更加注重系统训练，多积累与归纳解题方法，从而提升稳定性和效率。 | R13: =IF(H13=100,"测试成绩分析：在第1题中，思考充分，对金币使用与获取步骤进行了计算的优化。","测试成绩分析：在第1题中，未能对金币使用与获取步骤进行数学上的运算优化。")&IF(I13=100,"在第2题中，成功建立了正确的模型并运用了昨天所学的知识。","在第2题中，未能运用昨天所学的知识建立正确的模型。")&IF(J13>0,"在第3题中，使用了分类讨论的方法，成功取得了应得的分数。","在第3题中，对分类讨论思想应用不充分。")&IF(K13>0,"在第4题中，考虑了当数据较小时的得分方案，通过深度优先搜索取得了分数。","在第4题中，考虑了当数据较小时的得分方案，但对深度优先搜索的代码熟练度较低，代码出现了错误，导致严重失分。") -> 测试成绩分析：在第1题中，思考充分，对金币使用与获取步骤进行了计算的优化。在第2题中，未能运用昨天所学的知识建立正确的模型。在第3题中，对分类讨论思想应用不充分。在第4题中，考虑了当数据较小时的得分方案，通过深度优先搜索取得了分数。 | S13: 上 午 主 要 是 讲 题 分 别 讲 了 跃 迁 回 路 和 贪 吃 蛇 ， 下午 讲了 测 试 的 几 道 题 目 学 习 了 如 何 对 拍 | T13: 情况 没有 考虑 全面，导致 漏掉了许多 错误 样例 | U13: 各个方面 都有欠缺，还 需要 学习
A14: 8 | B14: 张岳琳 | C14: 张岳琳 | D14: B+ | E14: B+ | F14: A- | G14: 92 | H14: 50 | I14: 36 | J14: 0 | K14: 6 | L14: =IF(H14=0,"C",IF(RANK(H14,$H$5:$H$20,0)<=ROUNDUP((COUNT($H$5:$H$20)-COUNTIF($H$5:$H$20,0))*25%,0),"A",IF(RANK(H14,$H$5:$H$20,0)<=ROUNDUP((COUNT($H$5:$H$20)-COUNTIF($H$5:$H$20,0))*50%,0),"A-",IF(RANK(H14,$H$5:$H$20,0)<=ROUNDUP((COUNT($H$5:$H$20)-COUNTIF($H$5:$H$20,0))*75%,0),"B+","B")))) -> B+ | M14: =IF(I14=0,"C",IF(RANK(I14,$I$5:$I$20,0)<=ROUNDUP((COUNT($I$5:$I$20)-COUNTIF($I$5:$I$20,0))*25%,0),"A",IF(RANK(I14,$I$5:$I$20,0)<=ROUNDUP((COUNT($I$5:$I$20)-COUNTIF($I$5:$I$20,0))*50%,0),"A-",IF(RANK(I14,$I$5:$I$20,0)<=ROUNDUP((COUNT($I$5:$I$20)-COUNTIF($I$5:$I$20,0))*75%,0),"B+","B")))) -> A- | N14: =IF(J14=0,"C",IF(RANK(J14,$J$5:$J$20,0)<=ROUNDUP((COUNT($J$5:$J$20)-COUNTIF($J$5:$J$20,0))*25%,0),"A",IF(RANK(J14,$J$5:$J$20,0)<=ROUNDUP((COUNT($J$5:$J$20)-COUNTIF($J$5:$J$20,0))*50%,0),"A-",IF(RANK(J14,$J$5:$J$20,0)<=ROUNDUP((COUNT($J$5:$J$20)-COUNTIF($J$5:$J$20,0))*75%,0),"B+","B")))) -> C | O14: =IF(K14=0,"C",IF(RANK(K14,$K$5:$K$20,0)<=ROUNDUP((COUNT($K$5:$K$20)-COUNTIF($K$5:$K$20,0))*25%,0),"A",IF(RANK(K14,$K$5:$K$20,0)<=ROUNDUP((COUNT($K$5:$K$20)-COUNTIF($K$5:$K$20,0))*50%,0),"A-",IF(RANK(K14,$K$5:$K$20,0)<=ROUNDUP((COUNT($K$5:$K$20)-COUNTIF($K$5:$K$20,0))*75%,0),"B+","B")))) -> A- | P14: =IF(G14<20,"C",IF(RANK(G14,$G$5:$G$20,0)<=ROUNDUP(COUNT($G$5:$G$20)*25%,0),"A",IF(RANK(G14,$G$5:$G$20,0)<=ROUNDUP(COUNT($G$5:$G$20)*50%,0),"A-",IF(RANK(G14,$G$5:$G$20,0)<=ROUNDUP(COUNT($G$5:$G$20)*75%,0),"B+","B")))) -> B+ | Q14: 今天的课回顾了之前几天做过的题目，岳琳积极的参与补题，不过需要注意补题不光要补正解，也需要补一下部分分代码。岳琳在本次测试中考的非常好。在第一道题中岳琳获取了部分分，岳琳能够发现题目的性质，通过贪心去实现代码，但是没有考虑到时间复杂度的问题导致超时，非常可惜。在第二道题中，岳琳实现了暴力代码，能够使用拆环成链的方式把题目变得简化，不过没有想出正解的解法。总体来说岳琳本次发挥的不错，能把能写的暴力代码写对，但是需要注意第一题是需要尽量拿满分的，在做的时候需要多加思考，以及需要加强处理题目部分分的代码能力，继续加油。 | R14: =IF(H14=100,"测试成绩分析：在第1题中，思考充分，对金币使用与获取步骤进行了计算的优化。","测试成绩分析：在第1题中，未能对金币使用与获取步骤进行数学上的运算优化。")&IF(I14=100,"在第2题中，成功建立了正确的模型并运用了昨天所学的知识。","在第2题中，未能运用昨天所学的知识建立正确的模型。")&IF(J14>0,"在第3题中，使用了分类讨论的方法，成功取得了应得的分数。","在第3题中，对分类讨论思想应用不充分。")&IF(K14>0,"在第4题中，考虑了当数据较小时的得分方案，通过深度优先搜索取得了分数。","在第4题中，考虑了当数据较小时的得分方案，但对深度优先搜索的代码熟练度较低，代码出现了错误，导致严重失分。") -> 测试成绩分析：在第1题中，未能对金币使用与获取步骤进行数学上的运算优化。在第2题中，未能运用昨天所学的知识建立正确的模型。在第3题中，对分类讨论思想应用不充分。在第4题中，考虑了当数据较小时的得分方案，通过深度优先搜索取得了分数。 | S14: 今天学到了： ·复赛小寄巧：对拍，造数据模拟，检验思路和代码是否筝雀： 1、写一份暴力代码 2、写一个按自己思路写的代码 3、写一个程序按题目性质生成随机数据 4、写一个比对程序验证 ·解决环路：1、下标取模 1、破环为链，复制变2倍长度的数组（例如跃迁回路与模拟题第2题，破环为链用区间最值的思路做） ·根据题目性质用数据结构及其衍生算法解题（例如模拟题第4题根据猫往另一个方向跳跃后反方向都不可达的性质用树存储并 利用并查集+LCA的思路解题） ·贪吃蛇思路：考虑最强蛇吃了最弱蛇是否会变成最弱蛇，如果不会就吃（因为这样无论如何次强蛇也不能在吃了削弱版的最强蛇后还能活下来），如果会就按此思路考虑次强蛇会不会吃削弱版最强蛇，直到次强蛇吃了最弱蛇（削弱版最强蛇）不会变成最弱蛇停止考虑，再回溯考虑如果当前次强蛇不能吃削弱版最强蛇，最强蛇就吃最弱蛇，反之不吃。 回忆起了菊花图（模拟题第3题组成菊花图为可保证任意两点间的距离最小） | T14: ·第1题排序代码写错导致过不了样例 ·第2题区间求最值模板代码记错导致写不出来 ·因为在第2题优化死磕太久导致3、4题思考时间不足 | U14: 多复习常用模板代码，以后考试写完好写的暴力代码后立即做下一题，最后再权衡是写难写的暴力代码还是优化好写的暴力代码，并且多结合暴力思路优化。
A15: 8 | B15: 邓宇然 | C15: 邓宇然 | D15: B+ | E15: B+ | F15: B+ | G15: 92 | H15: 50 | I15: 42 | K15: 0 | L15: =IF(H15=0,"C",IF(RANK(H15,$H$5:$H$20,0)<=ROUNDUP((COUNT($H$5:$H$20)-COUNTIF($H$5:$H$20,0))*25%,0),"A",IF(RANK(H15,$H$5:$H$20,0)<=ROUNDUP((COUNT($H$5:$H$20)-COUNTIF($H$5:$H$20,0))*50%,0),"A-",IF(RANK(H15,$H$5:$H$20,0)<=ROUNDUP((COUNT($H$5:$H$20)-COUNTIF($H$5:$H$20,0))*75%,0),"B+","B")))) -> B+ | M15: =IF(I15=0,"C",IF(RANK(I15,$I$5:$I$20,0)<=ROUNDUP((COUNT($I$5:$I$20)-COUNTIF($I$5:$I$20,0))*25%,0),"A",IF(RANK(I15,$I$5:$I$20,0)<=ROUNDUP((COUNT($I$5:$I$20)-COUNTIF($I$5:$I$20,0))*50%,0),"A-",IF(RANK(I15,$I$5:$I$20,0)<=ROUNDUP((COUNT($I$5:$I$20)-COUNTIF($I$5:$I$20,0))*75%,0),"B+","B")))) -> A- | N15: =IF(J15=0,"C",IF(RANK(J15,$J$5:$J$20,0)<=ROUNDUP((COUNT($J$5:$J$20)-COUNTIF($J$5:$J$20,0))*25%,0),"A",IF(RANK(J15,$J$5:$J$20,0)<=ROUNDUP((COUNT($J$5:$J$20)-COUNTIF($J$5:$J$20,0))*50%,0),"A-",IF(RANK(J15,$J$5:$J$20,0)<=ROUNDUP((COUNT($J$5:$J$20)-COUNTIF($J$5:$J$20,0))*75%,0),"B+","B")))) -> C | O15: =IF(K15=0,"C",IF(RANK(K15,$K$5:$K$20,0)<=ROUNDUP((COUNT($K$5:$K$20)-COUNTIF($K$5:$K$20,0))*25%,0),"A",IF(RANK(K15,$K$5:$K$20,0)<=ROUNDUP((COUNT($K$5:$K$20)-COUNTIF($K$5:$K$20,0))*50%,0),"A-",IF(RANK(K15,$K$5:$K$20,0)<=ROUNDUP((COUNT($K$5:$K$20)-COUNTIF($K$5:$K$20,0))*75%,0),"B+","B")))) -> C | P15: =IF(G15<20,"C",IF(RANK(G15,$G$5:$G$20,0)<=ROUNDUP(COUNT($G$5:$G$20)*25%,0),"A",IF(RANK(G15,$G$5:$G$20,0)<=ROUNDUP(COUNT($G$5:$G$20)*50%,0),"A-",IF(RANK(G15,$G$5:$G$20,0)<=ROUNDUP(COUNT($G$5:$G$20)*75%,0),"B+","B")))) -> B+ | Q15: ="今天课堂主要解析了昨日测试中的第3题与第4题，第3题帮助大家梳理了动态规划的思路与优化技巧，第4题则再次应用了哈希方法解决字符串相关问题。今日测试采用OI赛制，贴近CSP-S复赛的实际氛围，"&C15&"在本次测试中的评级为"&P15&"。"&R15&IF(P15="A","整体发挥出色，能够熟练掌握知识并灵活运用到复杂题目中，思路清晰、逻辑严谨。在课后补题时，积极与同学分享思路，并协助解决代码上的问题，展现了良好的沟通和协作能力。期待能保持钻研精神，进一步拓展竞赛经验，持续提升自我。",IF(P15="A-","表现较为优良，基本能够掌握核心知识并解决大多数题目。但在细节处理和稳定性方面仍有提升空间。思路整体清晰，但在时间把控和题目细节上偶有疏漏。后续建议在复盘时更关注错题，总结薄弱环节，提升整体解题准确度。",IF(P15="B+","整体表现良好，掌握了大部分知识点，并能完成多数任务。但在分析题目时的深度和解题的完整性方面还有待加强。学习态度积极，后续应更加注重系统训练，多积累与归纳解题方法，从而提升稳定性和效率。",IF(P15="B","完成情况基本可以，能够理解部分知识点，但在综合运用与解决复杂问题时还存在一定困难。遇到挑战性较强的题目时容易受阻，说明基础尚需进一步扎实。建议分阶段巩固基础，并逐渐增加难度训练，以提升整体水平。",IF(P15="C","此次测试发挥不理想，暴露出一定的知识漏洞与方法不足。学习过程缺乏连贯性，遇到新题时往往难以找到突破口。建议从核心基础入手，逐步构建完整的知识体系，并针对性地弥补短板，以实现稳步提升。",""))))) -> 今天课堂主要解析了昨日测试中的第3题与第4题，第3题帮助大家梳理了动态规划的思路与优化技巧，第4题则再次应用了哈希方法解决字符串相关问题。今日测试采用OI赛制，贴近CSP-S复赛的实际氛围，邓宇然在本次测试中的评级为B+。测试成绩分析：在第1题中，未能对金币使用与获取步骤进行数学上的运算优化。在第2题中，未能运用昨天所学的知识建立正确的模型。在第3题中，对分类讨论思想应用不充分。在第4题中，考虑了当数据较小时的得分方案，但对深度优先搜索的代码熟练度较低，代码出现了错误，导致严重失分。整体表现良好，掌握了大部分知识点，并能完成多数任务。但在分析题目时的深度和解题的完整性方面还有待加强。学习态度积极，后续应更加注重系统训练，多积累与归纳解题方法，从而提升稳定性和效率。 | R15: =IF(H15=100,"测试成绩分析：在第1题中，思考充分，对金币使用与获取步骤进行了计算的优化。","测试成绩分析：在第1题中，未能对金币使用与获取步骤进行数学上的运算优化。")&IF(I15=100,"在第2题中，成功建立了正确的模型并运用了昨天所学的知识。","在第2题中，未能运用昨天所学的知识建立正确的模型。")&IF(J15>0,"在第3题中，使用了分类讨论的方法，成功取得了应得的分数。","在第3题中，对分类讨论思想应用不充分。")&IF(K15>0,"在第4题中，考虑了当数据较小时的得分方案，通过深度优先搜索取得了分数。","在第4题中，考虑了当数据较小时的得分方案，但对深度优先搜索的代码熟练度较低，代码出现了错误，导致严重失分。") -> 测试成绩分析：在第1题中，未能对金币使用与获取步骤进行数学上的运算优化。在第2题中，未能运用昨天所学的知识建立正确的模型。在第3题中，对分类讨论思想应用不充分。在第4题中，考虑了当数据较小时的得分方案，但对深度优先搜索的代码熟练度较低，代码出现了错误，导致严重失分。 | S15: 今天学习了在OI赛制中使用对拍检测自己代码是否正确，并且补充了昨晚讲剩下的 “ 博弈论 ” 。 在 “ 跃迁回路 ” 和 “ 勇者比太郎 ” 中学习了破环成链的思想。 “ 古堡法阵 ” 中运用了分类讨论的思想并学习了通过看数据范围推测做法的技巧 “ 训猫 ” 中学习了如何从链上特性推导出树上特性 | T15: 在题目 “ 糖果游戏 ” 中不会优化代码的时间复杂度 ， 导致TLE错误； 且没有推理出 “ 古堡法阵 ” 中的多种情况与公式导致错误答案 未意识到 “ 跃迁回路 ” 和 “ 勇者比太郎 ” 是同类问题 ， 导致第二题只拿了部分分 //未意识到 “ 训猫 ” 是个树上问题 | U15: 多练习题目，活跃思维，做题时多联想，找到与其相似的的模板或者相似的题，更有利于完成题目，注意不要在一道题上耗费太多时间，不然会导致有些题目没时间做
A16: 9 | B16: 杜星澎 | C16: 杜星澎 | D16: B+ | E16: B+ | F16: B+ | G16: 82 | H16: 50 | I16: 30 | J16: 0 | K16: 2 | L16: =IF(H16=0,"C",IF(RANK(H16,$H$5:$H$20,0)<=ROUNDUP((COUNT($H$5:$H$20)-COUNTIF($H$5:$H$20,0))*25%,0),"A",IF(RANK(H16,$H$5:$H$20,0)<=ROUNDUP((COUNT($H$5:$H$20)-COUNTIF($H$5:$H$20,0))*50%,0),"A-",IF(RANK(H16,$H$5:$H$20,0)<=ROUNDUP((COUNT($H$5:$H$20)-COUNTIF($H$5:$H$20,0))*75%,0),"B+","B")))) -> B+ | M16: =IF(I16=0,"C",IF(RANK(I16,$I$5:$I$20,0)<=ROUNDUP((COUNT($I$5:$I$20)-COUNTIF($I$5:$I$20,0))*25%,0),"A",IF(RANK(I16,$I$5:$I$20,0)<=ROUNDUP((COUNT($I$5:$I$20)-COUNTIF($I$5:$I$20,0))*50%,0),"A-",IF(RANK(I16,$I$5:$I$20,0)<=ROUNDUP((COUNT($I$5:$I$20)-COUNTIF($I$5:$I$20,0))*75%,0),"B+","B")))) -> B+ | N16: =IF(J16=0,"C",IF(RANK(J16,$J$5:$J$20,0)<=ROUNDUP((COUNT($J$5:$J$20)-COUNTIF($J$5:$J$20,0))*25%,0),"A",IF(RANK(J16,$J$5:$J$20,0)<=ROUNDUP((COUNT($J$5:$J$20)-COUNTIF($J$5:$J$20,0))*50%,0),"A-",IF(RANK(J16,$J$5:$J$20,0)<=ROUNDUP((COUNT($J$5:$J$20)-COUNTIF($J$5:$J$20,0))*75%,0),"B+","B")))) -> C | O16: =IF(K16=0,"C",IF(RANK(K16,$K$5:$K$20,0)<=ROUNDUP((COUNT($K$5:$K$20)-COUNTIF($K$5:$K$20,0))*25%,0),"A",IF(RANK(K16,$K$5:$K$20,0)<=ROUNDUP((COUNT($K$5:$K$20)-COUNTIF($K$5:$K$20,0))*50%,0),"A-",IF(RANK(K16,$K$5:$K$20,0)<=ROUNDUP((COUNT($K$5:$K$20)-COUNTIF($K$5:$K$20,0))*75%,0),"B+","B")))) -> B+ | P16: =IF(G16<20,"C",IF(RANK(G16,$G$5:$G$20,0)<=ROUNDUP(COUNT($G$5:$G$20)*25%,0),"A",IF(RANK(G16,$G$5:$G$20,0)<=ROUNDUP(COUNT($G$5:$G$20)*50%,0),"A-",IF(RANK(G16,$G$5:$G$20,0)<=ROUNDUP(COUNT($G$5:$G$20)*75%,0),"B+","B")))) -> B+ | Q16: ="今天课堂主要解析了昨日测试中的第3题与第4题，第3题帮助大家梳理了动态规划的思路与优化技巧，第4题则再次应用了哈希方法解决字符串相关问题。今日测试采用OI赛制，贴近CSP-S复赛的实际氛围，"&C16&"在本次测试中的评级为"&P16&"。"&R16&IF(P16="A","整体发挥出色，能够熟练掌握知识并灵活运用到复杂题目中，思路清晰、逻辑严谨。在课后补题时，积极与同学分享思路，并协助解决代码上的问题，展现了良好的沟通和协作能力。期待能保持钻研精神，进一步拓展竞赛经验，持续提升自我。",IF(P16="A-","表现较为优良，基本能够掌握核心知识并解决大多数题目。但在细节处理和稳定性方面仍有提升空间。思路整体清晰，但在时间把控和题目细节上偶有疏漏。后续建议在复盘时更关注错题，总结薄弱环节，提升整体解题准确度。",IF(P16="B+","整体表现良好，掌握了大部分知识点，并能完成多数任务。但在分析题目时的深度和解题的完整性方面还有待加强。学习态度积极，后续应更加注重系统训练，多积累与归纳解题方法，从而提升稳定性和效率。",IF(P16="B","完成情况基本可以，能够理解部分知识点，但在综合运用与解决复杂问题时还存在一定困难。遇到挑战性较强的题目时容易受阻，说明基础尚需进一步扎实。建议分阶段巩固基础，并逐渐增加难度训练，以提升整体水平。",IF(P16="C","此次测试发挥不理想，暴露出一定的知识漏洞与方法不足。学习过程缺乏连贯性，遇到新题时往往难以找到突破口。建议从核心基础入手，逐步构建完整的知识体系，并针对性地弥补短板，以实现稳步提升。",""))))) -> 今天课堂主要解析了昨日测试中的第3题与第4题，第3题帮助大家梳理了动态规划的思路与优化技巧，第4题则再次应用了哈希方法解决字符串相关问题。今日测试采用OI赛制，贴近CSP-S复赛的实际氛围，杜星澎在本次测试中的评级为B+。测试成绩分析：在第1题中，未能对金币使用与获取步骤进行数学上的运算优化。在第2题中，未能运用昨天所学的知识建立正确的模型。在第3题中，对分类讨论思想应用不充分。在第4题中，考虑了当数据较小时的得分方案，通过深度优先搜索取得了分数。整体表现良好，掌握了大部分知识点，并能完成多数任务。但在分析题目时的深度和解题的完整性方面还有待加强。学习态度积极，后续应更加注重系统训练，多积累与归纳解题方法，从而提升稳定性和效率。 | R16: =IF(H16=100,"测试成绩分析：在第1题中，思考充分，对金币使用与获取步骤进行了计算的优化。","测试成绩分析：在第1题中，未能对金币使用与获取步骤进行数学上的运算优化。")&IF(I16=100,"在第2题中，成功建立了正确的模型并运用了昨天所学的知识。","在第2题中，未能运用昨天所学的知识建立正确的模型。")&IF(J16>0,"在第3题中，使用了分类讨论的方法，成功取得了应得的分数。","在第3题中，对分类讨论思想应用不充分。")&IF(K16>0,"在第4题中，考虑了当数据较小时的得分方案，通过深度优先搜索取得了分数。","在第4题中，考虑了当数据较小时的得分方案，但对深度优先搜索的代码熟练度较低，代码出现了错误，导致严重失分。") -> 测试成绩分析：在第1题中，未能对金币使用与获取步骤进行数学上的运算优化。在第2题中，未能运用昨天所学的知识建立正确的模型。在第3题中，对分类讨论思想应用不充分。在第4题中，考虑了当数据较小时的得分方案，通过深度优先搜索取得了分数。 | S16: 知识巩固：无； 新知学习；破环称链，对拍（神秘system小指令）。 | T16: T1，T2思路都很快想出了正解，可惜T1没有用除法快速计算，被卡了，50pts，T2线段树卡爆了，赛时还感觉$O(n log n)$的做法应该能过的，出分时以为必须写$O(n)$的单调队列或者贪心，结果正解也是$O(n log n)$的ST表，好吧，常数太大也是没救了； T3思路完全想错了，由于当$n = 3$时，菊花图和链长的一样，所以想也没想就开始推公式了，0pts； T4完全没有思路，居然骗分还有2pts。 | U16: 第一次写对拍，考场上试了一下感觉挺有用的，至少帮我把T1的思路改对了，感觉以后的OI赛制全靠他了。
A17: 9 | B17: 练皓文 | C17: 练皓文 | D17: B | E17: B | F17: B | G17: 80 | H17: 50 | I17: 30 | J17: 0 | K17: 0 | L17: =IF(H17=0,"C",IF(RANK(H17,$H$5:$H$20,0)<=ROUNDUP((COUNT($H$5:$H$20)-COUNTIF($H$5:$H$20,0))*25%,0),"A",IF(RANK(H17,$H$5:$H$20,0)<=ROUNDUP((COUNT($H$5:$H$20)-COUNTIF($H$5:$H$20,0))*50%,0),"A-",IF(RANK(H17,$H$5:$H$20,0)<=ROUNDUP((COUNT($H$5:$H$20)-COUNTIF($H$5:$H$20,0))*75%,0),"B+","B")))) -> B+ | M17: =IF(I17=0,"C",IF(RANK(I17,$I$5:$I$20,0)<=ROUNDUP((COUNT($I$5:$I$20)-COUNTIF($I$5:$I$20,0))*25%,0),"A",IF(RANK(I17,$I$5:$I$20,0)<=ROUNDUP((COUNT($I$5:$I$20)-COUNTIF($I$5:$I$20,0))*50%,0),"A-",IF(RANK(I17,$I$5:$I$20,0)<=ROUNDUP((COUNT($I$5:$I$20)-COUNTIF($I$5:$I$20,0))*75%,0),"B+","B")))) -> B+ | N17: =IF(J17=0,"C",IF(RANK(J17,$J$5:$J$20,0)<=ROUNDUP((COUNT($J$5:$J$20)-COUNTIF($J$5:$J$20,0))*25%,0),"A",IF(RANK(J17,$J$5:$J$20,0)<=ROUNDUP((COUNT($J$5:$J$20)-COUNTIF($J$5:$J$20,0))*50%,0),"A-",IF(RANK(J17,$J$5:$J$20,0)<=ROUNDUP((COUNT($J$5:$J$20)-COUNTIF($J$5:$J$20,0))*75%,0),"B+","B")))) -> C | O17: =IF(K17=0,"C",IF(RANK(K17,$K$5:$K$20,0)<=ROUNDUP((COUNT($K$5:$K$20)-COUNTIF($K$5:$K$20,0))*25%,0),"A",IF(RANK(K17,$K$5:$K$20,0)<=ROUNDUP((COUNT($K$5:$K$20)-COUNTIF($K$5:$K$20,0))*50%,0),"A-",IF(RANK(K17,$K$5:$K$20,0)<=ROUNDUP((COUNT($K$5:$K$20)-COUNTIF($K$5:$K$20,0))*75%,0),"B+","B")))) -> C | P17: =IF(G17<20,"C",IF(RANK(G17,$G$5:$G$20,0)<=ROUNDUP(COUNT($G$5:$G$20)*25%,0),"A",IF(RANK(G17,$G$5:$G$20,0)<=ROUNDUP(COUNT($G$5:$G$20)*50%,0),"A-",IF(RANK(G17,$G$5:$G$20,0)<=ROUNDUP(COUNT($G$5:$G$20)*75%,0),"B+","B")))) -> B | Q17: ="今天课堂主要解析了昨日测试中的第3题与第4题，第3题帮助大家梳理了动态规划的思路与优化技巧，第4题则再次应用了哈希方法解决字符串相关问题。今日测试采用OI赛制，贴近CSP-S复赛的实际氛围，"&C17&"在本次测试中的评级为"&P17&"。"&R17&IF(P17="A","整体发挥出色，能够熟练掌握知识并灵活运用到复杂题目中，思路清晰、逻辑严谨。在课后补题时，积极与同学分享思路，并协助解决代码上的问题，展现了良好的沟通和协作能力。期待能保持钻研精神，进一步拓展竞赛经验，持续提升自我。",IF(P17="A-","表现较为优良，基本能够掌握核心知识并解决大多数题目。但在细节处理和稳定性方面仍有提升空间。思路整体清晰，但在时间把控和题目细节上偶有疏漏。后续建议在复盘时更关注错题，总结薄弱环节，提升整体解题准确度。",IF(P17="B+","整体表现良好，掌握了大部分知识点，并能完成多数任务。但在分析题目时的深度和解题的完整性方面还有待加强。学习态度积极，后续应更加注重系统训练，多积累与归纳解题方法，从而提升稳定性和效率。",IF(P17="B","完成情况基本可以，能够理解部分知识点，但在综合运用与解决复杂问题时还存在一定困难。遇到挑战性较强的题目时容易受阻，说明基础尚需进一步扎实。建议分阶段巩固基础，并逐渐增加难度训练，以提升整体水平。",IF(P17="C","此次测试发挥不理想，暴露出一定的知识漏洞与方法不足。学习过程缺乏连贯性，遇到新题时往往难以找到突破口。建议从核心基础入手，逐步构建完整的知识体系，并针对性地弥补短板，以实现稳步提升。",""))))) -> 今天课堂主要解析了昨日测试中的第3题与第4题，第3题帮助大家梳理了动态规划的思路与优化技巧，第4题则再次应用了哈希方法解决字符串相关问题。今日测试采用OI赛制，贴近CSP-S复赛的实际氛围，练皓文在本次测试中的评级为B。测试成绩分析：在第1题中，未能对金币使用与获取步骤进行数学上的运算优化。在第2题中，未能运用昨天所学的知识建立正确的模型。在第3题中，对分类讨论思想应用不充分。在第4题中，考虑了当数据较小时的得分方案，但对深度优先搜索的代码熟练度较低，代码出现了错误，导致严重失分。完成情况基本可以，能够理解部分知识点，但在综合运用与解决复杂问题时还存在一定困难。遇到挑战性较强的题目时容易受阻，说明基础尚需进一步扎实。建议分阶段巩固基础，并逐渐增加难度训练，以提升整体水平。 | R17: =IF(H17=100,"测试成绩分析：在第1题中，思考充分，对金币使用与获取步骤进行了计算的优化。","测试成绩分析：在第1题中，未能对金币使用与获取步骤进行数学上的运算优化。")&IF(I17=100,"在第2题中，成功建立了正确的模型并运用了昨天所学的知识。","在第2题中，未能运用昨天所学的知识建立正确的模型。")&IF(J17>0,"在第3题中，使用了分类讨论的方法，成功取得了应得的分数。","在第3题中，对分类讨论思想应用不充分。")&IF(K17>0,"在第4题中，考虑了当数据较小时的得分方案，通过深度优先搜索取得了分数。","在第4题中，考虑了当数据较小时的得分方案，但对深度优先搜索的代码熟练度较低，代码出现了错误，导致严重失分。") -> 测试成绩分析：在第1题中，未能对金币使用与获取步骤进行数学上的运算优化。在第2题中，未能运用昨天所学的知识建立正确的模型。在第3题中，对分类讨论思想应用不充分。在第4题中，考虑了当数据较小时的得分方案，但对深度优先搜索的代码熟练度较低，代码出现了错误，导致严重失分。 | S17: 今天上午讲解了跃迁回路（维护区间最值）、贪吃蛇（针对第二阶段进行补充）以及如何对拍（有两份代码，一份完全正确但由于时间复杂度过大等原因不能完全通过，还有一份不知道对不对但满足题目的空间以及时间限制的代码，根据题目要求随机生成输入样例，对两份代码的输出结果进行比对，检查第二份代码是否正确）；下午进行了复赛模拟测试；晚上讲解了下午测试的题目：糖果游戏（贪心）、勇者比太郎（维护区间最值）、古堡法阵（分类讨论）以及训猫（LCA、并查集、DP）四道题。 | T17: 在一到二题中，由于是OI赛制，导致提交后不知道代码是否正确，对时间复杂度的计算错误，以为能通过，但代码时间复杂度过大，导致了TLE；在三到四题中，题目对思维要求过大，考点更多且更灵活，导致没有想出解法，特殊测试点给出的数据又较难，即使是部分分的写法也比较难，导致没有通过。 | U17: 对于LCA、并查集等知识点，只是会默写模板，不会在实际题目中灵活应用，所以我要多做这类灵活的思维题，提升思维能力、注意力和观察力、对知识点的灵活应用能力以及写代码的熟练度
A18: 10 | B18: 吴奕淳 | C18: 吴奕淳 | D18: B+ | E18: B+ | F18: B | G18: 50 | H18: 50 | I18: 0 | J18: 0 | K18: 0 | L18: =IF(H18=0,"C",IF(RANK(H18,$H$5:$H$20,0)<=ROUNDUP((COUNT($H$5:$H$20)-COUNTIF($H$5:$H$20,0))*25%,0),"A",IF(RANK(H18,$H$5:$H$20,0)<=ROUNDUP((COUNT($H$5:$H$20)-COUNTIF($H$5:$H$20,0))*50%,0),"A-",IF(RANK(H18,$H$5:$H$20,0)<=ROUNDUP((COUNT($H$5:$H$20)-COUNTIF($H$5:$H$20,0))*75%,0),"B+","B")))) -> B+ | M18: =IF(I18=0,"C",IF(RANK(I18,$I$5:$I$20,0)<=ROUNDUP((COUNT($I$5:$I$20)-COUNTIF($I$5:$I$20,0))*25%,0),"A",IF(RANK(I18,$I$5:$I$20,0)<=ROUNDUP((COUNT($I$5:$I$20)-COUNTIF($I$5:$I$20,0))*50%,0),"A-",IF(RANK(I18,$I$5:$I$20,0)<=ROUNDUP((COUNT($I$5:$I$20)-COUNTIF($I$5:$I$20,0))*75%,0),"B+","B")))) -> C | N18: =IF(J18=0,"C",IF(RANK(J18,$J$5:$J$20,0)<=ROUNDUP((COUNT($J$5:$J$20)-COUNTIF($J$5:$J$20,0))*25%,0),"A",IF(RANK(J18,$J$5:$J$20,0)<=ROUNDUP((COUNT($J$5:$J$20)-COUNTIF($J$5:$J$20,0))*50%,0),"A-",IF(RANK(J18,$J$5:$J$20,0)<=ROUNDUP((COUNT($J$5:$J$20)-COUNTIF($J$5:$J$20,0))*75%,0),"B+","B")))) -> C | O18: =IF(K18=0,"C",IF(RANK(K18,$K$5:$K$20,0)<=ROUNDUP((COUNT($K$5:$K$20)-COUNTIF($K$5:$K$20,0))*25%,0),"A",IF(RANK(K18,$K$5:$K$20,0)<=ROUNDUP((COUNT($K$5:$K$20)-COUNTIF($K$5:$K$20,0))*50%,0),"A-",IF(RANK(K18,$K$5:$K$20,0)<=ROUNDUP((COUNT($K$5:$K$20)-COUNTIF($K$5:$K$20,0))*75%,0),"B+","B")))) -> C | P18: =IF(G18<20,"C",IF(RANK(G18,$G$5:$G$20,0)<=ROUNDUP(COUNT($G$5:$G$20)*25%,0),"A",IF(RANK(G18,$G$5:$G$20,0)<=ROUNDUP(COUNT($G$5:$G$20)*50%,0),"A-",IF(RANK(G18,$G$5:$G$20,0)<=ROUNDUP(COUNT($G$5:$G$20)*75%,0),"B+","B")))) -> B | Q18: 今天的课回顾了之前几天做过的题目，奕淳积极的参与补题，有问题能够积极的向老师提问，不过需要注意补题不光要补正解，也需要补一下部分分代码。奕淳在本次测试中考的非常好。在第一道题中奕淳获取了部分分，奕淳能够发现题目的性质，通过贪心去实现代码，但是没有考虑到时间复杂度的问题导致超时，非常可惜。在第二道题中，奕淳想到了正解，但是在实现的时候遇到了问题，导致分数较低。总体来说奕淳本次发挥的有些失常，对于第一题和第二题，孩子会正解但是均没有做出来，这是比较可惜的，对于这种会正解的题目，尽可能需要多思考，结合对拍来查看代码错误，继续加油。 | R18: =IF(H18=100,"测试成绩分析：在第1题中，思考充分，对金币使用与获取步骤进行了计算的优化。","测试成绩分析：在第1题中，未能对金币使用与获取步骤进行数学上的运算优化。")&IF(I18=100,"在第2题中，成功建立了正确的模型并运用了昨天所学的知识。","在第2题中，未能运用昨天所学的知识建立正确的模型。")&IF(J18>0,"在第3题中，使用了分类讨论的方法，成功取得了应得的分数。","在第3题中，对分类讨论思想应用不充分。")&IF(K18>0,"在第4题中，考虑了当数据较小时的得分方案，通过深度优先搜索取得了分数。","在第4题中，考虑了当数据较小时的得分方案，但对深度优先搜索的代码熟练度较低，代码出现了错误，导致严重失分。") -> 测试成绩分析：在第1题中，未能对金币使用与获取步骤进行数学上的运算优化。在第2题中，未能运用昨天所学的知识建立正确的模型。在第3题中，对分类讨论思想应用不充分。在第4题中，考虑了当数据较小时的得分方案，但对深度优先搜索的代码熟练度较低，代码出现了错误，导致严重失分。 | S18: 今天学习了如何在比赛中使用对拍，并写了对拍模板。 （ 对拍：通过随机生成样例以及通过暴力代码检测自己的优化代码是否正确 ） 。同时在早上针对题目贪吃蛇的第二阶段进行了补充，复习了博弈论的知识。同时在题目 “ 跃迁回路 ” 和题 目“糖果游戏”中学习了破环成链的思想。“古堡法阵”中运用了分类讨论的思想并学习了通过观察数据范围推测做法的技巧。“训猫”中学习了如何从链上特性推导出树上特性。 | T18: 在题目“糖果游戏”中由于没注意到数据范围，导致写了一份大暴力的代码，最后TLE只拿了50分。在题目“勇者比太郎”中，虽然题目和昨天的”跃迁回路“类似，但昨天的代码页没有完全理解，导致今天的题目没有通过。同时在题目 “ 古堡法阵 ” 中，公式在推论时推错了，而且样例全部通过，让我以为AC了，最后全WA。同时因为在题目“古堡法阵”中耗时过多，题目“训猫”中只写了骗分代码就没太多时间了。 | U18: 多注意在一道题上用的时间，防止在一道题上耗时过久。多在OI赛制上使用对拍，减少出现以为自己AC了最后却出现各种意想不到的错误的情况。只会LCA，并查集等知识点的模板写法，在其他题目上不知道是这些知识点，所以应多练习类似的思维题，提升思维能力 。
A19: 11 | B19: 张世昌 | C19: 张世昌 | D19: B | E19: B | F19: B- | G19: 50 | H19: 50 | I19: 0 | J19: 0 | L19: =IF(H19=0,"C",IF(RANK(H19,$H$5:$H$20,0)<=ROUNDUP((COUNT($H$5:$H$20)-COUNTIF($H$5:$H$20,0))*25%,0),"A",IF(RANK(H19,$H$5:$H$20,0)<=ROUNDUP((COUNT($H$5:$H$20)-COUNTIF($H$5:$H$20,0))*50%,0),"A-",IF(RANK(H19,$H$5:$H$20,0)<=ROUNDUP((COUNT($H$5:$H$20)-COUNTIF($H$5:$H$20,0))*75%,0),"B+","B")))) -> B+ | M19: =IF(I19=0,"C",IF(RANK(I19,$I$5:$I$20,0)<=ROUNDUP((COUNT($I$5:$I$20)-COUNTIF($I$5:$I$20,0))*25%,0),"A",IF(RANK(I19,$I$5:$I$20,0)<=ROUNDUP((COUNT($I$5:$I$20)-COUNTIF($I$5:$I$20,0))*50%,0),"A-",IF(RANK(I19,$I$5:$I$20,0)<=ROUNDUP((COUNT($I$5:$I$20)-COUNTIF($I$5:$I$20,0))*75%,0),"B+","B")))) -> C | N19: =IF(J19=0,"C",IF(RANK(J19,$J$5:$J$20,0)<=ROUNDUP((COUNT($J$5:$J$20)-COUNTIF($J$5:$J$20,0))*25%,0),"A",IF(RANK(J19,$J$5:$J$20,0)<=ROUNDUP((COUNT($J$5:$J$20)-COUNTIF($J$5:$J$20,0))*50%,0),"A-",IF(RANK(J19,$J$5:$J$20,0)<=ROUNDUP((COUNT($J$5:$J$20)-COUNTIF($J$5:$J$20,0))*75%,0),"B+","B")))) -> C | O19: =IF(K19=0,"C",IF(RANK(K19,$K$5:$K$20,0)<=ROUNDUP((COUNT($K$5:$K$20)-COUNTIF($K$5:$K$20,0))*25%,0),"A",IF(RANK(K19,$K$5:$K$20,0)<=ROUNDUP((COUNT($K$5:$K$20)-COUNTIF($K$5:$K$20,0))*50%,0),"A-",IF(RANK(K19,$K$5:$K$20,0)<=ROUNDUP((COUNT($K$5:$K$20)-COUNTIF($K$5:$K$20,0))*75%,0),"B+","B")))) -> C | P19: =IF(G19<20,"C",IF(RANK(G19,$G$5:$G$20,0)<=ROUNDUP(COUNT($G$5:$G$20)*25%,0),"A",IF(RANK(G19,$G$5:$G$20,0)<=ROUNDUP(COUNT($G$5:$G$20)*50%,0),"A-",IF(RANK(G19,$G$5:$G$20,0)<=ROUNDUP(COUNT($G$5:$G$20)*75%,0),"B+","B")))) -> B | Q19: ="今天课堂主要解析了昨日测试中的第3题与第4题，第3题帮助大家梳理了动态规划的思路与优化技巧，第4题则再次应用了哈希方法解决字符串相关问题。今日测试采用OI赛制，贴近CSP-S复赛的实际氛围，"&C19&"在本次测试中的评级为"&P19&"。"&R19&IF(P19="A","整体发挥出色，能够熟练掌握知识并灵活运用到复杂题目中，思路清晰、逻辑严谨。在课后补题时，积极与同学分享思路，并协助解决代码上的问题，展现了良好的沟通和协作能力。期待能保持钻研精神，进一步拓展竞赛经验，持续提升自我。",IF(P19="A-","表现较为优良，基本能够掌握核心知识并解决大多数题目。但在细节处理和稳定性方面仍有提升空间。思路整体清晰，但在时间把控和题目细节上偶有疏漏。后续建议在复盘时更关注错题，总结薄弱环节，提升整体解题准确度。",IF(P19="B+","整体表现良好，掌握了大部分知识点，并能完成多数任务。但在分析题目时的深度和解题的完整性方面还有待加强。学习态度积极，后续应更加注重系统训练，多积累与归纳解题方法，从而提升稳定性和效率。",IF(P19="B","完成情况基本可以，能够理解部分知识点，但在综合运用与解决复杂问题时还存在一定困难。遇到挑战性较强的题目时容易受阻，说明基础尚需进一步扎实。建议分阶段巩固基础，并逐渐增加难度训练，以提升整体水平。",IF(P19="C","此次测试发挥不理想，暴露出一定的知识漏洞与方法不足。学习过程缺乏连贯性，遇到新题时往往难以找到突破口。建议从核心基础入手，逐步构建完整的知识体系，并针对性地弥补短板，以实现稳步提升。",""))))) -> 今天课堂主要解析了昨日测试中的第3题与第4题，第3题帮助大家梳理了动态规划的思路与优化技巧，第4题则再次应用了哈希方法解决字符串相关问题。今日测试采用OI赛制，贴近CSP-S复赛的实际氛围，张世昌在本次测试中的评级为B。测试成绩分析：在第1题中，未能对金币使用与获取步骤进行数学上的运算优化。在第2题中，未能运用昨天所学的知识建立正确的模型。在第3题中，对分类讨论思想应用不充分。在第4题中，考虑了当数据较小时的得分方案，但对深度优先搜索的代码熟练度较低，代码出现了错误，导致严重失分。完成情况基本可以，能够理解部分知识点，但在综合运用与解决复杂问题时还存在一定困难。遇到挑战性较强的题目时容易受阻，说明基础尚需进一步扎实。建议分阶段巩固基础，并逐渐增加难度训练，以提升整体水平。 | R19: =IF(H19=100,"测试成绩分析：在第1题中，思考充分，对金币使用与获取步骤进行了计算的优化。","测试成绩分析：在第1题中，未能对金币使用与获取步骤进行数学上的运算优化。")&IF(I19=100,"在第2题中，成功建立了正确的模型并运用了昨天所学的知识。","在第2题中，未能运用昨天所学的知识建立正确的模型。")&IF(J19>0,"在第3题中，使用了分类讨论的方法，成功取得了应得的分数。","在第3题中，对分类讨论思想应用不充分。")&IF(K19>0,"在第4题中，考虑了当数据较小时的得分方案，通过深度优先搜索取得了分数。","在第4题中，考虑了当数据较小时的得分方案，但对深度优先搜索的代码熟练度较低，代码出现了错误，导致严重失分。") -> 测试成绩分析：在第1题中，未能对金币使用与获取步骤进行数学上的运算优化。在第2题中，未能运用昨天所学的知识建立正确的模型。在第3题中，对分类讨论思想应用不充分。在第4题中，考虑了当数据较小时的得分方案，但对深度优先搜索的代码熟练度较低，代码出现了错误，导致严重失分。 | S19: 今天我们上午先把昨天的跃迁回路这道题回忆了一下，我们使用经典技巧——破环成链，再把链拆成左半段和右半段，再算这两段的最大值，最后加上起始平台编号，就可以了，我们还对昨天的贪吃蛇那道黑题进行了补充，学习了一些有关博弈论的知识，并且讲解了如何对拍，晚上对下午的题进行了讲解，知道了很多非常神秘的算法。 | T19: 今天下午测试中我在写第一题时，我试了试上午老师教我们的对拍，拍了两个半小时，结果交错了，交了个暴力代码，而且拖延了很多时间，第二题在昨天讲过的前提下，没有过，而且且没有写freopen，超时了。 | U19: 我还要是在比赛中更加认真一点，不要马虎，应该多加训练oi文件竞赛。
A20: 11 | B20: 金智宸 | C20: 金智宸 | D20: B | E20: B | F20: B- | G20: 46 | H20: 30 | I20: 16 | J20: 0 | K20: 0 | L20: =IF(H20=0,"C",IF(RANK(H20,$H$5:$H$20,0)<=ROUNDUP((COUNT($H$5:$H$20)-COUNTIF($H$5:$H$20,0))*25%,0),"A",IF(RANK(H20,$H$5:$H$20,0)<=ROUNDUP((COUNT($H$5:$H$20)-COUNTIF($H$5:$H$20,0))*50%,0),"A-",IF(RANK(H20,$H$5:$H$20,0)<=ROUNDUP((COUNT($H$5:$H$20)-COUNTIF($H$5:$H$20,0))*75%,0),"B+","B")))) -> B | M20: =IF(I20=0,"C",IF(RANK(I20,$I$5:$I$20,0)<=ROUNDUP((COUNT($I$5:$I$20)-COUNTIF($I$5:$I$20,0))*25%,0),"A",IF(RANK(I20,$I$5:$I$20,0)<=ROUNDUP((COUNT($I$5:$I$20)-COUNTIF($I$5:$I$20,0))*50%,0),"A-",IF(RANK(I20,$I$5:$I$20,0)<=ROUNDUP((COUNT($I$5:$I$20)-COUNTIF($I$5:$I$20,0))*75%,0),"B+","B")))) -> B | N20: =IF(J20=0,"C",IF(RANK(J20,$J$5:$J$20,0)<=ROUNDUP((COUNT($J$5:$J$20)-COUNTIF($J$5:$J$20,0))*25%,0),"A",IF(RANK(J20,$J$5:$J$20,0)<=ROUNDUP((COUNT($J$5:$J$20)-COUNTIF($J$5:$J$20,0))*50%,0),"A-",IF(RANK(J20,$J$5:$J$20,0)<=ROUNDUP((COUNT($J$5:$J$20)-COUNTIF($J$5:$J$20,0))*75%,0),"B+","B")))) -> C | O20: =IF(K20=0,"C",IF(RANK(K20,$K$5:$K$20,0)<=ROUNDUP((COUNT($K$5:$K$20)-COUNTIF($K$5:$K$20,0))*25%,0),"A",IF(RANK(K20,$K$5:$K$20,0)<=ROUNDUP((COUNT($K$5:$K$20)-COUNTIF($K$5:$K$20,0))*50%,0),"A-",IF(RANK(K20,$K$5:$K$20,0)<=ROUNDUP((COUNT($K$5:$K$20)-COUNTIF($K$5:$K$20,0))*75%,0),"B+","B")))) -> C | P20: =IF(G20<20,"C",IF(RANK(G20,$G$5:$G$20,0)<=ROUNDUP(COUNT($G$5:$G$20)*25%,0),"A",IF(RANK(G20,$G$5:$G$20,0)<=ROUNDUP(COUNT($G$5:$G$20)*50%,0),"A-",IF(RANK(G20,$G$5:$G$20,0)<=ROUNDUP(COUNT($G$5:$G$20)*75%,0),"B+","B")))) -> B | Q20: ="今天课堂主要解析了昨日测试中的第3题与第4题，第3题帮助大家梳理了动态规划的思路与优化技巧，第4题则再次应用了哈希方法解决字符串相关问题。今日测试采用OI赛制，贴近CSP-S复赛的实际氛围，"&C20&"在本次测试中的评级为"&P20&"。"&R20&IF(P20="A","整体发挥出色，能够熟练掌握知识并灵活运用到复杂题目中，思路清晰、逻辑严谨。在课后补题时，积极与同学分享思路，并协助解决代码上的问题，展现了良好的沟通和协作能力。期待能保持钻研精神，进一步拓展竞赛经验，持续提升自我。",IF(P20="A-","表现较为优良，基本能够掌握核心知识并解决大多数题目。但在细节处理和稳定性方面仍有提升空间。思路整体清晰，但在时间把控和题目细节上偶有疏漏。后续建议在复盘时更关注错题，总结薄弱环节，提升整体解题准确度。",IF(P20="B+","整体表现良好，掌握了大部分知识点，并能完成多数任务。但在分析题目时的深度和解题的完整性方面还有待加强。学习态度积极，后续应更加注重系统训练，多积累与归纳解题方法，从而提升稳定性和效率。",IF(P20="B","完成情况基本可以，能够理解部分知识点，但在综合运用与解决复杂问题时还存在一定困难。遇到挑战性较强的题目时容易受阻，说明基础尚需进一步扎实。建议分阶段巩固基础，并逐渐增加难度训练，以提升整体水平。",IF(P20="C","此次测试发挥不理想，暴露出一定的知识漏洞与方法不足。学习过程缺乏连贯性，遇到新题时往往难以找到突破口。建议从核心基础入手，逐步构建完整的知识体系，并针对性地弥补短板，以实现稳步提升。",""))))) -> 今天课堂主要解析了昨日测试中的第3题与第4题，第3题帮助大家梳理了动态规划的思路与优化技巧，第4题则再次应用了哈希方法解决字符串相关问题。今日测试采用OI赛制，贴近CSP-S复赛的实际氛围，金智宸在本次测试中的评级为B。测试成绩分析：在第1题中，未能对金币使用与获取步骤进行数学上的运算优化。在第2题中，未能运用昨天所学的知识建立正确的模型。在第3题中，对分类讨论思想应用不充分。在第4题中，考虑了当数据较小时的得分方案，但对深度优先搜索的代码熟练度较低，代码出现了错误，导致严重失分。完成情况基本可以，能够理解部分知识点，但在综合运用与解决复杂问题时还存在一定困难。遇到挑战性较强的题目时容易受阻，说明基础尚需进一步扎实。建议分阶段巩固基础，并逐渐增加难度训练，以提升整体水平。 | R20: =IF(H20=100,"测试成绩分析：在第1题中，思考充分，对金币使用与获取步骤进行了计算的优化。","测试成绩分析：在第1题中，未能对金币使用与获取步骤进行数学上的运算优化。")&IF(I20=100,"在第2题中，成功建立了正确的模型并运用了昨天所学的知识。","在第2题中，未能运用昨天所学的知识建立正确的模型。")&IF(J20>0,"在第3题中，使用了分类讨论的方法，成功取得了应得的分数。","在第3题中，对分类讨论思想应用不充分。")&IF(K20>0,"在第4题中，考虑了当数据较小时的得分方案，通过深度优先搜索取得了分数。","在第4题中，考虑了当数据较小时的得分方案，但对深度优先搜索的代码熟练度较低，代码出现了错误，导致严重失分。") -> 测试成绩分析：在第1题中，未能对金币使用与获取步骤进行数学上的运算优化。在第2题中，未能运用昨天所学的知识建立正确的模型。在第3题中，对分类讨论思想应用不充分。在第4题中，考虑了当数据较小时的得分方案，但对深度优先搜索的代码熟练度较低，代码出现了错误，导致严重失分。 | S20: csp-s模拟赛测试；贪吃蛇的博弈论问题；对于一些有环的题可以破环成链来帮助解题；对于上次讲的进行了补充与完善；对拍的作用，意义和如何用代码写出来，并讲述了一些C++文件读入和输出；运用(推出来的)数学公式&&分类讨论来解题；用dp配合其他(神秘)小寄巧(/数据结构)来解题；复习了dp，并查集，LCA，二分，前缀和等知识 | T20: 没有仔细看题的数据范围导致数组开小了，没有分配好时间导致来不及看后面的题，应该先思考可否暴力再去想正解来节约时间，先从自己擅长的题目再去做难的。昨天讲过类似的题但是没做出来 | U20: 比较复杂需要分很多类的博弈论问题，一些(神秘)数学公式是怎么推出来的，dp的(神秘)状态和转移方程&&是如何配合其他(神秘)寄巧来解题，必须要仔细地看题(来发现神秘小性质)，还需要多练题来锻炼思维来更好的解题。

Sheet Day6反馈表
A1: 暑假集训学习反馈卡
C5: 学员姓名 | E5: 邓宇然
C6: 代码能力 | H6: 理解能力 | M6: 综合评价
C8: =VLOOKUP(E5,day61!$B$1:$Z$99,3,FALSE) -> B+ | H8: =VLOOKUP(E5,day61!$B$1:$Z$99,4,FALSE) -> B+ | M8: =VLOOKUP(E5,day61!$B$1:$Z$99,5,FALSE) -> B+
C11: T1 | F11: T2 | I11: T3 | L11: T4 | O11: 考试情况综合
C13: =VLOOKUP(E5,day61!$B$1:$Z$99,11,FALSE) -> B+ | F13: =VLOOKUP(E5,day61!$B$1:$Z$99,12,FALSE) -> A- | I13: =VLOOKUP(E5,day61!$B$1:$Z$99,13,FALSE) -> C | L13: =VLOOKUP(E5,day61!$B$1:$Z$99,14,FALSE) -> C | O13: =VLOOKUP(E5,day61!$B$1:$Z$99,15,FALSE) -> B+
C17: 学生总结 | D17: 收获 (今天学到了/回忆起了什么知识) | I17: =VLOOKUP(E5,day61!$B$1:$Z$99,18,FALSE) -> 今天学习了在OI赛制中使用对拍检测自己代码是否正确，并且补充了昨晚讲剩下的 “ 博弈论 ” 。 在 “ 跃迁回路 ” 和 “ 勇者比太郎 ” 中学习了破环成链的思想。 “ 古堡法阵 ” 中运用了分类讨论的思想并学习了通过看数据范围推测做法的技巧 “ 训猫 ” 中学习了如何从链上特性推导出树上特性
D19: 反思 (在测试/学习中出现了什么失误/错误) | I19: =VLOOKUP(E5,day61!$B$1:$Z$99,19,FALSE) -> 在题目 “ 糖果游戏 ” 中不会优化代码的时间复杂度 ， 导致TLE错误； 且没有推理出 “ 古堡法阵 ” 中的多种情况与公式导致错误答案 未意识到 “ 跃迁回路 ” 和 “ 勇者比太郎 ” 是同类问题 ， 导致第二题只拿了部分分 //未意识到 “ 训猫 ” 是个树上问题
D21: 计划 (在什么知识点上还需要更多练习/讲解)" | I21: =VLOOKUP(E5,day61!$B$1:$Z$99,20,FALSE) -> 多练习题目，活跃思维，做题时多联想，找到与其相似的的模板或者相似的题，更有利于完成题目，注意不要在一道题上耗费太多时间，不然会导致有些题目没时间做
C22: 教师寄语 | D22: =VLOOKUP(E5,day61!$B$1:$Z$99,16,FALSE) -> 今天课堂主要解析了昨日测试中的第3题与第4题，第3题帮助大家梳理了动态规划的思路与优化技巧，第4题则再次应用了哈希方法解决字符串相关问题。今日测试采用OI赛制，贴近CSP-S复赛的实际氛围，邓宇然在本次测试中的评级为B+。测试成绩分析：在第1题中，未能对金币使用与获取步骤进行数学上的运算优化。在第2题中，未能运用昨天所学的知识建立正确的模型。在第3题中，对分类讨论思想应用不充分。在第4题中，考虑了当数据较小时的得分方案，但对深度优先搜索的代码熟练度较低，代码出现了错误，导致严重失分。整体表现良好，掌握了大部分知识点，并能完成多数任务。但在分析题目时的深度和解题的完整性方面还有待加强。学习态度积极，后续应更加注重系统训练，多积累与归纳解题方法，从而提升稳定性和效率。

Sheet day7
A1: 课程内容 | B1: 姓名 | C1: 代码能力 | D1: 理解能力 | E1: 综合评价 | F1: T1 | G1: T2 | H1: T3 | I1: T4 | J1: 考试总体表现 | K1: 总结 | L1: 反思 | M1: 计划 | N1: 反馈
A2: 今天的课程讲解昨天的 cf 比赛，讲解了关于 gcd 和 lcm 的做题技巧，以及如何使用根号分治把问题拆解成大小两个问题，然后去处理。【xx】积极的参与听讲，并且在听完后能积极的参与补题。 | B2: 杨涵语 | C2: A | D2: A | E2: A | F2: A | G2: B | H2: A | I2: A | J2: A | N2: =A2&N8&J8&F8&G8&H8&I8 -> 今天的课程讲解昨天的 cf 比赛，讲解了关于 gcd 和 lcm 的做题技巧，以及如何使用根号分治把问题拆解成大小两个问题，然后去处理。【xx】积极的参与听讲，并且在听完后能积极的参与补题。杨涵语在本次测试中考的非常好。杨涵语在第一道题中获取了满分，这是一道非常容易写错的题目，杨涵语能够观察到题目的关键性质，非常精细的实现模拟的代码。杨涵语在第二道题中获取了部分分，杨涵语有着不错的观察能力，观察到了性质，但是并不完全正确，需要多考虑下再实现。杨涵语在第三道题中获取较高的部分分，杨涵语对字符串较为熟悉，并且能够很好的对情况进行分类讨论，但是在实现的过程中遇到了困难。杨涵语在第四道题中较高的部分分，杨涵语有着不错的思维和代码实现能力，能完成多个内容的部分分。
F4: 【xx】在第一道题中获取了满分，这是一道非常容易写错的题目，【xx】能够观察到题目的关键性质，非常精细的实现模拟的代码。 | G4: 【xx】在第二道题中获取了满分，【xx】有着非常好的观察能力，能够快速的观察到题目的性质,并且能够快速实现代码。 | H4: 【xx】在第三道题中获取较高的部分分，【xx】对字符串较为熟悉，并且能够很好的对情况进行分类讨论，但是在实现的过程中遇到了困难。 | I4: 【xx】在第四道题中较高的部分分，【xx】有着不错的思维和代码实现能力，能完成多个内容的部分分。 | J4: 【xx】在本次测试中考的非常好。
F5: 【xx】在第一道题中获取了部分分，能够想到通过模拟去实现代码，但是没有考虑到时间复杂度的问题导致超时。 | G5: 【xx】在第二道题中获取了部分分，【xx】有着不错的观察能力，观察到了性质，但是并不完全正确，需要多考虑下再实现。 | H5: 【xx】在第三道题中获取部分分，【xx】对字符串较为熟悉，并且能够对一些简单的情况进行讨论。 | I5: 【xx】在第四道题中的部分分，【xx】能完成一个内容的部分分，在实现其他部分的代码时遇到了困难。 | J5: 【xx】在本次测试中考的不错。
F6: 在第一道题中，【xx】想到了做法，但是在细节上没有注意导致失分 | G6: 【xx】在第二道题中孩子没有观察到题目的性质，导致在做的时候无从下手，需要加强自己的观察能力 | J6: 【xx】在本次测试中考的一般。
F8: =SUBSTITUTE(IF(F2="A",F4,IF(F2="B",F5,IF(F2="C",F6,""))),"【xx】",B2) -> 杨涵语在第一道题中获取了满分，这是一道非常容易写错的题目，杨涵语能够观察到题目的关键性质，非常精细的实现模拟的代码。 | G8: =SUBSTITUTE(IF(G2="A",G4,IF(G2="B",G5,IF(G2="C",G6,""))),"【xx】",B2) -> 杨涵语在第二道题中获取了部分分，杨涵语有着不错的观察能力，观察到了性质，但是并不完全正确，需要多考虑下再实现。 | H8: =SUBSTITUTE(IF(H2="A",H4,IF(H2="B",H5,IF(H2="C",H6,""))),"【xx】",B2) -> 杨涵语在第三道题中获取较高的部分分，杨涵语对字符串较为熟悉，并且能够很好的对情况进行分类讨论，但是在实现的过程中遇到了困难。 | I8: =SUBSTITUTE(IF(I2="A",I4,IF(I2="B",I5,IF(I2="C",I6,""))),"【xx】",B2) -> 杨涵语在第四道题中较高的部分分，杨涵语有着不错的思维和代码实现能力，能完成多个内容的部分分。 | J8: =SUBSTITUTE(IF(J2="A",J4,IF(J2="B",J5,IF(J2="C",J6,""))),"【xx】",B2) -> 杨涵语在本次测试中考的非常好。
F9: 在剩下的题目中，钧维采取较好的比赛策略，获取了对应的部分分。总体来说，钧维考的不错，但是在获取部分分方面做的不够好，第三题有许多的分能拿，但是孩子没有基于部分分去实现，在一些题目较难的比赛中，需要及时调整自己的比赛策略，并不是所有题都要拿满分，继续加油。
F10: 总体来说，嘉润在班里的排名很高，能在题目中获取大量的部分分，但是嘉润需要注意自己的比赛策略，在模拟赛时，要尽量保证自己在第一题写出正解，这不仅是写一份代码这么简单，还需要通过对拍来验证，并不是一题代码写完就结束了，要用对拍来验证代码是否正确，继续加油。
B11: 仲钧维 | C11: A+ | D11: A+ | E11: A+ | F11: A+ | G11: A- | H11: B | I11: B | J11: A+ | K11: 树和图论，树状数组,启发式搜索，排列组合，矩阵快速幂 | L11: 在测试中没有想到更多的部分分写法 | M11: 离散化 | N11: 今天的课程讲解昨天的 cf 比赛，讲解了关于 gcd 和 lcm 的做题技巧，以及如何使用根号分治把问题拆解成大小两个问题，然后去处理。钧维在昨天的比赛中发挥出色，积极的参与听讲，并且在听完后能积极的参与补题。钧维在本次测试中考的非常好。钧维在第一道题中获取了满分，这是一道非常容易写错的题目，钧维能够观察到题目的关键性质，非常精细的实现模拟的代码。在剩下的题目中，钧维采取较好的比赛策略，获取了对应的部分分。总体来说，钧维考的不错，但是在获取部分分方面做的不够好，第三题有许多的分能拿，但是孩子没有基于部分分去实现，在一些题目较难的比赛中，需要及时调整自己的比赛策略，并不是所有题都要拿满分，继续加油。
B12: 沈奕 | C12: A+ | D12: A | E12: A | F12: A | G12: B | H12: B | I12: B | J12: A | K12: bfs dfs暴力枚举 两个变的量转换成一个变的量 for枚举 （动点脑子）思维 分类讨论 哈希，比较字符串是否相等 做点部分分 | L12: 想法很奇妙但写不出来 第三题要动点脑子，但感觉考试的时候脑子炸了 | M12: 树，图论，思维题 | N12: 今天的课程讲解昨天的 cf 比赛，讲解了关于 gcd 和 lcm 的做题技巧，以及如何使用根号分治把问题拆解成大小两个问题，然后去处理。沈奕在昨天的比赛中发挥出色，并且在听完后能积极的参与补题。沈奕在本次测试中考的非常好。沈奕在第一道题中获取了满分，这是一道非常容易写错的题目，沈奕能够观察到题目的关键性质，非常精细的实现模拟的代码。在剩下的题目中，沈奕采取较好的比赛策略，获取了对应的部分分。总体来说，沈奕发挥稳定，但是在获取部分分方面做的不够好，第三题有许多的分能拿，但是孩子没有基于部分分去实现，在一些题目较难的比赛中，需要及时调整自己的比赛策略，并不是所有题都要拿满分，继续加油。
B13: 赵可馨 | C13: A | D13: A | E13: A | F13: B | G13: A+ | H13: B | I13: B | J13: A | K13: 贪心 分类讨论 要打部分分 对拍 | L13: t1写错了 没打部分分 没对拍 t2写太慢了 t3部分分没拿完 规律没完全找出来 t4没有想出所有不合法情况 | M13: 树上问题 | N13: 今天的课程讲解昨天的 cf 比赛，讲解了关于 gcd 和 lcm 的做题技巧，以及如何使用根号分治把问题拆解成大小两个问题，然后去处理。可馨在昨天的比赛中发挥出色，并且在听完后能积极的参与补题。可馨在本次测试中考的非常好。可馨在第一道题中获取了部分分，可馨想到了做法，但是在细节上没有注意导致失分，非常可惜。可馨在第二道题中获取了满分，可馨有着非常好的观察能力，能够快速的观察到题目的性质,并且能够快速实现代码。在剩下的题目中，可馨采取较好的比赛策略，获取了对应的部分分。总体来说，可馨发挥稳定，但是在获取部分分方面做的不够好，第三题有许多的分能拿，但是孩子没有基于部分分去实现，在一些题目较难的比赛中，需要及时调整自己的比赛策略，并不是所有题都要拿满分，在某个难题中获取大量部分分，也是一种可行的策略，继续加油。
B14: 高煜涵 | C14: A- | D14: A- | E14: A- | F14: A | G14: B | H14: B | I14: B | J14: A- | K14: hash，分类讨论，树状数组，数学，二分，BFS，前缀，枚举，LCA，比赛策略 | L14: 名词的含义记错，没看题 | M14: 比赛策略 | N14: 今天的课程讲解昨天的 cf 比赛，讲解了关于 gcd 和 lcm 的做题技巧，以及如何使用根号分治把问题拆解成大小两个问题，然后去处理。煜涵昨天的比赛中发挥出色，并且在听完后能积极的参与补题。煜涵在本次测试中考的非常好。煜涵在第一道题中获取了满分，这是一道非常容易写错的题目，煜涵能够观察到题目的关键性质，非常精细的实现模拟的代码。在剩下的题目中，煜涵采取较好的比赛策略，获取了对应的部分分。总体来说，煜涵发挥出色，但是在获取部分分方面做的不够好，第三题有许多的分能拿，但是孩子没有基于部分分去实现，在一些题目较难的比赛中，需要及时调整自己的比赛策略，并不是所有题都要拿满分，在某个难题中获取大量部分分，也是一种可行的策略，继续加油。
B15: 张嘉润 | C15: B+ | D15: A- | E15: A- | F15: B | G15: A- | H15: B | I15: B | J15: A- | K15: 刀斧手、爆发式用于一些抽象的部分分； T1一些奇怪的if else | L15: CF C：i+=h的时候water++ T1：闹字怀调勒，数学不回来 T2：不造啊，回头打对拍 T3：没想到并发数 T4：看不懂思密达 CSP要打对拍 | M15: 思考题 | N15: 今天的课程讲解昨天的 cf 比赛，讲解了关于 gcd 和 lcm 的做题技巧，以及如何使用根号分治把问题拆解成大小两个问题，然后去处理。嘉润积极的参与听讲，并且在听完后能积极的参与补题。嘉润在本次测试中考的非常好。在第一道题中,嘉润想到了做法，但是在细节上没有注意导致失分。嘉润在第二道题中获取了部分分，嘉润有着不错的观察能力，观察到了性质，但是并不完全正确，需要多考虑下再实现。总体来说，嘉润在班里的排名很高，能在题目中获取大量的部分分，但是嘉润需要注意自己的比赛策略，在模拟赛时，要尽量保证自己在第一题写出正解，这不仅是写一份代码这么简单，还需要通过对拍来验证，并不是一题代码写完就结束了，要用对拍来验证代码是否正确，继续加油。
B16: 周天翊 | C16: B+ | D16: B+ | E16: B+ | F16: B | G16: A- | H16: B | I16: B | J16: A- | K16: 把昨天的Codeforces和下午的题目 再次巩固了哈希的编码技巧：基本用于回文，对比回文串 脑子吸收了比较特殊的技巧 | L16: 第一，OIの第一题全WA，是因为在写代码时直接把判断条件写错了 第二…… 第二题RE 100->30的经历告诉我下次比赛一定要看好题目范围，脑子想好再写 | M16: 基本无，就是编码的技巧以及看到题目想起计算算法的灵感 | N16: 今天的课程讲解昨天的 cf 比赛，讲解了关于 gcd 和 lcm 的做题技巧，以及如何使用根号分治把问题拆解成大小两个问题，然后去处理。天翊积极的参与听讲，并且在听完后能积极的参与补题。天翊在本次测试中考的不错。在第一道题中，天翊想到了做法，但是在细节上没有注意导致失分。天翊在第二道题中基本实现了正解，但是由于数组开小导致出错，非常可惜。总体来说，天翊在班里的排名很高，能在题目中获取大量的部分分，但是天翊需要注意自己的比赛策略，在模拟赛时，要尽量保证自己在第一题写出正解，这不仅是写一份代码这么简单，还需要通过对拍来验证，并不是一题代码写完就结束了，要用对拍来验证代码是否正确，继续加油。
B17: 李震轩 | C17: B+ | D17: B+ | E17: A- | F17: B | G17: A- | H17: B- | I17: B- | J17: B+ | K17: 哈希最大的用 - 字符串比较O(1) - 防止字符串重复 有一个数字转移成另一个 -> 图论 - 最小花费 -> 最短路 将合法问题 -> 全部 - 不合法 （分类: 分成不同情况） 算两次：将同一件事通过两个不同的方法算出来，对比 (CF 2126E) 枚举两个变量 -> 将一个变量固定，枚举另一个 -> 降低时间复杂度 | L17: T2: - 思路正确，map写错了导致运行不了 T3: - 没有想到BFS T4: - 没有时间看题，做题顺序用问题 -> 将所有问题都看一遍，再做 CF: - E: 没有想到思路 , 特判写错了 | M17: 转移问题 图论问题 代码能力 | N17: 今天的课程讲解昨天的 cf 比赛，讲解了关于 gcd 和 lcm 的做题技巧，以及如何使用根号分治把问题拆解成大小两个问题，然后去处理。震轩积极的参与听讲，并且在听完后能积极的参与补题。震轩在本次测试中发挥出色。在第一道题中，震轩想到了做法，但是在细节上没有注意导致失分。震轩在第二道题中获取了部分分，震轩有着不错的观察能力，观察到了性质，但是并不完全正确，需要多考虑下再实现。总体来说，震轩在班里的排名较高，能在题目中获取的部分分，但是震轩需要注意自己的比赛策略，在模拟赛时，要尽量保证自己在第一题写出正解，这不仅是写一份代码这么简单，还需要通过对拍来验证，并不是一题代码写完就结束了，要用对拍来验证代码是否正确，继续加油。 | P17: 数组开到 1e9 了
B18: 葛义 | C18: B | D18: B | E18: B | F18: B | G18: B | H18: B | I18: B | J18: B | K18: 哈希、对拍、数据与数据之间的转换、数组不能开得太大。 | L18: 没有将所有的情况考虑周全，如第一题中个位数没考虑。我在考试的时候应该通过对拍将第一题努力拿到满分，之后再到其它的题去争取部分分。 | M18: 对于题目含义的理解、STL容器的用法。 | N18: 今天的课程讲解昨天的 cf 比赛，讲解了关于 gcd 和 lcm 的做题技巧，以及如何使用根号分治把问题拆解成大小两个问题，然后去处理。葛义积极的参与听讲，并且在听完后能积极的参与补题。葛义在本次测试中考的不错。在第一道题中，葛义想到了做法，但是在细节上没有注意导致失分。葛义在第二道题中获取了部分分，震轩有着不错的观察能力，观察到了性质，但是并不完全正确，需要多考虑下再实现。总体来说，葛义发挥不错，能在题目中获取的部分分，但是葛义需要注意自己的比赛策略，在模拟赛时，要尽量保证自己在第一题写出正解，这不仅是写一份代码这么简单，还需要通过对拍来验证，并不是一题代码写完就结束了，要用对拍来验证代码是否正确，继续加油。
B19: 李宇轩 | C19: B | D19: B | E19: B | F19: B | G19: B | H19: B | I19: B | J19: B | K19: CFT5使用lcm来进行最合理的gcd，使其在YES的情况下与原来的相同 CFT3 O(n)优化，排序来便捷地找到可以飞跃的塔高 收获： CSP-S要打暴力，打对拍 | L19: T1暴力没打，想到满分思路（零分答案）后没有打最最简单的暴力，以至于爆零了 所以故事是这样的，我把if打成else if以至于少东西了 T2思路坏了，数学思路还错了，纯纯就是自己脑子没了 T3部分分写完十分自信，结果没有贪对，只拿了刀斧手的10分 T4少考虑了多种情况，但是我拿了输出零的10分 CSP-S要写暴力，要写对拍 | M19: Prim、Kruskal | N19: 今天的课程讲解昨天的 cf 比赛，讲解了关于 gcd 和 lcm 的做题技巧，以及如何使用根号分治把问题拆解成大小两个问题，然后去处理。宇轩积极的参与听讲，并且在听完后能积极的参与补题。宇轩在本次测试中考的不错。在第一道题中，宇轩想到了做法，但是在细节上没有注意导致失分。宇轩在第二道题中获取了部分分，宇轩有着不错的观察能力，观察到了性质，但是并不完全正确，需要多考虑下再实现。总体来说，宇轩发挥不错，能在题目中获取的部分分，但是宇轩需要注意自己的比赛策略，在模拟赛时，要尽量保证自己在第一题写出正解，这不仅是写一份代码这么简单，还需要通过对拍来验证，并不是一题代码写完就结束了，要用对拍来验证代码是否正确，继续加油。
B20: 杨涵语 | C20: B | D20: B | E20: B | F20: B | G20: B | H20: B | I20: B- | J20: B | K20: 早上CFT3学习到了将距离确定为一个定值使得维护数组更为简单； CFT4学习到了确定“收益不会下降”思想 CSP-S需要先打暴力 | L20: 没有确定T3中正确的操作决策即是将n一次加到2的正整数次幂 或是不用b操作，通过a操作和c操作达成目标。导致T3（a==0）和（a==b==c）的部分分获取失败;T1没有打暴力导致0分 | M20: prim不够熟练，树状数组还需练习 | N20: 今天的课程讲解昨天的 cf 比赛，讲解了关于 gcd 和 lcm 的做题技巧，以及如何使用根号分治把问题拆解成大小两个问题，然后去处理。涵语积极的参与听讲，并且在听完后能积极的参与补题。涵语在本次测试中考的不错。在第一道题中，涵语想到了做法，但是在细节上没有注意导致失分。在其他题目获取了对应的部分分。总体来说，涵语发挥不错，能在题目中获取的部分分，但是涵语需要注意自己的比赛策略，在模拟赛时，要尽量保证自己在第一题写出正解，这不仅是写一份代码这么简单，还需要通过对拍来验证，并不是一题代码写完就结束了，要用对拍来验证代码是否正确，继续加油。 | P20: 获取了第一题的首 A
B21: 徐恺睿 | C21: B | D21: B | E21: B+ | F21: B | G21: B | H21: B | I21: B- | J21: B | K21: 文件读写、4的倍数的判断、对拍（打OI要写部分分）、 打OI要写部分分 打OI要写部分分 打OI要写部分分 打OI要写部分分 打OI要写部分分 打OI要写部分分 打OI要写部分分 打OI要写部分分 打OI要写部分分 打OI要写部分分 打OI要写部分分 打OI要写部分分 打OI要写部分分 打OI要写部分分 打OI要写部分分 打OI要写部分分 打OI要写部分分 打OI要写部分分 打OI要写部分分 打OI要写部分分 打OI要写部分分 打OI要写部分分 打OI要写部分分 打OI要写部分分 打OI要写部分分 打OI要写部分分 打OI要写部分分 打OI要写部分分 打OI要写部分分 打OI要写部分分 打OI要写部分分 打OI要写部分分 打OI要写部分分 打OI要写部分分 打OI要写部分分 打OI要写部分分 打OI要写部分分 打OI要写部分分 打OI要写部分分 打OI要写部分分 打OI要写部分分 打OI要写部分分 打OI要写部分分 打OI要写部分分 打OI要写部分分 打OI要写部分分 打OI要写部分分 打OI要写部分分 打OI要写部分分 打OI要写部分分 | L21: 第一题人傻了，没想到暴力怎么写，特判写的脑子写炸了，不特判的做法也没想到 第二题题没看懂 第三题最后才开始写 第四题没看懂 | M21: 暴力枚举，读题 | N21: 今天的课程讲解昨天的 cf 比赛，讲解了关于 gcd 和 lcm 的做题技巧，以及如何使用根号分治把问题拆解成大小两个问题，然后去处理。恺睿积极的参与听讲，并且在听完后能积极的参与补题。恺睿在本次测试中考的不错。在第一道题中，恺睿想到了做法，但是在细节上没有注意导致失分。在其他题目获取了对应的部分分。总体来说，恺睿发挥不错，能在题目中获取的部分分，但是恺睿需要注意自己的比赛策略，在模拟赛时，要尽量保证自己在第一题写出正解，这不仅是写一份代码这么简单，还需要通过对拍来验证，并不是一题代码写完就结束了，要用对拍来验证代码是否正确，继续加油。
B22: 韩谨泽 | C22: B | D22: B- | E22: B | F22: B | G22: B | H22: B | I22: B- | J22: B | K22: 今天讲解了CF的练习题，并练习讲解了CSP-S复赛的练习题； 学会了如何通过暴力、DFS、BFS等方式先得到部分分，再进行推广得到更多分；通过数学方法解题； | L22: 首先，今天的测试不够理想。第一、二题思考不够全面；在开数组时出现失误（例如开1e9或开太小）；读题能力有待提高。 | M22: 做题后需检查数组大小、类型大小，读题要借助测试点的提示。 | N22: 今天的课程讲解昨天的 cf 比赛，讲解了关于 gcd 和 lcm 的做题技巧，以及如何使用根号分治把问题拆解成大小两个问题，然后去处理。谨泽积极的参与听讲，并且在听完后能积极的参与补题。谨泽在本次测试中考的不错。在第一道题中，谨泽想到了做法，但是在细节上没有注意导致失分。在其他题目获取了对应的部分分。总体来说，谨泽发挥不错，能在题目中获取的部分分，但是谨泽需要注意自己的比赛策略，在模拟赛时，要尽量保证自己在第一题写出正解，这不仅是写一份代码这么简单，还需要通过对拍来验证，并不是一题代码写完就结束了，要用对拍来验证代码是否正确，继续加油。
B23: 康煜琦 | C23: B+ | D23: B+ | E23: B+ | F23: B | G23: B | H23: B- | I23: B- | J23: B | K23: 打oi赛制要写对拍 打oi赛制要写暴力 打csp要写对拍 打csp要写暴力 打oi赛制要写对拍 打oi赛制要写暴力 打csp要写对拍 打csp要写暴力 打oi赛制要写对拍 打oi赛制要写暴力 打csp要写对拍 打csp要写暴力 打oi赛制要写对拍 打oi赛制要写暴力 打csp要写对拍 打csp要写暴力 打oi赛制要写对拍 打oi赛制要写暴力 打csp要写对拍 打csp要写暴力 哈希 文件读写 4的倍数 不要写一些奇奇怪怪的特判和又臭又长的代码（自己找不了bug | L23: oi爆零 T1T2对拍和暴力做法没想出来 但是有正解的思路 but写得又臭又长 找bug麻了 写一堆特判。。。 T2找到了规律 但是实现有问题 T3神秘dfs写错了 导致连特判a=0时候的十分都没有 | M23: 怎么想暴力 | N23: 今天的课程讲解昨天的 cf 比赛，讲解了关于 gcd 和 lcm 的做题技巧，以及如何使用根号分治把问题拆解成大小两个问题，然后去处理。煜琦积极的参与听讲，并且在听完后能积极的参与补题。煜琦在本次测试中考的不错。在第一道题中，煜琦想到了做法，但是在细节上没有注意导致失分。在其他题目获取了对应的部分分。总体来说，煜琦发挥不错，能在题目中获取的部分分，但是煜琦需要注意自己的比赛策略，在模拟赛时，要尽量保证自己在第一题写出正解，这不仅是写一份代码这么简单，还需要通过对拍来验证，并不是一题代码写完就结束了，要用对拍来验证代码是否正确，继续加油。
A31: 代码能力(当天最难的知识点 或 所有基础都理解就是A 或 班级表现前70%) A / B 理解能力(当天最难的知识点 或 所有基础都理解就是A 或 班级表现前70%) A / B 摸底测或代码模板默写(统称为小检测，4-5-1 对应A-B-C) A:30 B:20 C:10 最终表现 A类 >= 80分 B类 >= 60分 C类 < 60分

Sheet day71
A1: 2025⼩码王暑期集训 - 杭州营8⽉ 第二期-XP05-复赛模拟赛-04-一班
A4: 名次 | B4: 参赛者 | C4: 团队备注 | G4: 总分 | H4: T1 100 | I4: T2 100 | J4: T3 100 | K4: T4 100 | L4: T1评分 | M4: T2评分 | N4: T3评分 | O4: T4评分 | P4: 考试总体表现 | Q4: 反馈 | R4: 测试成绩分析
A5: 1 | B5: 陈一实 | C5: 陈一实 | D5: A | E5: A | F5: A+ | G5: 220 | H5: 100 | I5: 80 | J5: 30 | K5: 10 | L5: =IF(H5=0,"C",IF(RANK(H5,$H$5:$H$20,0)<=ROUNDUP((COUNT($H$5:$H$20)-COUNTIF($H$5:$H$20,0))*25%,0),"A",IF(RANK(H5,$H$5:$H$20,0)<=ROUNDUP((COUNT($H$5:$H$20)-COUNTIF($H$5:$H$20,0))*50%,0),"A-",IF(RANK(H5,$H$5:$H$20,0)<=ROUNDUP((COUNT($H$5:$H$20)-COUNTIF($H$5:$H$20,0))*75%,0),"B+","B")))) -> A | M5: =IF(I5=0,"C",IF(RANK(I5,$I$5:$I$20,0)<=ROUNDUP((COUNT($I$5:$I$20)-COUNTIF($I$5:$I$20,0))*25%,0),"A",IF(RANK(I5,$I$5:$I$20,0)<=ROUNDUP((COUNT($I$5:$I$20)-COUNTIF($I$5:$I$20,0))*50%,0),"A-",IF(RANK(I5,$I$5:$I$20,0)<=ROUNDUP((COUNT($I$5:$I$20)-COUNTIF($I$5:$I$20,0))*75%,0),"B+","B")))) -> A | N5: =IF(J5=0,"C",IF(RANK(J5,$J$5:$J$20,0)<=ROUNDUP((COUNT($J$5:$J$20)-COUNTIF($J$5:$J$20,0))*25%,0),"A",IF(RANK(J5,$J$5:$J$20,0)<=ROUNDUP((COUNT($J$5:$J$20)-COUNTIF($J$5:$J$20,0))*50%,0),"A-",IF(RANK(J5,$J$5:$J$20,0)<=ROUNDUP((COUNT($J$5:$J$20)-COUNTIF($J$5:$J$20,0))*75%,0),"B+","B")))) -> A | O5: =IF(K5=0,"C",IF(RANK(K5,$K$5:$K$20,0)<=ROUNDUP((COUNT($K$5:$K$20)-COUNTIF($K$5:$K$20,0))*25%,0),"A",IF(RANK(K5,$K$5:$K$20,0)<=ROUNDUP((COUNT($K$5:$K$20)-COUNTIF($K$5:$K$20,0))*50%,0),"A-",IF(RANK(K5,$K$5:$K$20,0)<=ROUNDUP((COUNT($K$5:$K$20)-COUNTIF($K$5:$K$20,0))*75%,0),"B+","B")))) -> A | P5: =IF(G5<20,"C",IF(RANK(G5,$G$5:$G$20,0)<=ROUNDUP(COUNT($G$5:$G$20)*25%,0),"A",IF(RANK(G5,$G$5:$G$20,0)<=ROUNDUP(COUNT($G$5:$G$20)*50%,0),"A-",IF(RANK(G5,$G$5:$G$20,0)<=ROUNDUP(COUNT($G$5:$G$20)*75%,0),"B+","B")))) -> A | Q5: 今天的课程讲解了两道近年的 csp 的动态规划的题目，老师带着大家从部分分入手，帮助大家感受了 dp 真题的难度，以及应该通过怎样的方式去思考。一实在本次测试中考的非常好。一实在第一道题中获取了满分，这是一道非常容易写错的题目，一实能够观察到题目的关键性质，非常精细的实现模拟的代码。在剩下的题目中，一实采取较好的比赛策略，获取了对应的部分分。总体来说，一实考的非常不错，在一些题目较难的比赛中，需要一实能够及时调整自己的比赛策略，在较难的题目中获取了大量的部分分，继续保持。 | R5: =IF(F5=100,"成绩分析：在第1题中，充分考虑到了特殊情况，取得了满分。",IF(F5=0,"成绩分析：在第1题中，对于今天早上讲解的对拍未能很好应用。","成绩分析：在第1题中，考虑到了特殊情况，但对数据较大时，考虑有疏漏。"))&IF(G5=100,"在第2题中，运用了贪心算法，成功获得了满分。",IF(G5=0,"在第2题中，想到了贪心算法，但对贪心的策略存在疏漏。","在第2题中，考虑到了用贪心算法解决问题，取得了较好的分数，但细节上仍有一些疏漏。"))&IF(H5=0,"在第3题中，考虑小数据时，细节上有一些疏忽。","在第3题中，考虑了特殊测试点，拿到了应得的分数。")&IF(I5=100,"在第4题中，很好地运用了容斥原理与分类讨论思想，取得了满分。",IF(I5=0,"在第4题中，考虑范围过大，未能注意到特殊测试点。","在第4题中，考虑到了特殊测试点，取得了应得的分数。")) -> 成绩分析：在第1题中，考虑到了特殊情况，但对数据较大时，考虑有疏漏。在第2题中，考虑到了用贪心算法解决问题，取得了较好的分数，但细节上仍有一些疏漏。在第3题中，考虑了特殊测试点，拿到了应得的分数。在第4题中，考虑到了特殊测试点，取得了应得的分数。 | S5: 1.上午讲解了两道比赛真题，都是DP的正解，巩固复习了一下DP的用法 2.下午还是比赛和讲解题目，复习巩固了了算法的思路，拓宽思维 *神秘技巧：通过样例和样例解析，更好的帮助自己理解题意 | T5: 在写代码的时候脑子宕机了，过程错了一大堆，后来没有时间检查了；还是要找到适合自己的时间安排 | U5: 需要学习的地方有很多，包括但不限于图论，搜索，数据结构等都需要补强
A6: 2 | B6: 祁靖轩 | C6: 祁靖轩 | D6: A+ | E6: A | F6: A+ | G6: 130 | H6: 100 | I6: 0 | J6: 20 | K6: 10 | L6: =IF(H6=0,"C",IF(RANK(H6,$H$5:$H$20,0)<=ROUNDUP((COUNT($H$5:$H$20)-COUNTIF($H$5:$H$20,0))*25%,0),"A",IF(RANK(H6,$H$5:$H$20,0)<=ROUNDUP((COUNT($H$5:$H$20)-COUNTIF($H$5:$H$20,0))*50%,0),"A-",IF(RANK(H6,$H$5:$H$20,0)<=ROUNDUP((COUNT($H$5:$H$20)-COUNTIF($H$5:$H$20,0))*75%,0),"B+","B")))) -> A | M6: =IF(I6=0,"C",IF(RANK(I6,$I$5:$I$20,0)<=ROUNDUP((COUNT($I$5:$I$20)-COUNTIF($I$5:$I$20,0))*25%,0),"A",IF(RANK(I6,$I$5:$I$20,0)<=ROUNDUP((COUNT($I$5:$I$20)-COUNTIF($I$5:$I$20,0))*50%,0),"A-",IF(RANK(I6,$I$5:$I$20,0)<=ROUNDUP((COUNT($I$5:$I$20)-COUNTIF($I$5:$I$20,0))*75%,0),"B+","B")))) -> C | N6: =IF(J6=0,"C",IF(RANK(J6,$J$5:$J$20,0)<=ROUNDUP((COUNT($J$5:$J$20)-COUNTIF($J$5:$J$20,0))*25%,0),"A",IF(RANK(J6,$J$5:$J$20,0)<=ROUNDUP((COUNT($J$5:$J$20)-COUNTIF($J$5:$J$20,0))*50%,0),"A-",IF(RANK(J6,$J$5:$J$20,0)<=ROUNDUP((COUNT($J$5:$J$20)-COUNTIF($J$5:$J$20,0))*75%,0),"B+","B")))) -> A- | O6: =IF(K6=0,"C",IF(RANK(K6,$K$5:$K$20,0)<=ROUNDUP((COUNT($K$5:$K$20)-COUNTIF($K$5:$K$20,0))*25%,0),"A",IF(RANK(K6,$K$5:$K$20,0)<=ROUNDUP((COUNT($K$5:$K$20)-COUNTIF($K$5:$K$20,0))*50%,0),"A-",IF(RANK(K6,$K$5:$K$20,0)<=ROUNDUP((COUNT($K$5:$K$20)-COUNTIF($K$5:$K$20,0))*75%,0),"B+","B")))) -> A | P6: =IF(G6<20,"C",IF(RANK(G6,$G$5:$G$20,0)<=ROUNDUP(COUNT($G$5:$G$20)*25%,0),"A",IF(RANK(G6,$G$5:$G$20,0)<=ROUNDUP(COUNT($G$5:$G$20)*50%,0),"A-",IF(RANK(G6,$G$5:$G$20,0)<=ROUNDUP(COUNT($G$5:$G$20)*75%,0),"B+","B")))) -> A | Q6: 今天的课程讲解了两道近年的 csp 的动态规划的题目，老师带着大家从部分分入手，帮助大家感受了 dp 真题的难度，以及应该通过怎样的方式去思考。靖轩在本次测试中考的非常好。靖轩在第一道题中获取了满分，这是一道非常容易写错的题目，靖轩能够观察到题目的关键性质，非常精细的实现模拟的代码。在剩下的题目中，靖轩采取较好的比赛策略，获取了对应的部分分。总体来说，靖轩发挥稳定，但是在获取部分分方面做的不够好，第三题有许多的分能拿，但是孩子没有基于部分分去实现，在一些题目较难的比赛中，需要及时调整自己的比赛策略，并不是所有题都要拿满分，继续加油。 | R6: =IF(F6=100,"成绩分析：在第1题中，充分考虑到了特殊情况，取得了满分。",IF(F6=0,"成绩分析：在第1题中，对于今天早上讲解的对拍未能很好应用。","成绩分析：在第1题中，考虑到了特殊情况，但对数据较大时，考虑有疏漏。"))&IF(G6=100,"在第2题中，运用了贪心算法，成功获得了满分。",IF(G6=0,"在第2题中，想到了贪心算法，但对贪心的策略存在疏漏。","在第2题中，考虑到了用贪心算法解决问题，取得了较好的分数，但细节上仍有一些疏漏。"))&IF(H6=0,"在第3题中，考虑小数据时，细节上有一些疏忽。","在第3题中，考虑了特殊测试点，拿到了应得的分数。")&IF(I6=100,"在第4题中，很好地运用了容斥原理与分类讨论思想，取得了满分。",IF(I6=0,"在第4题中，考虑范围过大，未能注意到特殊测试点。","在第4题中，考虑到了特殊测试点，取得了应得的分数。")) -> 成绩分析：在第1题中，考虑到了特殊情况，但对数据较大时，考虑有疏漏。在第2题中，考虑到了用贪心算法解决问题，取得了较好的分数，但细节上仍有一些疏漏。在第3题中，考虑了特殊测试点，拿到了应得的分数。在第4题中，考虑范围过大，未能注意到特殊测试点。 | S6: 今天上午进行了CSP-S真题练习,下午进行了测试,晚上讲解了测试题.今天的练习主要与数学和逻辑思维有关,感觉很充实,也让我的思维活跃.一天一天的反复训练看似枯燥乏味,其实是因为我们正在那条成功的路上砥砺前行,宝剑锋从磨砺出,梅花香自苦寒来. | T6: 在测试的第2题中没能从题目样例提供的信息出发推导整题性质而只是傻傻的跟着题目要求做,最后导致爆0,却没有想到只要稍微注意一下性质,这道题就可以通过,从而获得一个较为可观的分数. | U6: dp数组的状态设计和转移,以及应该在什么题目上使用DP(该怎么识别一道题目的考点(可以)是DP).
A7: 3 | B7: 吴奕淳 | C7: 吴奕淳 | D7: A | E7: A | F7: A | G7: 120 | H7: 0 | I7: 100 | J7: 10 | K7: 10 | L7: =IF(H7=0,"C",IF(RANK(H7,$H$5:$H$20,0)<=ROUNDUP((COUNT($H$5:$H$20)-COUNTIF($H$5:$H$20,0))*25%,0),"A",IF(RANK(H7,$H$5:$H$20,0)<=ROUNDUP((COUNT($H$5:$H$20)-COUNTIF($H$5:$H$20,0))*50%,0),"A-",IF(RANK(H7,$H$5:$H$20,0)<=ROUNDUP((COUNT($H$5:$H$20)-COUNTIF($H$5:$H$20,0))*75%,0),"B+","B")))) -> C | M7: =IF(I7=0,"C",IF(RANK(I7,$I$5:$I$20,0)<=ROUNDUP((COUNT($I$5:$I$20)-COUNTIF($I$5:$I$20,0))*25%,0),"A",IF(RANK(I7,$I$5:$I$20,0)<=ROUNDUP((COUNT($I$5:$I$20)-COUNTIF($I$5:$I$20,0))*50%,0),"A-",IF(RANK(I7,$I$5:$I$20,0)<=ROUNDUP((COUNT($I$5:$I$20)-COUNTIF($I$5:$I$20,0))*75%,0),"B+","B")))) -> A | N7: =IF(J7=0,"C",IF(RANK(J7,$J$5:$J$20,0)<=ROUNDUP((COUNT($J$5:$J$20)-COUNTIF($J$5:$J$20,0))*25%,0),"A",IF(RANK(J7,$J$5:$J$20,0)<=ROUNDUP((COUNT($J$5:$J$20)-COUNTIF($J$5:$J$20,0))*50%,0),"A-",IF(RANK(J7,$J$5:$J$20,0)<=ROUNDUP((COUNT($J$5:$J$20)-COUNTIF($J$5:$J$20,0))*75%,0),"B+","B")))) -> B+ | O7: =IF(K7=0,"C",IF(RANK(K7,$K$5:$K$20,0)<=ROUNDUP((COUNT($K$5:$K$20)-COUNTIF($K$5:$K$20,0))*25%,0),"A",IF(RANK(K7,$K$5:$K$20,0)<=ROUNDUP((COUNT($K$5:$K$20)-COUNTIF($K$5:$K$20,0))*50%,0),"A-",IF(RANK(K7,$K$5:$K$20,0)<=ROUNDUP((COUNT($K$5:$K$20)-COUNTIF($K$5:$K$20,0))*75%,0),"B+","B")))) -> A | P7: =IF(G7<20,"C",IF(RANK(G7,$G$5:$G$20,0)<=ROUNDUP(COUNT($G$5:$G$20)*25%,0),"A",IF(RANK(G7,$G$5:$G$20,0)<=ROUNDUP(COUNT($G$5:$G$20)*50%,0),"A-",IF(RANK(G7,$G$5:$G$20,0)<=ROUNDUP(COUNT($G$5:$G$20)*75%,0),"B+","B")))) -> A | Q7: 今天的课程讲解了两道近年的 csp 的动态规划的题目，老师带着大家从部分分入手，帮助大家感受了 dp 真题的难度，以及应该通过怎样的方式去思考。奕淳在本次测试中考的非常好。在第一道题中，奕淳想到了做法，但是在细节上没有注意导致失分，非常可惜。奕淳在第二道题中获取了满分，奕淳有着非常好的观察能力，能够快速的观察到题目的性质,并且能够快速实现代码。在剩下的题目中，奕淳采取较好的比赛策略，获取了对应的部分分。总体来说，奕淳发挥稳定，但是在获取部分分方面做的不够好，第三题有许多的分能拿，但是孩子没有基于部分分去实现，在一些题目较难的比赛中，需要及时调整自己的比赛策略，并不是所有题都要拿满分，在某个难题中获取大量部分分，也是一种可行的策略，继续加油。 | R7: =IF(F7=100,"成绩分析：在第1题中，充分考虑到了特殊情况，取得了满分。",IF(F7=0,"成绩分析：在第1题中，对于今天早上讲解的对拍未能很好应用。","成绩分析：在第1题中，考虑到了特殊情况，但对数据较大时，考虑有疏漏。"))&IF(G7=100,"在第2题中，运用了贪心算法，成功获得了满分。",IF(G7=0,"在第2题中，想到了贪心算法，但对贪心的策略存在疏漏。","在第2题中，考虑到了用贪心算法解决问题，取得了较好的分数，但细节上仍有一些疏漏。"))&IF(H7=0,"在第3题中，考虑小数据时，细节上有一些疏忽。","在第3题中，考虑了特殊测试点，拿到了应得的分数。")&IF(I7=100,"在第4题中，很好地运用了容斥原理与分类讨论思想，取得了满分。",IF(I7=0,"在第4题中，考虑范围过大，未能注意到特殊测试点。","在第4题中，考虑到了特殊测试点，取得了应得的分数。")) -> 成绩分析：在第1题中，考虑到了特殊情况，但对数据较大时，考虑有疏漏。在第2题中，考虑到了用贪心算法解决问题，取得了较好的分数，但细节上仍有一些疏漏。在第3题中，考虑小数据时，细节上有一些疏忽。在第4题中，很好地运用了容斥原理与分类讨论思想，取得了满分。 | S7: 今天上午老师讲解了消消乐和染色两道题，复习了线性动态规划的知识，在线性动态规划的转移中可以使用一个数组来记录前面最后出现的相同的对象的下标。同时在下午讲解了：“4”（贪心，主要考思维），“数据缺失”（需要注意力）两道题。 | T7: 在下午的比赛题目“4”中，忽略了数据可能是只有一位的情况，没有进行特判，导致没有通过；同时在对拍的时候，rand的太大了，没有随机到一些特殊的样例；同时有一些暴力代码也写错了，导致对拍的时候没发现自己的错误，想拿的分也没拿到。 | U7: 在对拍时应将数据范围降低到自己容易检查的范围，同时多测试一些极端点的样例（如数据范围的最低和最高），多检查几遍暴力代码，多测试暴力代码，尽量保证暴力代码的正确。同时多练习思维题，提升思维能力。
A8: 3 | B8: 练皓文 | C8: 练皓文 | D8: A | E8: A- | F8: A | G8: 120 | H8: 100 | I8: 10 | J8: 10 | K8: 0 | L8: =IF(H8=0,"C",IF(RANK(H8,$H$5:$H$20,0)<=ROUNDUP((COUNT($H$5:$H$20)-COUNTIF($H$5:$H$20,0))*25%,0),"A",IF(RANK(H8,$H$5:$H$20,0)<=ROUNDUP((COUNT($H$5:$H$20)-COUNTIF($H$5:$H$20,0))*50%,0),"A-",IF(RANK(H8,$H$5:$H$20,0)<=ROUNDUP((COUNT($H$5:$H$20)-COUNTIF($H$5:$H$20,0))*75%,0),"B+","B")))) -> A | M8: =IF(I8=0,"C",IF(RANK(I8,$I$5:$I$20,0)<=ROUNDUP((COUNT($I$5:$I$20)-COUNTIF($I$5:$I$20,0))*25%,0),"A",IF(RANK(I8,$I$5:$I$20,0)<=ROUNDUP((COUNT($I$5:$I$20)-COUNTIF($I$5:$I$20,0))*50%,0),"A-",IF(RANK(I8,$I$5:$I$20,0)<=ROUNDUP((COUNT($I$5:$I$20)-COUNTIF($I$5:$I$20,0))*75%,0),"B+","B")))) -> B+ | N8: =IF(J8=0,"C",IF(RANK(J8,$J$5:$J$20,0)<=ROUNDUP((COUNT($J$5:$J$20)-COUNTIF($J$5:$J$20,0))*25%,0),"A",IF(RANK(J8,$J$5:$J$20,0)<=ROUNDUP((COUNT($J$5:$J$20)-COUNTIF($J$5:$J$20,0))*50%,0),"A-",IF(RANK(J8,$J$5:$J$20,0)<=ROUNDUP((COUNT($J$5:$J$20)-COUNTIF($J$5:$J$20,0))*75%,0),"B+","B")))) -> B+ | O8: =IF(K8=0,"C",IF(RANK(K8,$K$5:$K$20,0)<=ROUNDUP((COUNT($K$5:$K$20)-COUNTIF($K$5:$K$20,0))*25%,0),"A",IF(RANK(K8,$K$5:$K$20,0)<=ROUNDUP((COUNT($K$5:$K$20)-COUNTIF($K$5:$K$20,0))*50%,0),"A-",IF(RANK(K8,$K$5:$K$20,0)<=ROUNDUP((COUNT($K$5:$K$20)-COUNTIF($K$5:$K$20,0))*75%,0),"B+","B")))) -> C | P8: =IF(G8<20,"C",IF(RANK(G8,$G$5:$G$20,0)<=ROUNDUP(COUNT($G$5:$G$20)*25%,0),"A",IF(RANK(G8,$G$5:$G$20,0)<=ROUNDUP(COUNT($G$5:$G$20)*50%,0),"A-",IF(RANK(G8,$G$5:$G$20,0)<=ROUNDUP(COUNT($G$5:$G$20)*75%,0),"B+","B")))) -> A | Q8: 今天的课程讲解了两道近年的 csp 的动态规划的题目，老师带着大家从部分分入手，帮助大家感受了 dp 真题的难度，以及应该通过怎样的方式去思考。 皓文在本次测试中考的不错。皓文在第一道题中获取了满分，这是一道非常容易写错的题目，皓文能够观察到题目的关键性质，非常精细的实现模拟的代码。在剩下的题目中，皓文采取较好的比赛策略，获取了对应的部分分。总体来说，皓文发挥出色，但是在获取部分分方面做的不够好，第三题有许多的分能拿，但是孩子没有基于部分分去实现，在一些题目较难的比赛中，需要及时调整自己的比赛策略，并不是所有题都要拿满分，在某个难题中获取大量部分分，也是一种可行的策略，继续加油。 | R8: =IF(F8=100,"成绩分析：在第1题中，充分考虑到了特殊情况，取得了满分。",IF(F8=0,"成绩分析：在第1题中，对于今天早上讲解的对拍未能很好应用。","成绩分析：在第1题中，考虑到了特殊情况，但对数据较大时，考虑有疏漏。"))&IF(G8=100,"在第2题中，运用了贪心算法，成功获得了满分。",IF(G8=0,"在第2题中，想到了贪心算法，但对贪心的策略存在疏漏。","在第2题中，考虑到了用贪心算法解决问题，取得了较好的分数，但细节上仍有一些疏漏。"))&IF(H8=0,"在第3题中，考虑小数据时，细节上有一些疏忽。","在第3题中，考虑了特殊测试点，拿到了应得的分数。")&IF(I8=100,"在第4题中，很好地运用了容斥原理与分类讨论思想，取得了满分。",IF(I8=0,"在第4题中，考虑范围过大，未能注意到特殊测试点。","在第4题中，考虑到了特殊测试点，取得了应得的分数。")) -> 成绩分析：在第1题中，考虑到了特殊情况，但对数据较大时，考虑有疏漏。在第2题中，考虑到了用贪心算法解决问题，取得了较好的分数，但细节上仍有一些疏漏。在第3题中，考虑了特殊测试点，拿到了应得的分数。在第4题中，考虑到了特殊测试点，取得了应得的分数。 | S8: 今天上午讲解了消消乐和染色两道题，复习了线性动态规划的知识，在装填转移的过程中，可以使用一个数组来记录前面最后出现的相同的下表；下午进行了复赛模拟练习；晚上对四道题目中的前两道：4（基础算法+思维）、数据缺失（基础算法+观察力+注意力）进行了讲解。 | T8: 在测试中，第一题的代码第一时间没有完全正确，调试了许久、测试了许多组样例才通过，导致在T2~T4的时间减少；在写第二题的时候，对于题目的样例计算失误，导致没有第一时间理解题目的意思，花费了过长的时间去理解样例，再加上第一题的投入时间过长，导致时间不够写出第二题；在做第三题时，理解了题目的含义，但不知道用什么样的算法去解这道题，只能用dfs枚举，同时还没有写特判和记忆化，导致只拿到了10分；第四题则是完全没看懂。 | U8: 要多练习思维题，加快对题目的理解速度，提升对代码的理解能力，提高写代码的熟练度，提升注意列、观察力和思维能力，尽量多做一些难题，比如蓝题或者绿题，提升对难题的思考能力。
A9: 4 | B9: 熊子轩 | C9: 熊子轩 | D9: A- | E9: A- | F9: A | G9: 120 | H9: 0 | I9: 100 | J9: 20 | K9: 0 | L9: =IF(H9=0,"C",IF(RANK(H9,$H$5:$H$20,0)<=ROUNDUP((COUNT($H$5:$H$20)-COUNTIF($H$5:$H$20,0))*25%,0),"A",IF(RANK(H9,$H$5:$H$20,0)<=ROUNDUP((COUNT($H$5:$H$20)-COUNTIF($H$5:$H$20,0))*50%,0),"A-",IF(RANK(H9,$H$5:$H$20,0)<=ROUNDUP((COUNT($H$5:$H$20)-COUNTIF($H$5:$H$20,0))*75%,0),"B+","B")))) -> C | M9: =IF(I9=0,"C",IF(RANK(I9,$I$5:$I$20,0)<=ROUNDUP((COUNT($I$5:$I$20)-COUNTIF($I$5:$I$20,0))*25%,0),"A",IF(RANK(I9,$I$5:$I$20,0)<=ROUNDUP((COUNT($I$5:$I$20)-COUNTIF($I$5:$I$20,0))*50%,0),"A-",IF(RANK(I9,$I$5:$I$20,0)<=ROUNDUP((COUNT($I$5:$I$20)-COUNTIF($I$5:$I$20,0))*75%,0),"B+","B")))) -> A | N9: =IF(J9=0,"C",IF(RANK(J9,$J$5:$J$20,0)<=ROUNDUP((COUNT($J$5:$J$20)-COUNTIF($J$5:$J$20,0))*25%,0),"A",IF(RANK(J9,$J$5:$J$20,0)<=ROUNDUP((COUNT($J$5:$J$20)-COUNTIF($J$5:$J$20,0))*50%,0),"A-",IF(RANK(J9,$J$5:$J$20,0)<=ROUNDUP((COUNT($J$5:$J$20)-COUNTIF($J$5:$J$20,0))*75%,0),"B+","B")))) -> A- | O9: =IF(K9=0,"C",IF(RANK(K9,$K$5:$K$20,0)<=ROUNDUP((COUNT($K$5:$K$20)-COUNTIF($K$5:$K$20,0))*25%,0),"A",IF(RANK(K9,$K$5:$K$20,0)<=ROUNDUP((COUNT($K$5:$K$20)-COUNTIF($K$5:$K$20,0))*50%,0),"A-",IF(RANK(K9,$K$5:$K$20,0)<=ROUNDUP((COUNT($K$5:$K$20)-COUNTIF($K$5:$K$20,0))*75%,0),"B+","B")))) -> C | P9: =IF(G9<20,"C",IF(RANK(G9,$G$5:$G$20,0)<=ROUNDUP(COUNT($G$5:$G$20)*25%,0),"A",IF(RANK(G9,$G$5:$G$20,0)<=ROUNDUP(COUNT($G$5:$G$20)*50%,0),"A-",IF(RANK(G9,$G$5:$G$20,0)<=ROUNDUP(COUNT($G$5:$G$20)*75%,0),"B+","B")))) -> A | Q9: 今天的课程讲解了两道近年的 csp 的动态规划的题目，老师带着大家从部分分入手，帮助大家感受了 dp 真题的难度，以及应该通过怎样的方式去思考。熊子轩在本次测试中获得的等级为A。成绩分析：在第1题中，考虑到了特殊情况，但对数据较大时，考虑有疏漏。在第2题中，考虑到了用贪心算法解决问题，取得了较好的分数，但细节上仍有一些疏漏。在第3题中，考虑小数据时，细节上有一些疏忽。在第4题中，很好地运用了容斥原理与分类讨论思想，取得了满分。总体来说，子轩表现优秀，能够熟练掌握核心知识点，并能在复杂问题中灵活应用。思路清晰、逻辑完整，且在课后交流中能够积极分享想法，帮助同学解决难题，展现了扎实的基础与良好的团队精神。希望继续保持探索的热情，积累更多竞赛经验，进一步提升综合实力。 | R9: =IF(F9=100,"成绩分析：在第1题中，充分考虑到了特殊情况，取得了满分。",IF(F9=0,"成绩分析：在第1题中，对于今天早上讲解的对拍未能很好应用。","成绩分析：在第1题中，考虑到了特殊情况，但对数据较大时，考虑有疏漏。"))&IF(G9=100,"在第2题中，运用了贪心算法，成功获得了满分。",IF(G9=0,"在第2题中，想到了贪心算法，但对贪心的策略存在疏漏。","在第2题中，考虑到了用贪心算法解决问题，取得了较好的分数，但细节上仍有一些疏漏。"))&IF(H9=0,"在第3题中，考虑小数据时，细节上有一些疏忽。","在第3题中，考虑了特殊测试点，拿到了应得的分数。")&IF(I9=100,"在第4题中，很好地运用了容斥原理与分类讨论思想，取得了满分。",IF(I9=0,"在第4题中，考虑范围过大，未能注意到特殊测试点。","在第4题中，考虑到了特殊测试点，取得了应得的分数。")) -> 成绩分析：在第1题中，考虑到了特殊情况，但对数据较大时，考虑有疏漏。在第2题中，考虑到了用贪心算法解决问题，取得了较好的分数，但细节上仍有一些疏漏。在第3题中，考虑小数据时，细节上有一些疏忽。在第4题中，很好地运用了容斥原理与分类讨论思想，取得了满分。 | S9: 今天上午学习了染色和消消乐两道题目，染色时如果存在相邻的相同数字，我们可以把他染成一种颜色，再把两边的数字染成另一种颜色，这样就能得到局部最优答案，通过这个思路，我们可以想到使用dp来解决，但还要解决的一个问题是对 (n^2)的dp代码优化我们只需要加一个数组记录i上一次出现的位置这样就能优化成o(n)的复杂度，第二道题消消乐是一道类似于括号序列的题目，我们可以固定左端点，通过栈模拟消除，当栈空时答案+1，对于随机样例，我们可以大胆猜测其合法字串长度较小，使用我们可以枚举较小的数字通过这些子任务。 | T9: 今天的测试T1的代码出现了错误导致没有得到分数，是因为少了一个特判，T3的n小于5的分数没有拿到 | U9: 多加练习对拍，争取下次不要在简单题目上出现漏了一些特判的失误。造样例时要造一些特殊样例
A10: 5 | B10: 郭维皓 | C10: 郭维皓 | D10: A- | E10: A- | F10: A- | G10: 110 | H10: 0 | I10: 80 | J10: 30 | K10: 0 | L10: =IF(H10=0,"C",IF(RANK(H10,$H$5:$H$20,0)<=ROUNDUP((COUNT($H$5:$H$20)-COUNTIF($H$5:$H$20,0))*25%,0),"A",IF(RANK(H10,$H$5:$H$20,0)<=ROUNDUP((COUNT($H$5:$H$20)-COUNTIF($H$5:$H$20,0))*50%,0),"A-",IF(RANK(H10,$H$5:$H$20,0)<=ROUNDUP((COUNT($H$5:$H$20)-COUNTIF($H$5:$H$20,0))*75%,0),"B+","B")))) -> C | M10: =IF(I10=0,"C",IF(RANK(I10,$I$5:$I$20,0)<=ROUNDUP((COUNT($I$5:$I$20)-COUNTIF($I$5:$I$20,0))*25%,0),"A",IF(RANK(I10,$I$5:$I$20,0)<=ROUNDUP((COUNT($I$5:$I$20)-COUNTIF($I$5:$I$20,0))*50%,0),"A-",IF(RANK(I10,$I$5:$I$20,0)<=ROUNDUP((COUNT($I$5:$I$20)-COUNTIF($I$5:$I$20,0))*75%,0),"B+","B")))) -> A | N10: =IF(J10=0,"C",IF(RANK(J10,$J$5:$J$20,0)<=ROUNDUP((COUNT($J$5:$J$20)-COUNTIF($J$5:$J$20,0))*25%,0),"A",IF(RANK(J10,$J$5:$J$20,0)<=ROUNDUP((COUNT($J$5:$J$20)-COUNTIF($J$5:$J$20,0))*50%,0),"A-",IF(RANK(J10,$J$5:$J$20,0)<=ROUNDUP((COUNT($J$5:$J$20)-COUNTIF($J$5:$J$20,0))*75%,0),"B+","B")))) -> A | O10: =IF(K10=0,"C",IF(RANK(K10,$K$5:$K$20,0)<=ROUNDUP((COUNT($K$5:$K$20)-COUNTIF($K$5:$K$20,0))*25%,0),"A",IF(RANK(K10,$K$5:$K$20,0)<=ROUNDUP((COUNT($K$5:$K$20)-COUNTIF($K$5:$K$20,0))*50%,0),"A-",IF(RANK(K10,$K$5:$K$20,0)<=ROUNDUP((COUNT($K$5:$K$20)-COUNTIF($K$5:$K$20,0))*75%,0),"B+","B")))) -> C | P10: =IF(G10<20,"C",IF(RANK(G10,$G$5:$G$20,0)<=ROUNDUP(COUNT($G$5:$G$20)*25%,0),"A",IF(RANK(G10,$G$5:$G$20,0)<=ROUNDUP(COUNT($G$5:$G$20)*50%,0),"A-",IF(RANK(G10,$G$5:$G$20,0)<=ROUNDUP(COUNT($G$5:$G$20)*75%,0),"B+","B")))) -> A- | Q10: 今天的课程讲解了两道近年的 csp 的动态规划的题目，老师带着大家从部分分入手，帮助大家感受了 dp 真题的难度，以及应该通过怎样的方式去思考。维皓在本次测试中考的非常好。在第一道题中,维皓想到了做法，但是在细节上没有注意导致失分。维皓在第二道题中获取了部分分，维皓有着不错的观察能力，观察到了性质，但是并不完全正确，需要多考虑下再实现。总体来说，维皓在班里的排名很高，能在题目中获取大量的部分分，但是维皓需要注意自己的比赛策略，在模拟赛时，要尽量保证自己在第一题写出正解，这不仅是写一份代码这么简单，还需要通过对拍来验证，并不是一题代码写完就结束了，要用对拍来验证代码是否正确，继续加油。 | R10: =IF(F10=100,"成绩分析：在第1题中，充分考虑到了特殊情况，取得了满分。",IF(F10=0,"成绩分析：在第1题中，对于今天早上讲解的对拍未能很好应用。","成绩分析：在第1题中，考虑到了特殊情况，但对数据较大时，考虑有疏漏。"))&IF(G10=100,"在第2题中，运用了贪心算法，成功获得了满分。",IF(G10=0,"在第2题中，想到了贪心算法，但对贪心的策略存在疏漏。","在第2题中，考虑到了用贪心算法解决问题，取得了较好的分数，但细节上仍有一些疏漏。"))&IF(H10=0,"在第3题中，考虑小数据时，细节上有一些疏忽。","在第3题中，考虑了特殊测试点，拿到了应得的分数。")&IF(I10=100,"在第4题中，很好地运用了容斥原理与分类讨论思想，取得了满分。",IF(I10=0,"在第4题中，考虑范围过大，未能注意到特殊测试点。","在第4题中，考虑到了特殊测试点，取得了应得的分数。")) -> 成绩分析：在第1题中，考虑到了特殊情况，但对数据较大时，考虑有疏漏。在第2题中，考虑到了用贪心算法解决问题，取得了较好的分数，但细节上仍有一些疏漏。在第3题中，考虑小数据时，细节上有一些疏忽。在第4题中，考虑到了特殊测试点，取得了应得的分数。 | S10: DP如果转移dp【i】需要找一个相等的值，暴力需要*N线性做，但可以用一个数组维护第一个出现位置O（1） 对拍：数据特殊时按要求造数据做一遍 造数据不要造太大，让人能看 | T10: T1逻辑不完备，if嵌套导致逻辑混乱 T2没有注意到a[i]中数字可能重复 T3dfs出错 | U10: 提升对拍小技巧，多关注考试时间分配
